writing	reading	meaning	level
会う	あう	to meet with, see, meet again or for the first time; to come across, meet by accident, bump into; to gather, to come together; to receive guests etc.	N5
青	あお	blue; one of three primary colors; a shade of blue to blue green; green; short for 青信号 (aoshingō): green light (traffic light color, as the color of plants); the black, bluish color of a horse's hair; also, such a horse; short for 青短 (aotan): one of the three hanafuda cards bearing a blue 短冊 (tanzaku, “narrow card used for poetry”); a 役 (yaku) of the three aotan cards, worth 3 points; a blue card in 天正カルタ (Tenshō karuta); short for 青本 (aohon, “a blue-green covered book containing summaries of plays, histories, and legends”); short for 青銭 (aosen, “a 4 mon coin in circulation from 1768”); unripe, young; a female given name; a surname	N5
青い	あおい	blue; green; pale; unripe; green (inexperienced)	N5
赤	あか	red (color); communism, socialism; a communist; entirely	N5
赤い	あかい	red (color)	N5
明い	あかるい	bright	N5
秋	あき	autumn, fall (season)	N5
開く	あく	to open; to begin	N5
開ける	あける	to open; to make (a hole)	N5
上げる	あげる	to raise, to lift; to give (usually not written with kanji); to utter; to cry; to produce; to raise (a voice)	N5
朝	あさ	the morning	N5
朝御飯	あさごはん	breakfast	N5
あさって	あさって	day after tomorrow	N5
足	あし	foot; enough, sufficient; satisfy, fulfill; counter for pairs of socks, shoes, etc.	N5
明日	あした	tomorrow; a female given name	N5
あそこ	あそこ	that place, area, or part over there (far from the speaker and the addressee); that organization or team over there (far from the speaker and the addressee); that place, area, or part we both know (both the speaker and the addressee know); that organization or team we both know (both the speaker and the addressee know); genitals	N5
遊ぶ	あそぶ	play, amuse oneself, enjoy oneself; spend one's time idle, do nothing; for an item not to be in use, be spare or idle	N5
暖かい	あたたかい	physically warm; financially well off, rich; thoughtful, understanding, emotionally warm	N5
頭	あたま	head (body part); the fontanelle part of the skull	N5
新しい	あたらしい	new, novel; latest, recent; modern; fresh	N5
あちら	あちら	彼方: that way; that over there, far away, in the distance; that person	N5
暑い	あつい	hot, baking (of weather)	N5
熱い	あつい	hot (of an object or feeling); hot, feverish; ardent, enthusiastic, impassionate; passionate (of love between a couple)	N5
厚い	あつい	熱い: (of an object or feeling) hot; 熱い: (of one's body temperature) hot, feverish; 熱い: ardent, enthusiastic, impassionate; 熱い: (of love between a couple) passionate; 暑い: (of weather) hot, baking; 厚い: thick; 厚い, 篤い, 惇い, 淳い: hearty, sincere, warm; 篤い: (of sickness) serious	N5
あっち	あっち	alternative form of あちら; I (first person pronoun)	N5
後	あと	the back, the rear, behind; later time, afterwards, some time after the present; time after death; the next person or thing; instead, in place of; successor; descendants, offspring; wife of remarriage; the rest; certain part, space or thing left; memory of the deceased; one's virtue that remains after death; afterwards, then	N5
貴方	あなた	your house, your residence; you (used to address someone of equal social footing)	N5
兄	あに	elder brother; elder brother-in-law; short for 花の兄 (hana no ani): alternative name for the 梅 (ume), the Japanese plum (Prunus mume)	N5
姉	あね	elder sister	N5
あの	あの	similar to English er or umm, said when hesitating in speech; similar to English uh, space filler or pause during conversation	N5
アパート	あぱーと	apartment; apartment building, apartment block	N5
あびる	あびる	to bathe, to shower	N5
危ない	あぶない	dangerous, critical, perilous, risky; uncertain, unreliable, insecure; limping, narrow, close; Watch out!	N5
甘い	あまい	sweet, sugary, mellow; lacking saltiness; indulgent, soft; careless, lacking, lax; fragrant (of odor), melodious (of sound)	N5
あまり	あまり	not very	N5
雨	あめ	rain, rainfall; a rainy weather; something falling like rain; The willow or rain suit in a hanafuda deck, representing the month of November and the number eleven in most of Japan (June and six in 虫花 (mushibana) decks, February and two in games from the Nagoya region, and December and twelve in Korea)	N5
飴	あめ	candy	N5
洗う	あらう	to wash	N5
有る	ある	to exist, to be, to have; 有る: (inanimate) to exist, be in existence; 在る: (inanimate) to be at a location; to be located; 有る: (animate) to exist, with the existence considered objective and abstract; 有る: to happen, occur; to be performed, carried out; 在る: to be put in a certain location, position or situation; 有る: to have a certain number, amount, size, etc.; 有る: (of time) to pass, go by; 有る: (of a matter or state) to be recognized, be acknowledged; 在る: to depend on, lie in, be influenced by; 在る, 存る: to be alive, surviving; to have; 有る: to be owned, be possessed; 有る: to be a characteristic or ability; to be included as a part; 有る: (of thoughts, emotions or sensations) to be felt; Indicating that something has a particular quality or is in a particular state; Indicating that the result of a certain action or behavior has continued until now.; Indicating that something is done in advance; Indicating that the action or effect is currently ongoing.; Judging that something has a certain nature or state based on its explanation; or simply expressing assertion (see: である (de aru)); Expressing respect toward the person performing the action; certain, one, some	N5
歩く	あるく	to walk; to walk through some kind of place	N5
あれ	あれ	あれ, アレ: (informal, euphemistic) \"you know what I mean\"; huh? (expression of surprise and confusion when talking to yourself); imperative of あり (ari, “to exist”); (modern language) imperative of ある (aru, “to exist”)	N5
いい	いい	good; enough, not wanted any more; Indicates permission; can, may; stem or continuative form of いう (iu)	N5
良い	よい	good; easy	N5
いいえ	いいえ	no; yes (in response to negative questions), disagree; Response to words of gratitude.	N5
言う	いう	to say, to tell somebody; to call, to name, to give a name; to cry, to call, to make a noise (such as an animal)	N5
家	いえ	a house; one's own home; a home, household; a family	N5
いかが	いかが	how	N5
行く	いく	to go; to come to one's place; to be delivered; to depart; to rely (on a method); to age; to go well; After the て-form of a verb:; to continue to do something; to go on to do something; to gradually do something; イく: (slang) to have an orgasm, to come, to cum	N5
いくつ	いくつ	幾つ: how many; 幾つ: how old (used with small children)	N5
いくら	いくら	how much, how many; no matter how much (many), however much, with all (something)	N5
池	いけ	pond, lake, moat; object used for storage; a surname	N5
医者	いしゃ	doctor	N5
いす	いす	chair	N5
忙しい	いそがしい	busy; restless, fidgety	N5
痛い	いたい	painful; イタい: (slang) cringy; embarrassing; wonderful, pleasant	N5
一	いち	one, 1; term relating to the number one:; the first in order, foremost; the beginning; the best; a kind of; one of something; an ace; unity; the bottom string of a shamisen or other Japanese musical instrument; the best in …; the most in …; a surname	N5
一日	いちにち	one day, 24 hours; the daytime, the period from dawn until dusk; a short period of time; one day, someday, an unspecified day; the first day of the month	N5
いちばん	いちばん	best, first	N5
何時	いつ	what time, when	N5
五日	いつか	the fifth day of the month; five days	N5
一緒	いっしょ	combined, merged, unified; same, identical (of two or more things); combination; a state which is combined; meeting	N5
五つ	いつつ	five things	N5
いつも	いつも	always, invariably, all the time; usually; never; the usual, ordinary	N5
犬	いぬ	dog, canine; servant; one who is loyal (like a dog); spy	N5
今	いま	now; just now; soon; now; present	N5
意味	いみ	a meaning; a significance; a point; meaning; definition; to mean, signify, imply	N5
妹	いもうと	one's own younger sister; the wife of one's younger brother; one's sister-in-law; a younger female; one's sister regardless of age difference; younger sister	N5
嫌	いや	disagreeable, unpleasant, disgusting, offensive, abhorrent; yuck, ew; no, incorrect; Exclamation of surprise in contrast to expectations.; Exclamation used when one finds it difficult to onboard.; the act of respecting one; reverence	N5
入口	いりぐち	entrance	N5
居る	いる	to exist, to be; to have; Used as a 補助動詞 (hojo dōshi), after a verb in the て (-te) conjunctive form. Note that ている (-te iru) colloquially shortens to てる (-teru), ていた (-te ita) colloquially shortens to てた (-teta), etc.; Indicates a progressive or continuative tense: to be doing; Indicates a regular, repetitive action.; Indicates a state resulting from the action.; to sit	N5
要る	いる	to be necessary, to be needed	N5
入れる	いれる	to put (something) in; to admit (someone) in; to tuck in (clothing)	N5
色	いろ	color; the metaphorical color or mood; one's facial coloring or expression; the shape of one's face or appearance; more specifically, beautiful looks or a beautiful figure; lively elegance, enjoyable or interesting charm; apparent thoughtfulness, warmheartedness; the feeling or mood of a thing; the tenor or timber of a voice or sound; in Noh, a section that is chanted at a medium pace; alternately, a decorative poetic section; in 浄瑠璃 (jōruri, “puppet show narrative”), a lively section that is neither strictly dialog nor narration, but has many elements of dialog; when playing the koto, pushing on a string with the fingers of the left hand to change the pitch of a note, or for vibrato; something related to romantic or sexual love, particularly between genders; the emotions or circumstances of attraction between genders; extramarital relations, an affair; an extramarital lover; a prostitute; a red-light district; the type or kind of something; various specific kinds of color:; lipstick or rouge; soy sauce; paint; of exceptional beauty of form or appearance; knowledgeable about lovemaking, sensual; lascivious, lecherous; elegant, tasteful, refined	N5
いろいろ	いろいろ	various	N5
上	うえ	the above; the top (position or direction); the surface; superiority (in skill, age, level, etc.); suffix addressing to a superior; a surname	N5
後ろ	うしろ	the back, the behind, the rear (both spatially and temporally); one's backside	N5
薄い	うすい	thin; thin, weak, diluted	N5
歌	うた	a song; poetry	N5
歌う	うたう	歌う, 唄う: (transitive, intransitive) to sing; 謡う: (specifically) to sing a noh song; 詠う, 咏う: (transitive) to compose poetry; 詠う, 咏う: (transitive, intransitive) to recite poetry; 歌う, 唄う: (intransitive) to tweet, said of birds; 謳う: to state, praise (for own good)	N5
生まれる	うまれる	to be born; to come into existence	N5
海	うみ	a sea, an ocean; a lake; an object covering over a large area, as in 血の海 (chi no umi, “pool of blood”) or 火の海 (hi no umi, “sea of fire”); a mare (dark surface of a celestial body, thought to appear like a sea); in a 硯 (suzuri, “inkstone”), a reservoir where water is stored; a female given name	N5
売る	うる	to sell something (to agree to transfer goods); to sell someone out, to betray; to agitate, to incite	N5
煩い	うるさい	overwhelmingly thorough (often in a positive way); excessive, repetitive (in a negative way); so thoroughly knowledgeable and particular about something as to be annoying to others: picky, nitpicking, fussy; pushy, bossy, overly particular and demanding; excellent of technique (particularly for a performance); extremely strained, faked, insincere, affected; oppressive and annoying in a surrounding and overwhelming way; noisy, loud; annoying, irritating; troublesome, bothersome, irksome (usually in reference to having to do something); dirty, messy, causing a bad feeling; shut up; stop it	N5
上着	うわぎ	coat, jacket; outerwear; outermost robe of women's formal court dress, worn over the 打衣 (uchiginu) and under the 唐衣 (karaginu)	N5
絵	え	picture, painting; drawing, sketch	N5
映画	えいが	movie, film	N5
映画館	えいがかん	cinema, movie theater	N5
英語	えいご	the English language	N5
ええ	ええ	yes, indeed; oh (utterance of surprise); well, let me see; what?; good	N5
駅	えき	station (train, underground/subway); a government-run post-station where officials could get horses, food, lodging	N5
エレベーター	えれべーたー	an elevator (US) or lift (UK)	N5
鉛筆	えんぴつ	a pencil (graphite writing-instrument)	N5
おいしい	おいしい	delicious	N5
多い	おおい	there are many, there is much, there are numerous, there is an abundance, there amply exists, abounding	N5
大きい	おおきい	big; broad, immense; important; crucial	N5
大きな	おおきな	big, large	N5
大勢	おおぜい	in a crowd, as a crowd; a crowd, a large number of people	N5
お母さん	おかあさん	mother; one's mother	N5
お菓子	おかし	sweet, confection; candy; pastry, cake, cookie	N5
お金	おかね	money	N5
起きる	おきる	to wake up; to stay up, to stay awake; to get up, to sit up; to occur, to happen	N5
置く	おく	to put, place, set; to leave (something); to do something in advance as preparation; to do and keep in that state	N5
奥さん	おくさん	wife (referring to someone else's wife, not one's own); married woman	N5
お酒	おさけ	alcohol, sake	N5
お皿	おさら	plate, dish	N5
おじいさん	おじいさん	grandfather, male senior citizen	N5
教える	おしえる	to inform, to teach, to instruct; to tell	N5
おじさん	おじさん	uncle, middle aged gentleman	N5
押す	おす	to push; to thrust; to shove; to press; to stamp; to focus one's attack; to ignore an injury; to persuade	N5
遅い	おそい	遅い: slow, late (as in delayed); 遅い, 晩い: late (as in during the day)	N5
お茶	おちゃ	tea, usually green tea; tea ceremony; snack with tea or coffee; the act of having tea; go out for tea	N5
お手洗い	おてあらい	a restroom, a toilet, a lavatory, a bathroom	N5
お父さん	おとうさん	father	N5
弟	おとうと	one’s own younger brother; a younger male; younger brother	N5
男	おとこ	a male person; a man, an adult male; 男, 漢: (specifically) a manly man; a male lover; a manservant; a husband; an unmarried young man; homosexuality; a surname	N5
男の子	おとこのこ	a boy	N5
一昨日	おととい	the day before yesterday, two days ago	N5
一昨年	おととし	the year before last, two years ago	N5
大人	おとな	an adult, a grown-up; a leader:; an elder of a group or community; in the late Muromachi period, the representative of a village or guild; the head lady-in-waiting; one's wife; in the Edo period, a kind of civil servant working in Nagasaki; the head servant; mature; grown-up; adult; sexual	N5
おなか	おなか	stomach	N5
同じ	おなじ	same, identical; common, similar; anyhow, anyway; The iteration mark 々, which indicates that the previous kanji ought to be repeated.	N5
お兄さん	おにいさん	elder brother; you, he, him (a non-aged male stranger)	N5
お姉さん	おねえさん	elder sister: used as term of address to one's own older sister, and to refer to other people's older sisters; young woman, young lady	N5
おばあさん	おばあさん	grandmother, female senior-citizen	N5
伯母さん	おばさん	an aunt who is older than one's parent	N5
お風呂	おふろ	bath, the equipment used for taking a bath such as a private bathtub or public bathing area; the room in which baths are taken, a bathroom (only for taking baths); a public bath, a public bathhouse	N5
お弁当	おべんとう	boxed lunch, bento, lunchbox	N5
覚える	おぼえる	覚える, 憶える: to recall, to remember; to learn; 覚える, 憶える: to memorize; to feel (an emotion or sense)	N5
おまわりさん	おまわりさん	a policeman, a policewoman, a police officer	N5
重い	おもい	heavy; sluggish; slow; congested; having poor performance; large	N5
おもしろい	おもしろい	Interesting	N5
泳ぐ	およぐ	to swim; to act freely while being monitored (in the possibility that one will do something incriminating); used in the causative 泳がす、泳がせる (oyogasu, oyogaseru, “to let someone act freely and monitor them”)	N5
降りる	おりる	get off, disembark; descend, go down; step down, retire; give up, quit	N5
終る	おわる	to finish	N5
音楽	おんがく	music	N5
女	おんな	a female person; a woman, an adult female; a wife; a mistress, concubine; a maid; a prostitute; a woman's appearance or quality; a feminine object; the object in a pairing which is smaller, gentler, etc. than the other; girlfriend	N5
女の子	おんなのこ	a child that is female; a girl; a woman	N5
外国	がいこく	foreign country	N5
外国人	がいこくじん	a foreigner, a person from a foreign country; an alien, a foreign national; a person who is not Japanese	N5
会社	かいしゃ	a company	N5
階段	かいだん	stairs, staircase; ladder, a series of steps to advancement to be followed in order	N5
買い物	かいもの	shopping, buying; purchased goods; to shop, to buy	N5
買う	かう	to buy; to value, to appreciate, to have a high opinion of someone; to provoke someone, to stir	N5
返す	かえす	to return (something); to repeat, to redo	N5
帰る	かえる	to go home, return; to leave, walk away; to get to home plate	N5
掛かる	かかる	to hang; to suspend or float in a high position as if suspended; to be poured over something; to fall and cover something; to go across; to go from one side to the other; to be set up; to be constructed or erected; to be entrapped; to be tricked; to be affected with something bad; to function; to work; to worry; to be imposed as a burden (on someone); to require, to take time or money, to cost; to begin; to start; to attack; to assault; to hang	N5
鍵	かぎ	key (tool for opening or locking something); key; clue (important fact for solving something); lock	N5
書く	かく	to write; to record (words, figures) on the surface of (something); to compose; to put (an idea, etc) into words	N5
学生	がくせい	a student (usually of a university, sometimes of a high school)	N5
掛ける	かける	to hang (a picture, etc.), to hoist, to raise (a flag), to fly (a kite); to multiply; to sit (on a chair or bench, but not on the floor); to speak, to give (an order etc.), to call out, to call on the telephone; to pour onto, to shake onto, to splash, to drip; to wear a piece of clothing; to pun (謎掛け); to address someone, to direct, to do (something to someone); to be about to, to begin; in the middle of, to begin (and not yet complete); times (multiplication)	N5
傘	かさ	umbrella (cloth-covered frame used for protection against rain or sun); bell; umbrella (of a jellyfish)	N5
貸す	かす	to lend; to let someone use; to lease; to rent out; (British English) to hire out	N5
風	かぜ	wind (movement of air); airs; a style	N5
風邪	かぜ	a cold (illness)	N5
家族	かぞく	a family, a household	N5
方	かた	person; way, method (of doing)	N5
学校	がっこう	school (institution dedicated to teaching and learning)	N5
カップ	かっぷ	cup or mug, specifically, one with a handle.; prize cup; cup, a unit of measure; cup, a part of a brassiere	N5
家庭	かてい	family; household	N5
角	かど	a corner (e.g., of a desk; compare 隅); an edge; a street corner; a surname	N5
鞄	かばん	a bag, satchel, briefcase, or handbag (often made of leather or canvas)	N5
花瓶	かびん	vase	N5
紙	かみ	paper	N5
カメラ	かめら	camera; video camera; movie camera; surveillance camera	N5
火曜日	かようび	Tuesday	N5
辛い	からい	spicy hot; salty; bitter, not sweet; harsh	N5
体	からだ	counter for humanoid objects; the body (e.g., of a human or animal); the torso excluding the limbs: the trunk, abdomen; a substance, matter; a form, shape; field (commutative ring with invertible nonzero elements); an outward appearance, look, aspect	N5
借りる	かりる	to borrow; to rent; to owe	N5
軽い	かるい	light, lightweight; slight, light, mild; easy; talkative	N5
カレー	かれー	Indian curry; Japanese curry rice	N5
カレンダー	かれんだー	calendar; calender	N5
川	かわ	river, stream, brook	N5
河	かわ	river; river: a player's discard pile	N5
かわいい	かわいい	Cute	N5
漢字	かんじ	kanji	N5
木	き	a tree or shrub; wood, timber, lumber; a tree (data structure); a clapper used to signal the opening or closing of a match or play	N5
黄色	きいろ	yellow	N5
黄色い	きいろい	yellow; high-pitched	N5
消える	きえる	to disappear, to vanish, (of a fire or light) to go out; to die	N5
聞く	きく	聞く, 聴く: to hear, to listen; to obey; 聞く, 訊く: to ask a question; to smell, sniff	N5
北	きた	north (cardinal point); the North (northern part of a region); a northerly, north wind; short for 北の方 (kita no kata): northward; a developed country; Kita (one of 23 special wards in Tokyo prefecture, Japan); the red-light district north of Edo Castle; a surname; a female given name; to go northwards	N5
ギター	ぎたー	a guitar	N5
汚い	きたない	dirty; untidy, messy; mean, unfair; illegible	N5
喫茶店	きっさてん	Café; tea house; tearoom; coffee shop, kissaten	N5
切手	きって	a stamp; a substitute for postage stuck to the postcard	N5
切符	きっぷ	train ticket	N5
昨日	きのう	yesterday	N5
九	きゅう	nine; 究: an indeterminate large number, a myriad, a great many; the number of yang, in opposition to 六 (roku, “six”) as the number of yin	N5
九	く	nine; the ninth	N5
牛肉	ぎゅうにく	cow meat; beef	N5
牛乳	ぎゅうにゅう	cow's milk	N5
今日	きょう	today, this day; nowadays; Same as こんにち above	N5
教室	きょうしつ	classroom	N5
兄弟	きょうだい	brothers; 姉妹, 兄妹, 姉弟: (by extension) siblings in general; brothers and sisters; brethren (brotherhood, fellowship)	N5
去年	きょねん	last year	N5
嫌い	きらい	hateful, detestable, disagreeable; discriminating, distinctive; discrimination, distinction; a suspicion, a tendency, to smack of; in 俳諧 (haikai) and 連歌 (renga), arrangement of verses that tend to be avoided or otherwise disliked	N5
切る	きる	to cut, to slice, to carve; cut down, fell, chop down; prune, trim, shear; cut flat things such as cloth or paper; cut a person with a sword, cut down, kill; separate from the main body, cut off, break away; perform an action as if by cutting; discontinue an action, cut off, break off, turn off, hang up; cut or sever connection with; cut off or divide by or as if by partition; perform an action boldly; go under, be less than (numerically); to remove; to run out; finish, be through; perform an action thoroughly or decisively	N5
着る	きる	put on or wear on the upper body or the entire body; take a crime on oneself	N5
きれい	きれい	pretty, clean	N5
キロ	きろ	kilo-; clipping of キログラム (kiroguramu, “kilogram”); kilo; clipping of キロメートル (kiromētoru, “kilometer”)	N5
キログラム	きろぐらむ	kilogramme; kilogram	N5
キロメートル	きろめーとる	kilometre	N5
銀行	ぎんこう	a bank (financial institution)	N5
金曜日	きんようび	Friday	N5
薬	くすり	a medicine or drug, a pharmaceutical; a substance with mystical properties, especially one that has an effect on the body, health, or lifespan; a chemical, generally toxic and used for its effect on living organisms, such as insecticide or herbicide; a substance that has a beneficial effect in improving or maintaining one's health; something that has a beneficial effect in correcting one's mistakes; short for 釉薬 (uwagusuri): a glaze or enamel applied to ceramics; gunpowder (from the “mystical substance” sense, and the second character in the word 火薬 (kayaku, “gunpowder”)); a small bribe	N5
ください	ください	下さい: (polite) imperative form of 下さる (kudasaru); please give me; please do something for me	N5
果物	くだもの	edible fruit that grows on trees or shrubs, such as oranges and apples, or sweet edible fruit that grows along the ground, such as strawberries and melons	N5
口	くち	the mouth; (by extension) one's speech, one's words; the mouthpiece of a flute; used to count people; used to count per-person portions; used to count open-mouthed containers; used to count bladed weapons or tools	N5
靴	くつ	footwear, footgear: a shoe, (a pair of) shoes; 口: prefixal bound form of くち (kuchi, “mouth”); 朽つ: Classical Japanese form of くちる (kuchiru)	N5
靴下	くつした	socks; sock puppet	N5
国	くに	a land, a large place; a country in general, a region; a country as in a nation, a state; the office of emperor, the crown; affairs of state; a province of ancient Japan; the national government in ancient Japan; the national capital in ancient Japan; one's birthplace, where one is from, one's home	N5
曇り	くもり	cloudy weather, cloudiness; stem or continuative form of 曇る (kumoru)	N5
曇る	くもる	to become cloudy, to cloud up	N5
暗い	くらい	dark, dim; gloomy, depressed; about, approximately; at least, if anything; grade, rank, standing; the throne, the crown; place, position; being at the point of, the place where, the point where, the time when,; seat, position, rank, grade; eating; stem or continuative form of くらう (kurau)	N5
クラス	くらす	class (group of students in a regularly scheduled meeting with a teacher); class of things (typically products) sharing certain features; class	N5
グラム	ぐらむ	gram (unit of mass)	N5
来る	くる	to come (toward the speaker/writer); to come and stimulate; when it comes to; to happen to do something, to come to do something	N5
車	くるま	a car, an automobile, a carriage, a cart; a wheel, a caster; something wheel-shaped; a style of 紋 (mon, “family crest”); short for various terms:; short for 車海老 (kuruma ebi): a prawn; short for 車懸 (kuruma-gakari): “wheel formation”, a battle tactic where units attack in staged waves in order to prevent the opponent from resting; short for 肩車 (kata-guruma): riding on one's shoulders, piggyback; short for 手車 (te-guruma): a handcart, a wheelbarrow; short for 車座 (kuruma za): sitting in a circle; during the Edo period, in the red-light district in Ōsaka, a prostitute whose services cost four 匁 (monme) and three 分 (bun) (possibly in reference to the cost of a carriage ride)	N5
黒	くろ	black	N5
黒い	くろい	black	N5
警官	けいかん	police officer	N5
今朝	けさ	this morning	N5
消す	けす	to extinguish; to put out; to cut power; to turn off; to erase, to delete; to kill, to execute	N5
結構	けっこう	the assembly or composition of things into a single unified whole; such an assembly or composition; a plan or scheme; preparations; alternative name for 茗荷 (myōga): myoga or Japanese ginger; to assemble or compose things into a single unified whole; to plan or scheme; to prepare; splendid, wonderful; fine, sufficient, tolerable; no thank you, all right, fine, enough; of unspecified gravity; quite	N5
結婚	けっこん	marriage; get married	N5
月曜日	げつようび	Monday	N5
玄関	げんかん	the entrance to a profound path; in particular an introduction to the Zen Buddhist discipline; the entrance to a Zen Buddhist temple; the front entrance of a Japanese home; usually recessed into the floor	N5
元気	げんき	healthy; energetic; in a good mood; peppy; lively; the fundamental force that permeates through all matter and life; health, healthfulness; energy; good spirits; vitality; cheer; liveliness; enthusiasm; a male given name	N5
五	ご	five; a name of a hole of a wind instrument	N5
公園	こうえん	park	N5
交差点	こうさてん	crossing, crossroad, intersection	N5
紅茶	こうちゃ	black tea	N5
交番	こうばん	a small community police office or police box; alternation, alternating (e.g. current)	N5
声	こえ	a voice; an accent; a feedback; a feeling, sound, or tone of something; a voiced sound; a Sino-Japanese pronunciation or reading of a Chinese character, as opposed to its 訓 (kun) or native Japanese counterpart	N5
コート	こーと	coat; coating (covering of material, paint); court	N5
コーヒー	こーひー	coffee	N5
此処	ここ	here; this place, area, or part (near the speaker) (Can be juxtaposed with a phrase with で (de) or に (ni).); this organization or team (near or associated with the speaker) (Can be juxtaposed with a phrase with で (de) or に (ni).); here; this place, area, or part I am talking about; this organization or team I am talking about	N5
午後	ごご	afternoon, PM	N5
九日	ここのか	the ninth day of the month; nine days	N5
九つ	ここのつ	nine things	N5
午前	ごぜん	forenoon, AM	N5
答える	こたえる	to answer a question; to say in reply to a question	N5
こちら	こちら	this direction, this way; this person; I, me, we, us; this thing	N5
此方	こっち	this direction, this way; this person; I, me, we us; this thing	N5
コップ	こっぷ	a drinking glass, a tumbler	N5
今年	ことし	this year, the present year; this year	N5
言葉	ことば	a word, a term; language, speech	N5
子供	こども	child	N5
此の	この	genitive of 此 (kore, “this”)	N5
御飯	ごはん	cooked rice; a meal of any sort	N5
コピー	こぴー	act of copying; copied paper; short for キャッチコピー	N5
困る	こまる	to have trouble (with something); to be bothered (by something), to be vexed, to be troubled, to be in trouble	N5
これ	これ	this; this one (near the speaker); this one I am talking about (only the speaker knows); I; me; you; Repeats the topic with a correct case marker to avoid any misunderstanding if it is not a subject.	N5
今月	こんげつ	this month	N5
今週	こんしゅう	this week	N5
こんな	こんな	like this; this kind of	N5
今晩	こんばん	this evening, tonight	N5
さあ	さあ	Come on, go on, here, now.; Well, uh, hmm, let's see.; No idea, not sure; dunno	N5
財布	さいふ	a container for one's money: a wallet, a coin purse, a billfold, a pocketbook	N5
魚	さかな	a fish; short for 魚鱗 (gyorin): fish scales; fish; fishlike	N5
先	さき	before, previous; end, tip; earlier, the past; afterwards, the future; the destination of a motion or action; sequel; ahead, in front	N5
咲く	さく	to bloom; to make white waves appear	N5
作文	さくぶん	writing, essay, composition; to write a composition	N5
差す	さす	raise one's hands; extend one's hands; hold (something such as an umbrella) over one's head; offer (sake to someone); pour; drip; drop; cause to flow or drip; rise; appear; arise	N5
雑誌	ざっし	a journal (newspaper or magazine)	N5
砂糖	さとう	sugar	N5
寒い	さむい	cold (ambient temperature, as a winter day is cold); fearful; terrible; not funny	N5
さ来年	さらいねん	year after next	N5
三	さん	three; three, 3; third	N5
散歩	さんぽ	a walk, a stroll; take a walk	N5
四	し	the fourth	N5
四	よん	four, 4; the fourth; four; fourth; quadruple; here and there	N5
塩	しお	salt; saltiness; hardship, toil, trouble; a hoarse voice; short for 塩屋 (shioya): a salter	N5
然し	しかし	but, however	N5
時間	じかん	time; hour; the hours or time when something happens; an hour-long period	N5
仕事	しごと	a job; an occupation; work; job, work (task); work, change of energy; to work	N5
辞書	じしょ	a dictionary (publication that explains the meanings of an ordered list of words); a letter of resignation; a formal document of abdication when one emperor steps down and a new emperor ascends the throne	N5
静か	しずか	inaudible, quiet, silent; calm, tranquil; still, stopped and not moving; not busy	N5
下	した	the underneath	N5
七	しち	seven; seventh; seven times; seven, 7; a seven; a gambler; a surname	N5
七	なな	a seven; a gambler; a surname	N5
質問	しつもん	a question; to ask a question	N5
自転車	じてんしゃ	a bicycle	N5
自動車	じどうしゃ	automobile, car, motorcar	N5
死ぬ	しぬ	to die; to die, to perish, to cease to be anymore; to become lifeless, to lack vitality, to show a lack of vigor	N5
字引	じびき	dictionary	N5
自分	じぶん	oneself; first-person pronoun: I, me (often shows the speaker's lower position in a hierarchy than the addressee); you	N5
閉まる	しまる	to shut, to close	N5
閉める	しめる	to shut, to close	N5
締める	しめる	to fasten; to kill (fish); to rinse and chill (noodles) in cold water; to total; to sum	N5
じゃ	じゃ	so, then—used for connecting to a reasonable conclusion, supposition; well; then; so; by extension from the \"so then\" meaning: bye, goodbye; 蛇: generic name for a large snake; a heavy drinker; 邪: a moral wrong; a bad attitude; maliciousness, wickedness; such a person; 麝: short for 麝香 (jakō, “musk”); short for 麝香鹿 (jakōjika, “musk deer”)	N5
じゃあ	じゃあ	alternative form of じゃ	N5
写真	しゃしん	photograph	N5
シャツ	しゃつ	a shirt; an undershirt, a vest	N5
シャワー	しゃわー	shower (a device for bathing); shower (an instance of using this device); shower (a cascade of secondary particles produced when high-energy particles enter dense matter)	N5
十	じゅう	a ten-year-old	N5
十	とお	ten, 10; a ten-year-old; tenth; tenfold; all, completely, perfect; multiplied by ten: tenfold	N5
授業	じゅぎょう	instruction; teaching; school; lesson, class; teach; to instruct; give a lesson	N5
宿題	しゅくだい	homework	N5
上手	じょうず	skillful, dexterous; skill, dexterity; flattery (from being told how skillful one is, even if one isn't); a person with the seventh dan in the games of shogi or go	N5
丈夫	じょうぶ	durable, indestructible, unbreakable, unwreckable; hero; gentleman; good health; robustness	N5
しょうゆ	しょうゆ	soy sauce	N5
食堂	しょくどう	a room, hall, or building where food is served or sold: a cafeteria, canteen, buffet, dining room, dining hall, eatery, restaurant, refectory	N5
知る	しる	to know, be aware of; to learn, acquire,; to be acquainted with, to know (someone); to care in the least about, to be concerned with,	N5
白	しろ	the color white; innocence; a white go stone; something unwritten; the white team in a 紅白 (kōhaku) group; an unlicensed prostitute; short for 銀 (shirogane): silver; synonym of 塩 (shio): salt; short for 白書院 (shiroshoin): a specific kind of drawing room or study, using unpainted cedar wood with straight grain; a type of もつ焼き (motsuyaki) made from pig intestines; in the game of 人狼 (Jinrō, “Werewolf; Mafia”), one who is on the villagers' side	N5
白い	しろい	white	N5
新聞	しんぶん	news; newspaper	N5
水曜日	すいようび	Wednesday	N5
吸う	すう	to inhale; to smoke (tobacco or other drugs); to suck; to absorb	N5
スカート	すかーと	skirt (clothing)	N5
好き	すき	liked, likable; fondness, favor, favour	N5
少ない	すくない	not many, few, little	N5
すぐに	すぐに	Instantly	N5
少し	すこし	a little; slightly; a little; a few	N5
涼しい	すずしい	refreshing, cool	N5
ストーブ	すとーぶ	heater, stove	N5
スプーン	すぷーん	spoon	N5
スポーツ	すぽーつ	a sport; sports	N5
ズボン	ずぼん	trousers (AUS, UK), pants (AUS, Canada, US), strides (AUS), generally refers specifically to men's pants.	N5
住む	すむ	to live in, to inhabit, to abide at, to dwell at	N5
スリッパ	すりっぱ	a slipper (low shoe usually worn indoors)	N5
為る	する	to exist; to come up (of inanimate objects); to exist (in someone or something) (of a specified state; of a specified quality); to be worth; to have the value of; to pass; to elapse (of time); to do; to perform an action; to act as; to play a role of; to render; to make become (used as the suppletive causative form of なる (naru)); to be; to wear (accessories); to decide; to choose or to make a judgment; to do it; to have sex; \"Adverb + する\", forming predicates or attributives from adverbs.; \"Verbal noun + emphatic particle (e.g. は, も, こそ, さえ) + する \", emphasizing the verb.; \"Volitional form of verb + と + する\": to be about to; to incline to; \"に / と + する\", to give a condition or standpoint, either real or hypothetical: if / since; assuming that / now that; \"御(お)/御(ご) + verbal noun + する\", a humble form of the verb.; 刷る, 摺る: to print something (from the way the paper would be placed on the printing block and rubbed); 掏る: to pick someone's pocket (possibly from the way a pickpocket must slide along unnoticed; compare English slick); 擦る, 摩る, 磨る, 擂る: to slide, to rub, to chafe, to strike (as in a match, by rubbing); to lose or waste money; 剃る: irregular reading for 剃る (soru, “to shave”)	N5
座る	すわる	to sit, to have a seat	N5
背	せ	one's back (part of the human body); one's height; the rear of something, the area behind	N5
生徒	せいと	pupil, educatee, student (especially in junior high schools (中学校) or high schools (高校) in Japan)	N5
セーター	せーたー	a sweater	N5
せっけん	せっけん	石鹸: soap; 席巻, 席捲: conquest; 接見: interview; 節倹: economy	N5
背広	せびろ	a business suit	N5
狭い	せまい	narrow, confined; small; short	N5
ゼロ	ぜろ	zero (number); Used to refer to something measurable being absent or missing.	N5
千	せん	a surname, especially from the line of tea ceremony masters	N5
先月	せんげつ	last month	N5
先週	せんしゅう	last week	N5
先生	せんせい	an elder; a scholar; a teacher or a professor; sensei (Japanese martial arts teacher); sir, a polite form of address to teachers, doctors, etc.; a title used after the name of teachers, doctors, lawyers, or certain other professionals	N5
洗濯	せんたく	laundry, washing; do the laundry; wash clothes	N5
全部	ぜんぶ	the whole thing; everything; all; all, entirely, totally, completely	N5
掃除	そうじ	cleaning; sweeping up; clean; sweep up; tidy up	N5
そうして	そうして	alternative form of そして (soshite)	N5
そして	そして	and, and then; thus, and now; like that	N5
其処	そこ	That place, area, or part near you. (near the addressee); That organization or team near you. (near the addressee); The place, area, or part we are talking about. (either the speaker or the addressee knows); The organization or team we are talking about. (either the speaker or the addressee knows); You people over there.	N5
そちら	そちら	that direction; that way; that person; you; that one	N5
そっち	そっち	alternative form of そちら	N5
外	そと	outside	N5
其の	その	that ... near you (near the addressee); the ... we are talking about.; ...of it; its; their; used in a title and before a number to indicate that number of part, chapter, volume, episode, or installment; compare suffixes 編 (-hen), 話 (-wa), 巻 (-kan), 集 (-shū), 章 (-shō), 上 (jō), 中 (chū) and 下 (ge); uh, umm, er	N5
側	そば	vicinity, near, beside, side	N5
空	そら	the sky; the weather or atmospheric conditions of the sky; a place that is distant; the act of reading from memory; by heart; the top of a high place such as the roof of a house or a tree; fake; not real; incorrectly perceived or guessed	N5
それ	それ	Used to call someone's attention to something; there!, look!; Used to stir someone to action or fire oneself up; go on!, let's go!, right!, here goes!, come on!; 其れ: probably	N5
それから	それから	and then, after that, later, from now on	N5
それでは	それでは	其れでは: then, if so	N5
大学	だいがく	Great Learning; a university; a college	N5
大使館	たいしかん	embassy	N5
大丈夫	だいじょうぶ	a man of class; a great man; all right; okay; in good health; uninjured; all right, unbroken, still working; certain, correct, certifiable; indifferent, unconcerned; no thank you	N5
大好き	だいすき	loved; lovable; very liked; very likable; very (most) favorite	N5
大切	たいせつ	important, weighty; valuable; importance, weight; value	N5
台所	だいどころ	kitchen	N5
大変	たいへん	difficult, hard; terrible; serious, grave; very, greatly; disaster; difficulty; dreadfulness	N5
高い	たかい	high, tall; superior; 高い, 高価い: expensive	N5
たくさん	たくさん	many	N5
タクシー	たくしー	a taxi, a taxicab, a cab	N5
出す	だす	to take out, to get out; to put forth; to show or reveal; to submit, to turn in; to publish, to make public; to demonstrate, to show; to send something, like a letter; to begin, give rise to; to permeate; to serve; to emit (light), to utter (a sound or a voice); 出る, 射精す: (vulgar, specifically) to ejaculate; to begin to do something; out	N5
立つ	たつ	to stand, to stand up, to rise; to depart; to close; of something physical but not solid or liquid: to be released, to rise	N5
縦	たて	length; height	N5
建物	たてもの	建物: building, structure, construction, edifice	N5
楽しい	たのしい	pleasant, delightful, fun, enjoyable	N5
頼む	たのむ	ask someone to do something; to call; to order; to reserve; 恃む: to rely on	N5
たばこ	たばこ	tobacco,cigarettes	N5
多分	たぶん	maybe, perhaps; probably	N5
食べ物	たべもの	food in general; provisions; a specific food; one's diet, what one eats	N5
食べる	たべる	to eat; to eat or drink	N5
卵	たまご	an egg, including fish roe; the beginning or start of something (compare the uses of English terms kernel and seed); a beginner or rookie at something	N5
誰	だれ	interrogative personal pronoun: who, whom; someone, anyone	N5
誰か	だれか	somebody, someone	N5
誕生日	たんじょうび	a birthday	N5
だんだん	だんだん	団々: very round of shape, such as the roundness of the full moon; full of dew, covered in dewdrops; thank you	N5
小さい	ちいさい	small, little, tiny; young, little	N5
小さな	ちいさな	small, little, tiny (of size or amount); small, minor (of extent, scale or importance); young, little (of age)	N5
近い	ちかい	near, close to (in space); near (in time), at hand; close, closely related; near, not far off (in amount); similar in appearance, form, color, shape, etc.; close, on good terms with	N5
違う	ちがう	to be different; to differ (from something); another; no, that is wrong / incorrect; that's not how it is	N5
近く	ちかく	soon, before long; the vicinity, the neighborhood	N5
地下鉄	ちかてつ	rapid transit, metro, (AmE) subway, (BrE) underground	N5
地図	ちず	a map (visual representation of an area)	N5
茶色	ちゃいろ	brown	N5
ちゃわん	ちゃわん	rice bowl	N5
丁度	ちょうど	just, right, exactly, precisely	N5
ちょっと	ちょっと	slightly, a little, a bit, somewhat; an indirect expression of refusal; hey, excuse me	N5
一日	ついたち	the first day of the month (solar or lunar calendar)	N5
使う	つかう	to use; to employ; to make use of, to apply; 遣う: to spend	N5
疲れる	つかれる	to be tired; to exhaustion	N5
次	つぎ	next, order, sequence, below	N5
着く	つく	arrive, reach a destination	N5
机	つくえ	desk; table	N5
作る	つくる	to make; to cook; to write; to write a literary work; to write a character or word in a particular form; to grow, to raise; to cultivate ability, to train; to draw up, form, establish; to make an acquaintance	N5
付ける	つける	attach, affix, stick, fasten, add, add on, append; set, put, put one thing on another; apply, put on; leave a mark on; write, make an entry; give, impart, direct, direct one's attention; set, set a price; provide with an attendant, provide a person with an attendant, place a person in attendance, place a person in attendance on; follow, trail, shadow; settle, bring to terms; be accustomed to, be used to; perform an action vigorously, perform an action vehemently; perceive, detect	N5
勤める	つとめる	to be engaged, to work (for)	N5
つまらない	つまらない	boring	N5
冷たい	つめたい	cold; cold (unfriendly)	N5
強い	つよい	strong, durable, powerful; strong, competent, good; high tolerance, resilient	N5
手	て	a hand; a handle, grip; a paw, foreleg; a way of acting, means; handwriting; style of calligraphy of an individual; a move, play; strengthens the prefixed adjective or adjectival noun; one who does the previous word's action: -ist, -er; counter for moves in shogi, go, etc.	N5
テープ	てーぷ	adhesive tape; tape (storage medium)	N5
テーブル	てーぶる	table (furniture); table (grid of data)	N5
テープレコーダー	てーぷれこーだー	tape recorder	N5
出かける	でかける	出掛ける: go out	N5
手紙	てがみ	a letter, epistle (written message or note); a utility paper used for various purposes, such as for jotting down notes or for wrapping items	N5
出来る	できる	to be able to do; to be finished, to be ready; be made; to have sex, to do it, to get some, to get it on	N5
出口	でぐち	exit; outlet; a surname	N5
テスト	てすと	test; quiz	N5
では	では	at, in a place (as the topic of a statement); indicates means of action; well, so, well then (used at the start of a sentence as an interjection or conjunction, leading in from the previous statement); used to signal the end of a conversation or message as a whole: that's all for now	N5
デパート	でぱーと	clipping of デパートメントストア (depātomento sutoa, “department store”)	N5
でも	でも	even; also in; or; or something; but, however	N5
出る	でる	to leave a place; to go out; to come forth, to be or become apparent, to appear; to make an appearance, to appear; to answer (the phone or door); 出る, 射精る: (vulgar, specifically of semen) to exit the penis during ejaculation	N5
テレビ	てれび	clipping of テレビジョン (terebijon, “television”): a TV	N5
天気	てんき	weather; fine weather	N5
電気	でんき	electricity; electric light	N5
電車	でんしゃ	an electric multiple unit train; any train, regardless of power source	N5
電話	でんわ	telephone; telephone call, phone call, call; to make a phone call, to telephone, to call	N5
戸	と	door; a plate placed on doorway	N5
ドア	どあ	Western-style door	N5
トイレ	といれ	bathroom, restroom, lavatory; toilet	N5
如何	どう	what kind of; in what manner, how; what about... (used to make a suggestion); the whatevers, the whys and wherefores; however; howsoever, however	N5
どうして	どうして	why, for what reason, what for; how, in what way	N5
どうぞ	どうぞ	no matter how; by all means; seriously (often untranslatable); please (go ahead); help yourself; certainly you may; here you are; over	N5
動物	どうぶつ	animal	N5
どうも	どうも	no matter how, not at all (used with a negative verb); somehow, something; quite, very much; thanks; sorry, excuse me	N5
遠い	とおい	distant, far; long ago, far in the past; distantly related; far off, far from (accurate etc.)	N5
十日	とおか	the tenth day of the month; ten days	N5
時々	ときどき	sometimes, at times, occasionally	N5
時計	とけい	a clock, a watch, a timepiece, a timekeeper	N5
どこ	どこ	short for どころ (dokoro): indicates rejection to an out of the question word or phrase: the extent of, the place of, the time of; expresses equivalence, worth, etc.: befitting..., deserving..., worthy of...; one's family, home, or household	N5
所	ところ	a place, a scene, a site; an address; a figurative place that facilitates or promotes something; a point in time or state of affairs; a state of being; about to; just; indicates the current state, or how you have progressed so far in a chain of actions; at that point in time, upon; Attaches to verbs to form noun phrases, meaning the object of that verb.	N5
年	とし	grain, particularly rice; a grain harvest, a grain crop; a year; age; used to describe the age of someone who should not do things inappropriate for their age	N5
図書館	としょかん	library (building)	N5
どちら	どちら	which of two	N5
どっち	どっち	alternative form of どちら	N5
とても	とても	very, exceedingly, awfully; not at all, at all, by no means	N5
どなた	どなた	who	N5
隣	となり	a neighbour / neighbor; that which is neighbouring; something continuously connected front and back over a certain time period; to neighbour/neighbor, be adjacent to	N5
何の	どの	which .. ? (interrogative demonstrative); what .. ? (one out of the available choices)	N5
飛ぶ	とぶ	to fly; 跳ぶ: to jump; to go quickly; to splash, splatter	N5
止まる	とまる	to stop, to be stopped	N5
友達	ともだち	plural of 友: friends; friend	N5
土曜日	どようび	Saturday	N5
鳥	とり	a bird; a chicken; fowl or chicken meat; a surname; a unisex given name	N5
とり肉	とりにく	鳥肉: meat of a bird, in particular meat of a chicken; 鶏肉: chicken (meat)	N5
取る	とる	取る: to take; 取る: (board games) to capture; 取る: to pick up; 取る: to pick up on; to grasp; 取る: to earn; 取る: to remove (one's glasses, etc.); 撮る, 録る: to photograph, film, or record; to take a picture; 捕る, 獲る, 取る, 把る: to catch; to capture; 獲る: to hunt (animals); 盗る, 取る, 奪る: to steal; 執る: to do (work), to perform (duties), to take (trouble); 執る: to take the command; 摂る, 取る: to have food or a meal, to ingest, to eat; 摂る: to take nutrients, to take in; 採る, 取る: to take, to adopt (a measure, a choice, etc.), to choose; 採る: to take (a blood sample etc.); 採る, 取る: to pick (plants), to harvest; 採る: to employ; contraction of ておる (-te oru)	N5
撮る	とる	取る: to take; 取る: (board games) to capture; 取る: to pick up; 取る: to pick up on; to grasp; 取る: to earn; 取る: to remove (one's glasses, etc.); 撮る, 録る: to photograph, film, or record; to take a picture; 捕る, 獲る, 取る, 把る: to catch; to capture; 獲る: to hunt (animals); 盗る, 取る, 奪る: to steal; 執る: to do (work), to perform (duties), to take (trouble); 執る: to take the command; 摂る, 取る: to have food or a meal, to ingest, to eat; 摂る: to take nutrients, to take in; 採る, 取る: to take, to adopt (a measure, a choice, etc.), to choose; 採る: to take (a blood sample etc.); 採る, 取る: to pick (plants), to harvest; 採る: to employ; contraction of ておる (-te oru)	N5
どれ	どれ	a filled pause in speech:; well, ...; let me see, ...; let's see, ...	N5
ナイフ	ないふ	a Western knife, table knife	N5
中	なか	the middle, medium; an average, neither good nor poor mark; the second volume of a three-volume set; center, middle; medium, intermediate, middle(-level); neutral, middle; within (a specific range); among (friends, company, etc.); hitting (the center, mark, etc.); short for 中国 (Chūgoku): China, Chinese; short for 中学生 (chūgakusei): junior high school student; during..., being in the process of doing...; during, in the course of, throughout; all over, everywhere; short for 紅中 (honchun): a red dragon tile; a 役 (yaku, “winning hand combination”) with a meld of red dragon tiles, worth 1 翻 (han, “double”); a surname; a female given name	N5
長い	ながい	long; 長い, 永い: (time) long, lengthy	N5
鳴く	なく	to call, to make noise; e.g., a bird's singing	N5
無くす	なくす	to lose (something); to get rid of; to lose (someone) (wife, child, etc.)	N5
なぜ	なぜ	why ... ?, how ... ?	N5
夏	なつ	summer (season); a female given name; a surname	N5
夏休み	なつやすみ	the summer vacation; summer break	N5
など	など	how, in what way; 等: for example, things like, such as, etc., and so on	N5
七つ	ななつ	seven things	N5
七日	なのか	the seventh day of the month; seven days	N5
名前	なまえ	a name (word or phrase indicating a particular person, place, class, or thing); a given name (excluding the surname)	N5
習う	ならう	to learn, to receive instruction in	N5
並ぶ	ならぶ	to form a line, to queue up; to match, to be equal to	N5
並べる	ならべる	to line something up; to arrange things, to set up	N5
なる	なる	to be achieved; to be completed; to become; to change into; to turn; to reach a time; to get to a timepoint; to reach an amount/quantity; to be acceptable; to be tolerable; to be made; to be produced; to be created; to promote; In the form of \"御(お)/御(ご) + verbal noun + になる\", an honorific form of the verb.; adnominal of なり (nari, “to be”)	N5
何	なん	what number, how many (used with a counter); many (used with a counter)	N5
何	なに	what?, huh?; any, whatsoever, at all; what for? why?	N5
二	に	two, 2; second	N5
賑やか	にぎやか	bustling, lively, busy	N5
肉	にく	meat, the muscle and fat tissue of an animal used as food; the flesh of an animal; the flesh of a fruit or vegetable; one's body, as opposed to spirit; a woman not part of the demimonde who engaged in secret, unlicensed prostitution; refers to humans themselves, their world, and their sins, as opposed to their spirit; the thickness of a thing; the flesh or meat of something, such as an idea, structure, or argument; an ink pad, a stamp pad; short for 肉襦袢 (niku juban): flesh-toned undergarments worn by actors and shown when the character has to display their skin	N5
西	にし	west (one of the four cardinal directions); the West; the west wind, wind blowing from the west; in kabuki:; the left side of the stage in the Edo-style; the right side of the stage in Kyoto and Osaka styles; lower-ranked wrestlers listed on the left side of a banzuke; the West; (later, more specifically) the capitalist states of the West (originally western Europe, as opposed to Eastern Bloc countries); synonym of 西方浄土 (Saihō Jōdo): the western paradise of Amitabha Buddha; short for 西本願寺 (Nishi Hongan-ji): a Buddhist temple in Kyoto; a red-light district in Edo-period Shinjuku (as it was located west of Edo Castle); a place name, especially the name of various wards in major cities throughout Japan; a surname	N5
日曜日	にちようび	Sunday	N5
荷物	にもつ	baggage, luggage; unwelcome burden	N5
ニュース	にゅーす	news (reports of current events)	N5
庭	にわ	garden, yard; place where something is done; a dirt-floored room at the entrance of a house; wide sea, a wide expanse (of the sea); a female given name; a surname	N5
脱ぐ	ぬぐ	to take off (clothes etc.)	N5
温い	ぬるい	lukewarm, tepid	N5
ネクタイ	ねくたい	necktie	N5
猫	ねこ	a cat	N5
寝る	ねる	to sleep; to go to bed; to sleep with, to have sexual intercourse with; to lie down; to ripen, to ferment, to cure	N5
ノート	のーと	a note:; a written communication; a musical note; a treasury bill or bond; clipping of ノートブック (nōtobukku, “notebook”); a pad of paper for notes; an exercise book; a notebook or laptop computer	N5
登る	のぼる	登る, 上る: to ascend, to climb, to go up; 昇る, 上る: to go up, rise; 昇, 登, 謄, 盛: a male given name	N5
飲み物	のみもの	drink	N5
飲む	のむ	飲む, 呑む: to drink, to gulp, to swallow; to eat (soup); 飲む, 喫む: (smoking) to smoke tobacco; 飲む: to overwhelm, to engulf; 飲む: to suppress, to keep down; 飲む, 呑む: to take (medicine); 飲む, 呑む: to accept something like a demand or a condition	N5
乗る	のる	to get on/ride (a bus, a train, a bicycle); to get in (a car); to mount (a horse); to accept one's talk; to get on board	N5
歯	は	tooth; a unit equal to 1 Q (kyū) and 0.25 mm, abbreviated as H; ha is used for spacing, while Q is used for font size	N5
パーティー	ぱーてぃー	a party (social gathering); party (group)	N5
はい	はい	yes; okay; understood, got it; here, present; right, so (agreement); uh-huh (acknowledgement that one is listening); no (in response to negative questions); agree; sorry? (What did you say?); general shout or call, compare English hey: go, start; stop, time's up (expressing a timing); used to express mild uncertainty	N5
灰皿	はいざら	an ashtray	N5
入る	はいる	to enter, go into, get into a place or a thing; to join a group or organization; to be contained (in), to be included (in); to be a member of a group, set, category; to be in a container, building, etc.; to enter a period of time; to be included and available for use; 入る, 挿入る: (sex, specifically, of a penis, etc.) to enter	N5
葉書	はがき	postcard	N5
履く	はく	to wear (shoes, pants, or other items below the waist)	N5
箱	はこ	a box: a container with a lid; a chamber pot for feces; (by extension) feces; a shamisen case; (by extension) a shamisen; (by extension) a man or other geisha who accompanies a geisha and carries their shamisen case; small ライブハウス (raibu hausu, “music venue”); Xbox	N5
橋	はし	that which is constructed to connect two points for the purpose of transportation: a bridge; a bridge-like walkway or corridor between two buildings in a manor, palace, castle, or similar structure; a person who acts as a bridge between different people: a mediator, a go-between	N5
箸	はし	chopsticks, a chopstick	N5
始まる	はじまる	to begin	N5
初め	はじめ	imperfective and stem (or continuative) forms of 初める (someru); for the first time, typically in the current year	N5
始め	はじめ	beginning, the start of an activity or time period; origin, beginning of a thing; begin! used to announce the start of a race, an exam, and others; imperfective and stem (or continuative) forms of 始める (hajimeru)	N5
初めて	はじめて	for the first time, first; reaching a state after a certain experience; at last, finally	N5
走る	はしる	to run (move fast on foot); to move forward; (of a machine) to operate, function; (of objects) to move at a high speed (of a vehicle); to flow vigorously (of liquid); to run through some kind of place; to move smoothly; to slide; to run away, escape; to rush, hurry around; to give over oneself to; to commit oneself to (usually something bad); to spread out, scatter, splatter, spout; to lead or extend in a certain direction; to appear briefly; to flash; to feel palpitations; to have a sense of unease; to crack; alternative spelling of ハシる	N5
バス	ばす	bus; bath; bass (fish); bass (the lower spectrum of sound of a singing voice or musical instrument); clipping of コントラバス: a contrabass, a double bass, a bass	N5
バター	ばたー	butter (soft foodstuff made from milk); butter (other foodstuffs like butter)	N5
二十歳	はたち	twenty years old	N5
働く	はたらく	to work at a job, to labour; to work properly, to operate, to function; to carry out one's function, to be effective, to come into play; to perpetrate or commit a crime; to conjugate; to inflect; to decline	N5
八	はち	eight; short for 八の字; short for 八兵衛	N5
二十日	はつか	the twentieth day of the month; twenty days; short for 二十日鼠 (hatsuka nezumi): a house mouse; 蛍(ほたる)二十(はつ)日(か)に蝉(せみ)三(みっ)日(か) (hotaru hatsuka ni semi mikka)	N5
花	はな	a flower; short for 生け花 (ikebana): flower arrangement; short for 花札 (hanafuda): Japanese playing cards; the best days of one's life; the best thing; essence	N5
鼻	はな	nose; trunk	N5
話	はなし	talking; speaking; speech; conversation; story; tale; narrative; a topic; a subject; that which is spoken about; rumors; rumours; negotiation; consultation; discussion; lecture; speech	N5
話す	はなす	to talk (about something); to speak (on a subject); to converse; to speak (a language)	N5
早い	はやい	early; quick-witted; 速い: quick, fast, speedy	N5
速い	はやい	fast, quick	N5
春	はる	the spring (season); the New Year; adolescence, youth; a heyday of one’s life; a time of happiness after a long period of difficulty; sexual intercourse	N5
貼る	はる	to stick, to paste; to post (a message or an image)	N5
晴れ	はれ	fine weather; clear weather; formal; unconnected with everyday affairs; imperfective and stem (or continuative) forms of 晴れる (hareru)	N5
晴れる	はれる	to clear; to be cleared of negative emotion; to clear up; to dissolve; to get cleared of suspicion	N5
半	はん	half; odd (especially of dice); half, semi-; and a half	N5
晩	ばん	evening; night; nights, evenings	N5
パン	ぱん	bread, pastries, any baked good with a crust (a type of food); a pan (flat vessel used for cooking); a pan shot (a film shot where the camera is turned horizontally); Pan	N5
ハンカチ	はんかち	handkerchief	N5
番号	ばんごう	number (sequence of digits and letters used to register people, automobiles, and various other items)	N5
晩御飯	ばんごはん	evening meal, dinner	N5
半分	はんぶん	a half; half; half-	N5
東	ひがし	the east (compass point); the Orient; an easterly (wind blowing from the east); higher-ranked wrestlers listed on the right of a banzuke; an Eastern Bloc country; Kamakura and/or Edo, as opposed to Kyoto and Osaka; a historical red-light district in Edo located east of Edo Castle, today in Fukagawa, Kōtō, Tokyo prefecture; short for 東本願寺 (Higashi Hongan-ji): a Buddhist temple in Shimogyō, Kyoto, Japan; Higashi (multiple places throughout Japan, especially referring to a ward in Okayama, Kumamoto, Sakai, Sapporo, Nagoya, Niigata, Hamamatsu, Hiroshima and Fukuoka); a former ward in Osaka, Japan; a surname	N5
引く	ひく	to pull (something toward oneself); to pull (along), to drag, to drag along, to bring along while going somewhere; to bring (people) in, to bring together; to attract (someone's) attention; to pull out, to stretch, to spread (something over a surface or a distance); to subtract, to take away; (of an illness) to catch; to page through (a dictionary), to look up; to draw (lots etc.); to pull out, to pull back, to withdraw, to retreat; to draw away from a person, to find someone repulsive to be turned off; minus (subtraction)	N5
弾く	ひく	to play (a stringed or keyboard musical instrument)	N5
低い	ひくい	low; short (height); low in pitch	N5
飛行機	ひこうき	an airplane, aeroplane; clipping of 空中飛行機 (kūchū hikōki): a flying machine	N5
左	ひだり	left, the side of the left hand; a leftist	N5
人	ひと	a person, human; ヒト: (sciences, specifically) Homo sapiens; human; an individual; mankind, people; character, personality; an average person; legal person; an adult; someone (else)	N5
一つ	ひとつ	one thing	N5
一月	ひとつき	one month	N5
一人	ひとり	one person; singleness, singularity; one's own efforts or strengths; an unmarried person, single; solely; only, simply; alone, automatically, by itself, naturally; a female given name	N5
暇	ひま	free; leisure; idle; vacant; time, free time; leisure	N5
百	ひゃく	hundred; a very many, lots, a lot; one hundred years old, advanced age	N5
病院	びょういん	hospital (large medical facility)	N5
病気	びょうき	sickness, illness, disease; ill, sick; abnormal, mentally ill	N5
昼	ひる	the daytime; 午: the noon, midday; ellipsis of 昼ご飯 (hiru gohan) or 昼飯 (hirumeshi, “lunch”); the heyday or peak period of something	N5
昼御飯	ひるごはん	midday meal	N5
広い	ひろい	広い, 弘い, 宏い: wide, broad; 広い, 弘い, 宏い: spacious; 広い, 弘い, 宏い: vast, large; 広い, 弘い, 宏い, 博い: broad, wide-ranging	N5
フィルム	ふぃるむ	cinema, that is, film or movies as a group; a thin membrane; camera film	N5
封筒	ふうとう	envelope	N5
プール	ぷーる	a swimming pool, a pool; pool, a game at billiards	N5
フォーク	ふぉーく	fork (utensil); fork (metadata); fork (project); short for フォークボール (fōkubōru); folk; Faulk (a surname or place name); Falk (a surname or place name)	N5
吹く	ふく	blow (of wind, to move; or to cause air to move); spout (as a gas or liquid, out of something); play (a woodwind or brass instrument); blow (a whistle); laugh reflexively	N5
服	ふく	an amount equal to one swallow:; doses of medicine; gulps of tea; puffs of tobacco; clothes	N5
二つ	ふたつ	two things	N5
豚肉	ぶたにく	pork	N5
二人	ふたり	two people; a couple, pair; the two of us, we two	N5
二日	ふつか	two days, a two-day period; the second day after some set point in time; the second day of the month; during the Edo period, the two-day period of the day of 大祭 (taisai, “major festivals”) and the preceding day's 宵祭り (yoi matsuri, “eve-festivals”); short for 二日灸 (futsuka-kyū), moxibustion traditionally performed on the second of February or August in the belief that this conferred year-long good health	N5
太い	ふとい	large (of size):; big (of linear objects); fat; deep sounding (of a voice or a breath); rich; huge; wide distance of a bow; rough (of the eyes); rich (of spirit):; bold, brave, undisturbed, stable; shameless; majestic	N5
冬	ふゆ	winter (season)	N5
降る	ふる	to fall from the sky, to precipitate; to be hit by or caught in something falling head on.	N5
古い	ふるい	old, aged, antiquated	N5
風呂	ふろ	bath; bathtub	N5
文章	ぶんしょう	a sentence; writing; an essay or composition; a writing style	N5
ページ	ぺーじ	page (of a book, newspaper, etc.)	N5
下手	へた	unskilled, bad at, poor at, weak at, incompetent; superficial, halfhearted, half-assed, careless; smaller or lesser in degree; a mistake, a poor result, a screwup; to make a mistake, to screw up	N5
ベッド	べっど	bed (piece of furniture to sleep on)	N5
ペット	ぺっと	a pet (an animal kept as a companion); clipping of トランペット (“trumpet”); PET (polyethylene terephthalate)	N5
部屋	へや	room (of a house or hotel), chamber, apartment, flat; a stable where rikishi live and train together under a shisho oyakata (stable master)	N5
辺	へん	place, general area, vicinity; the joining line between two vertices of a polygon; edge,; any of the connected pairs of the vertices in a graph; edge	N5
ペン	ぺん	a pen (writing instrument)	N5
勉強	べんきょう	studying, studies, study; to study; to discount, to reduce the price of something	N5
便利	べんり	convenient; convenience	N5
帽子	ぼうし	hat, cap	N5
ボールペン	ぼーるぺん	ballpoint pen	N5
ほか	ほか	外, 他: other, the rest	N5
ポケット	ぽけっと	pocket	N5
欲しい	ほしい	欲しい: wanted, desired, needed; wanted or desirable that someone perform the verb; dried rice (after already being cooked once); 星井: a surname	N5
ポスト	ぽすと	post box or mailbox, especially a red public postbox; position, status, rank; pillar or column	N5
細い	ほそい	thin, slender	N5
ボタン	ぼたん	a button (clothing); a button (mechanical device)	N5
ホテル	ほてる	a hotel (establishment providing accommodation)	N5
本	ほん	long cylindrical things such as glasses of drink, pairs of jeans, pens or trains and buses; films or TV shows; home runs or goals; rounds of a match in boxing, wrestling or judo; a book; a script; a scenario; source; origin; root; current, this, the matter in question; original, actual, base	N5
本棚	ほんだな	bookshelf	N5
本当	ほんとう	true, proper, real; truth, reality	N5
毎朝	まいあさ	every morning	N5
毎月	まいげつ	every month	N5
毎月	まいつき	every month	N5
毎週	まいしゅう	every week; weekly	N5
毎日	まいにち	every day; daily; everyday life; daily life	N5
毎年	まいねん	every year	N5
毎年	まいとし	every year	N5
毎晩	まいばん	every evening	N5
前	まえ	the front; the past; previous; a portion, an amount; ago; makes place names that refer to the vicinity of a point of interest	N5
曲る	まがる	to tease, to make fun of, to make a fool of, to ridicule, to mock; to joke around, to kid, to talk around a subject; to speak kindly or gently; to perform an acrobatic stunt or trick	N5
不味い	まずい	not tasting good; poor; not well; awful; not beautiful; ugly	N5
又	また	again, as well; and; also	N5
まだ	まだ	yet,still	N5
町	まち	a town, a city; a section of a palace or residence; a section of buildings; under the Jōbō system, a section of a castle town; chō (unit of length, approx. 109.09 m); chō (unit of land area, approx. 0.99 hectares); a section of where someone lives; a market; a section of a town or city; a fortune-telling line or shape carved or drawn on the shell or bones of turtles or deer; grade, quality; townspeople; the exterior of a red-light district; the interior of a red-light district; tax; a subdivision making up a city; the local government; a plot (of land); a measure (of land); a surname; A Machi district; more detailed than 都, 道, 府, 県.	N5
待つ	まつ	to wait for, to await	N5
まっすぐ	まっすぐ	straight ahead,direct	N5
マッチ	まっち	match (device); match	N5
窓	まど	window; a deep gap in a mountain ridge (so called for the way the wind blows through, like a window); マド: (investing) on a candlestick chart, a gap in day-to-day candlesticking caused by a marked increase or decrease in the price of a security, derivative, currency, or other investment; Windows (an operating system)	N5
丸い	まるい	round; circular; with a gentle personality	N5
円い	まるい	round; circular; with a gentle personality	N5
万	まん	ten thousand, myriad	N5
万年筆	まんねんひつ	a fountain pen	N5
磨く	みがく	to polish, to brush; to improve, to refine (a skill)	N5
右	みぎ	right (direction); the above statement, foregoing; the right wing, a rightist; a superior during the Chinese Warring States period	N5
短い	みじかい	short, brief; short, brief (in time); short (in space, from one point to another); short, brief (in length, such as a text or speech); short (in height); common, not part of the aristocracy; short on intelligence or maturity: dimwitted, dull; shallow, superficial; short of attention: fickle, shallow-hearted, flighty; short-tempered, impatient, impetuous	N5
水	みず	water (sometimes cold and/or fresh); drinking water; a fluid, liquid; a flood; short for 水入り (mizuiri): halting; short for 力水 (chikara mizu): water offered to sumo wrestlers before a bout; water; a female given name; a surname	N5
店	みせ	a commercial building; a store; a shop	N5
見せる	みせる	to show; 魅せる: to show off; to demonstrate a skill or talent; used as a 補助動詞 (hojo dōshi), after a verb in the て (-te) conjunctive form: to show one's ability or determination to do something; to set an example by doing something	N5
道	みち	a way, a street, a road, an alley, a path, a pass for local traffic; a road, a path; a way of doing something; a female given name; a surname	N5
三日	みっか	the third day of the month; three days	N5
三つ	みっつ	three things	N5
緑	みどり	green (color); verdure; a new bud or shoot; in the Edo Period, an apprentice to a high-ranking courtesan, from ages six or seven through thirteen or fourteen; in kabuki and 浄瑠璃 (jōruri, “puppet theater”), performing just the main parts of a work and omitting the 狂言 (kyōgen); a female given name; a surname	N5
皆さん	みなさん	everybody, everyone	N5
南	みなみ	the south (cardinal point); a southerly, south wind; the red-light district in modern-day Shinagawa Ward, Tokyo (as it was located south of Edo Castle); the name of a ward in various cities throughout Japan, especially a former ward in the city of Osaka which is now part of Chūō Ward; a male given name; a female given name; a surname; to go south	N5
耳	みみ	ear; ears; crust (of bread); selvedge (woven edge of a bolt of fabric)	N5
見る	みる	to see, to watch, to observe, to look at something; to look over, to examine, to judge; to take care of, to look after, to keep an eye on somebody; to view something, like paintings, flowers or a movie; みる: (after the te form of a verb) to try to do (literally, “[do the preceding verb and] see”)	N5
観る	みる	to see, to watch	N5
みんな	みんな	everyone, everybody; all, everything; alternative form of みるな (miru na)	N5
六日	むいか	the sixth day of the month; six days	N5
向こう	むこう	other side, opposite side, across; the coming (several years etc.), the next (time period); over there	N5
難しい	むずかしい	difficult; hard, probably impossible	N5
六つ	むっつ	six (small things)	N5
村	むら	village (a rural habitation of size between a hamlet and a town)	N5
目	め	目, 眼: eye; visually prominent feature of something:; small hole, like those inherent to a net-like material (between the warp and the weft); short for 賽の目 (sai no me, “dice pip”); experience; -st, -nd, -rd, or -th, for ordinal numbers (e.g. 8th or eighth, 9th or ninth); visually prominent feature of something; め: (attached to verb or i-adjective roots to produce na-adjectives, not productive with verbs) to a more exaggerated degree	N5
メートル	めーとる	a metre (unit of length)	N5
眼鏡	めがね	glasses, eyeglasses	N5
もう	もう	already (having reached a certain situation or finished a certain action); Used to strengthen one's judgment or emotions; compare English already; already the time to do so; shortly, soon; more, further; any more, again; Used to express frustration against the addressee; jeez; compare use of English already	N5
もう一度	もういちど	once again, once more	N5
木曜日	もくようび	Thursday	N5
持つ	もつ	to hold, to carry something; to have, to possess; to hold up, to maintain	N5
もっと	もっと	more	N5
物	もの	thing (concrete, tangible); a corporeal object; story, genre (type of story); somehow or other; indeed; really; very	N5
門	もん	a gate; a sect, school of thought; a phylum, division; short for 門限 (mongen): a curfew; counter for cannons or large guns	N5
問題	もんだい	question, problem on homework etc.; a question; a matter (of time etc.); a problem (something that needs to be dealt with); a trouble; an issue; a matter	N5
八百屋	やおや	greengrocer; a miscellany of interests and skills; a jack of all trades	N5
野菜	やさい	vegetable; grass, marijuana	N5
易しい	やさしい	easy; plain, simple	N5
安い	やすい	inexpensive; cheap	N5
休み	やすみ	rest; a break; a holiday; absence; intermission; rest (of a silkworm before moulting); stem or continuative form of 休む (yasumu)	N5
休む	やすむ	to rest; to sleep; to be absent (from); to suspend; to be dormant	N5
八つ	やっつ	eight things	N5
山	やま	a mountain (large mass of earth and rock) or (large) hill; a mine (excavation usually consisting of small tunnels); a heap, pile; the top or high part of an object; a climax, peak; a chance, gamble; a guess, speculation; a crime, criminal case; mountain climbing, mountaineering; short for 山鉾 (yamaboko): a festival float usually decorated with a 鉾 (hoko); Mount Hiei and/or Enryaku-ji; a wall, wall tile; the △ symbol as used to mark what needs to be reviewed in study; prefix for species that are wild or residing in mountains; counter for number of stock rise and fall like a mountain; counter for number of mountains, forests and/or mines; a surname	N5
遣る	やる	遣る, 行る: (colloquial) to do (something); to perform or take care of (a responsibility), to take on (a task); 演る: (colloquial) to act, to perform, such as in a film or musical act; 遣る, 行る: to give (to a non-human or someone inferior); 遣る, 行る: to send somebody somewhere, to dispatch; 遣る, 犯る, 行る: to have sex, to fuck, to bang (compare English do, as in \"do someone\" or \"do it\"); 殺る: to do someone in, to kill someone; to get (someone), to fool or deceive (someone); to row a boat; to have commendable ability	N5
夕方	ゆうがた	early evening	N5
夕飯	ゆうはん	evening meal, dinner	N5
郵便局	ゆうびんきょく	post office; postal centre	N5
昨夜	ゆうべ	last night	N5
有名	ゆうめい	famous, renowned, well-known, celebrated; having a name, named; fame, renown	N5
雪	ゆき	snow; something white as snow; white hair; shaved ice; small pieces of paper used to imitate snow; a turnip or daikon; abbreviation of 鱈 (tara): a codfish; a 家紋 (kamon, “family crest”) with various designs of snowflakes; short for 八朔の雪 (hassaku no yuki); a female given name	N5
行く	ゆく	to go; to come to one's place; to be delivered; to depart; to rely (on a method); to age; to go well; After the て-form of a verb:; to continue to do something; to go on to do something; to gradually do something; イく: (slang) to have an orgasm, to come, to cum	N5
ゆっくり	ゆっくり	slowly; at ease, without rushing, restfully	N5
八日	ようか	the eighth day of the month; eight days	N5
洋服	ようふく	Western clothing; a suit; a dress, as opposed to Japanese clothing; clothing, especially daily clothing as opposed to formal clothing	N5
良く	よく	良く, 善く, 克く: adverbial form of よい (yoi, “good”) good, well; adverbial form of いい (ii, “good”); 良く: frequently, often; 良く, 善く: having astonishing ability or guts; 能く: (literary) able to	N5
横	よこ	side; horizontal dimension; width	N5
四日	よっか	the fourth day of the month; four days	N5
四つ	よっつ	four things	N5
呼ぶ	よぶ	to call; to call out; to call, to apply a name to someone; to send for someone, to call for someone, to get someone; to call something by a name; to designate; to invite	N5
読む	よむ	to read (look at and interpret written text); to read (speak aloud written text); to infer; to speculate; to count	N5
夜	よる	the night, evening; a female given name	N5
弱い	よわい	weak, powerless, vulnerable, vincible, delicate; weak, inept, incompetent; low tolerance	N5
来月	らいげつ	next month	N5
来週	らいしゅう	next week	N5
来年	らいねん	next year, coming year	N5
ラジオ	らじお	radio; broke, having no money; dining and dashing (a wordplay on 無線 (musen, “wireless”) and 無銭 (musen, “moneyless”), replacing 線 (sen, “wire”) with its homophone 銭 (sen, “money”)); radiation (when used as part of a compound)	N5
ラジカセ	らじかせ	a radio cassette player	N5
ラジオカセット	らじおかせっと	radio cassette, tape recorder	N5
立派	りっぱ	excellent; splendid; magnificent; lofty; honorable; admirable; splendor, magnificence, elegance; honor, legality, prominence	N5
留学生	りゅうがくせい	international student, student studying abroad, (foreign) exchange student	N5
両親	りょうしん	both parents	N5
料理	りょうり	cooking; cuisine; to cook, to prepare (food); to deal with, to handle	N5
旅行	りょこう	travel, a trip, a journey, a voyage, a tour; to travel, to journey, to go on a trip, to go for a voyage, to tour	N5
零	れい	zero; a male given name	N5
冷蔵庫	れいぞうこ	a refrigerator (appliance that refrigerates food)	N5
レコード	れこーど	record (e.g. LP); record (sports)	N5
レストラン	れすとらん	a restaurant	N5
練習	れんしゅう	practice (learning or improvement of a skill); practice	N5
廊下	ろうか	corridor; hallway; passageway	N5
六	ろく	six; the sixth hole of a wind instrument	N5
ワイシャツ	わいしゃつ	a dress shirt; a long-sleeved button-down shirt	N5
若い	わかい	young, juvenile; energetic, fresh; immature; lesser in an order, smaller, earlier	N5
分かる	わかる	分かる, 解る: to be understandable, to understand; 分かる: to tell (one thing from another), to distinguish; 分かる, 判る: to be recognized, to be realized; 分かる: to become known, to turn out; Classical Japanese form of わかれる (wakareru): to split, to fork, to branch off	N5
忘れる	わすれる	to forget; to forget to …	N5
私	わたくし	a personal or private matter; selfishness	N5
私	わたし	first-person singular pronoun: I, me; a personal or private matter; selfishness; personal, private; secret; privacy, secrecy; a brother-in-law	N5
渡す	わたす	to hand over; to ferry across (a river); to traverse	N5
渡る	わたる	to go across, to go over, to pass through; 航る: to traverse by boat, to travel across the sea; 航る, 済る: to succesfully cross a river or other obstacle; to pass in ownership from one person to another; to migrate, especially far away	N5
悪い	わるい	bad; wicked; evil; wrong; to blame; inferior; improper; bad; harmful; damaging; sick; unwell; ill; sorry; apologetic; regretful; \"my bad\"	N5
より	より	than; rather than; more than; more so than; 自り: from, beyond, or past a point in space or time; more; leaning; tending towards, leaning towards; stem or continuative form of よる (yoru); twisting; twist, something twisted together	N5
方	ほう	direction, way, side; more so (preceded by ～の, often followed by ～が)	N5
あ	あ	expresses surprise: Ah! Oh!; used to get someone's attention; used as a response to someone's call; foot; ridge between rice fields; ridge between groves; to be, to exist	N4
ああ	ああ	in that other way; oh!, ah!; expresses surprise; expresses affirmation; used to call attention; expresses a grunt or pain; expresses a calm positive response: yeah	N4
あいさつ	あいさつ	to greet	N4
間	あいだ	space; interval; among; between; extent; scope; hidden; invisible; alternative spelling of 閑 (kan, “free time”); interval; suffixes some expressions of time to tell duration rather than time or date	N4
合う	あう	to match; to fit; to agree; to be proper; together; with each other	N4
あかちゃん	あかちゃん	infant	N4
上る	あがる	上がる: rise, go up; 挙がる: be cited; 揚がる: be fried; 和了る: (mahjong) to win	N4
赤ん坊	あかんぼう	an infant; a baby	N4
空く	あく	have space between, be open; become empty, unoccupied, vacated; become unused, free; become free (not busy); become open (of a job etc.)	N4
アクセサリー	あくせさりー	fashion accessories; jewellery	N4
あげる	あげる	to give	N4
浅い	あさい	shallow	N4
味	あじ	clever, smart, witty; mysterious, strange; a flavour (UK)/flavor (US), taste; feeling, sensation; experience, taste; charm; aji, the ‘flavour’ or lingering possibilities of a position; bad aji, a lingering weakness in a position	N4
アジア	あじあ	Asia (the largest continent, located between Europe and the Pacific Ocean); Asia (an ancient province of the Roman Empire in modern western Turkey, existing between 133 BC (during the Roman Republic) and the 7th century AD)	N4
明日	あす	tomorrow; the near future; a female given name	N4
遊び	あそび	play; game; flexibility	N4
集る	あつまる	swarm, gather; sponge off, bum	N4
集める	あつめる	to gather; to collect; to assemble	N4
アナウンサー	あなうんさー	a media announcer, a TV or radio presenter	N4
アフリカ	あふりか	Africa (the continent south of Europe and between the Atlantic and Indian Oceans); Africa (a former province of the Roman Empire, containing what is now Tunisia and portions of coastal Algeria and Libya)	N4
アメリカ	あめりか	America (one of the continents of North America or South America); America, United States of America (a country in North America)	N4
謝る	あやまる	to seek forgiveness for a mistake; to apologize	N4
アルコール	あるこーる	an alcohol; alcohol (intoxicating beverage)	N4
アルバイト	あるばいと	part-time job, especially for students (as opposed to one's main occupation when it is only part time); part-time worker	N4
安心	あんしん	unworrying, safe; relief; lack of worry, peace of mind; to have one's heart at ease, to feel easy, to be relieved	N4
安全	あんぜん	safe; secure; safety; security	N4
あんな	あんな	like that, such (referring to something or someone in the distance away from the speaker and the listener); that (distant) kind of	N4
案内	あんない	guidance; information; notice; to guide, to show, to show around; to lead; to invite; to notify	N4
以下	いか	less than; at most, not more than, not exceeding; the following; \"the [something] below\" (such as text or a diagram); less than; of lower status	N4
以外	いがい	apart from; excepting (something)	N4
医学	いがく	medicine (field of study)	N4
生きる	いきる	to live; to exist	N4
意見	いけん	opinion; advice, a suggestion; to advise, to suggest; to admonish	N4
石	いし	a stone; a transistor	N4
いじめる	いじめる	to tease	N4
以上	いじょう	the aforementioned, the foregoing; greater than or equal to; + 以上は: since, now that, so long as, once; that's it (used at the end of a text to indicate that there is nothing further)	N4
急ぐ	いそぐ	to hurry, to hasten, to rush, in order to get something done or to get somewhere; to prepare or expedite something	N4
致す	いたす	to deliver; to send; to have an effect; to lead to a consequence, especially a bad one; to do: the humble version of 為る (suru); to masturbate; to have sex	N4
いただく	いただく	(humble) to receive	N4
一度	いちど	once; one time	N4
一生懸命	いっしょうけんめい	for dear life; as hard as one can; to the best of one's ability	N4
一杯	いっぱい	a lot, loads; fully, filled with; one cup full; one drink	N4
糸	いと	thread	N4
以内	いない	within, inside of a certain area, range, or time period	N4
田舎	いなか	the country (rural area), countryside; a remote area with a small population; a hometown; something crude or unrefined; short for 田舎御樽 (inaka otaru): unrefined sake; short for 田舎酒 (inakazake): sake made in the countryside; local sake; short for 田舎汁粉 (inaka-jiruko): a red bean soup made with slightly crushed red bean paste	N4
祈る	いのる	to pray; to (sincerely) hope for; to reject job	N4
いらっしゃる	いらっしゃる	to go; to come; to be	N4
植える	うえる	to plant, raise; 樹える: to stand a tree upright; to implant, insert; to inoculate; to instill (an ideology, value, etc.)	N4
伺う	うかがう	ask about; hear, be told; call on someone, visit	N4
受付	うけつけ	receipt, reception, acceptance; receptionist, information clerk; information office, information desk; receive, accept	N4
受ける	うける	to receive, to get, to be given, to undergo, to go through, to suffer, to take on, to accept; to catch; 承ける, 享ける: to be given (e.g. talent, life); 請ける: to obtain by paying a fee; 承ける: (grammar) to be modified by; 享ける: to follow, to succeed, to do as a previous person did; to gain popularity; ウケる: to be funny; to be hilarious; by extension, to be ridiculous, absurd, or unbelievable	N4
動く	うごく	to move; to stir, shake, shift, swing; to operate, run, go, work; to work, go into action; to be moved, touched, influenced; to change, vary, fluctuate, waver	N4
嘘	うそ	a lie; a falsehood; a fallacy; mistake; error; unwise move; bad decision; no way!; unbelievable!; get out of here!; shut up!	N4
内	うち	the inside, within (a physical location); something between, among; something while, during, inside or within a span of time; one’s own, my, our	N4
打つ	うつ	to hit, to beat, to strike; to hit; to type; to drop; to make noodles; to administer a shot	N4
美しい	うつくしい	beautiful; adorable, beloved	N4
写す	うつす	to copy; to describe; to picture; to photograph	N4
移る	うつる	to move (as moving one's place of residence); to migrate; to transfer; to move to a new position within an organization; to change one's duties; to move (to a new topic); to shift (one's interests); to turn (to a new topic); to permeate; (of colors and scents) to soak (through, into); 移る, 伝染る, 感染る: to infect; to be infectious; to spread (as fire or illness)	N4
腕	うで	arm; ability; skill; talent	N4
上手い	うまい	上手い, 巧い: good at something, skillful; 美味い, 旨い, 甘い, 甘美い, 味い, 美い: delicious, tasty; 旨い, 美い: favorable, preferable, good; 旨い: profitable; 旨い: thoughtless, foolish, lackadaisical, slipshod, short-sighted	N4
裏	うら	backside; back; behind; other side; inside; reverse side of a coin (\"tails\"); bottom (of an inning)	N4
売り場	うりば	place where things are sold, point of sale, counter (in a shop)	N4
うれしい	うれしい	glad	N4
うん	うん	yeah, uh-huh, mhm (an interjection expressing agreement); strainingly, with a grunt; sufferingly, groaningly; added to various verbs to indicate forceful or excessive action; several; some vague number of	N4
運転	うんてん	driving, steering (a vehicle); operations (of a public transit organisation); to drive	N4
運転手	うんてんしゅ	A professional driver of a train or an automobile such as a taxi or a bus; a chauffeur	N4
運動	うんどう	athletics, exercise; movement, drive, campaign; movement; exercise, work out	N4
エスカレーター	えすかれーたー	an escalator (mechanical device)	N4
枝	えだ	branch, limbs; edge	N4
選ぶ	えらぶ	to select, to choose; 撰ぶ: to compile (a book, anthology, collection, or other literary work); to elect; to screen	N4
遠慮	えんりょ	reserve; forethought, foresight; to restrain oneself; to have restraint; to be reserved; to hold back; to refrain from (doing something); to stand on ceremony	N4
おいでになる	おいでになる	(respectful) to be	N4
お祝い	おいわい	a celebration; a gift or present; to celebrate; to gift	N4
オートバイ	おーとばい	a motorcycle; a scooter (motor-scooter)	N4
おかげ	おかげ	grace (of God), benevolence (of Buddha), blessing, assistance, help, aid, influence	N4
おかしい	おかしい	strange or funny	N4
億	おく	a hundred million, 10⁸	N4
屋上	おくじょう	rooftop	N4
贈り物	おくりもの	present; gift	N4
送る	おくる	to send; to dispatch; to see off, to take (somebody somewhere), to escort; to pass the time; to see off a deceased person; to play back; to add okurigana	N4
遅れる	おくれる	to be late, to be tardy; to become late, to fall behind	N4
起す	おこす	to wake	N4
行う	おこなう	to perform; to do; to conduct oneself; to carry out	N4
怒る	おこる	to get angry, to anger; to scold	N4
押し入れ	おしいれ	closet	N4
お嬢さん	おじょうさん	someone else's daughter; young lady, miss (form of address); Miss (form of address)	N4
お宅	おたく	your home; geek	N4
落る	おちる	to fall or drop	N4
おっしゃる	おっしゃる	to say (honorific for 言う)	N4
夫	おっと	husband	N4
おつり	おつり	change from purchase, balance	N4
音	おと	a sound; when used with a \"hear\" verb, a rumor or fame; news, tidings; a reply, response	N4
落す	おとす	to drop	N4
踊り	おどり	a dance	N4
踊る	おどる	to dance; to act in accordance with someone else's plans (see 踊らす)	N4
驚く	おどろく	to be astonished, surprised, amazed, startled	N4
お祭り	おまつり	festival	N4
お見舞い	おみまい	calling on someone who is ill,enquiry	N4
お土産	おみやげ	honorific form of 土産	N4
思い出す	おもいだす	remember, recall, evoke memory of	N4
思う	おもう	to think, to deem, to imagine, ponder, to speculate; to think that; to long for, to yearn for	N4
おもちゃ	おもちゃ	玩具: toy	N4
表	おもて	surface; face (visible side of an object); front (of a building), obverse side of a coin (\"heads\"); cover attached to a surface; outer clothing; facade; appearance; outside; exterior; public; official; main entrance of a house; front door; outside a house; outdoors; street in front of a house; first half, top (of an inning); short for 表千家 (omotesenke) Foundation of Fushin-an; front room; living room; foreground; front of something	N4
親	おや	a parent; the originator or founder of a school, company, or other organization; the boss or leader; the larger one of several objects of the same kind; the dealer, (gambling) the banker; one's ancestors, one's forebears	N4
下りる	おりる	to go down, descend; to be granted, be given	N4
折る	おる	to bend, to fold	N4
お礼	おれい	お礼: an expression of gratitude	N4
折れる	おれる	to snap; to break	N4
終わり	おわり	end; conclusion; finish; death; collapse; fall; stem or continuative form of 終わる (owaru)	N4
カーテン	かーてん	a curtain (both literal, as in a window covering: “open the curtains to let in the light”, and figurative, as in a barrier: “the Iron Curtain”)	N4
海岸	かいがん	coast; shore (the border between land and sea)	N4
会議	かいぎ	meeting, conference; to hold a meeting	N4
会議室	かいぎしつ	meeting room, conference room	N4
会場	かいじょう	meeting place; party place; venue	N4
会話	かいわ	conversation; to talk with, to have a conversation	N4
帰り	かえり	return; stem or continuative form of 帰る (kaeru)	N4
変える	かえる	to change, to make different; to move or shift to a different time or place	N4
科学	かがく	science; a field of study	N4
鏡	かがみ	a mirror (smooth reflecting surface); short for 鏡餅 (kagami mochi): a set of mochi rice cakes used in New Year celebrations; short for 鏡物 (kagamimono, “a history book with 鏡 (kagami) in the title”); short for 鏡板 (kagami ita): the panel at the back of a noh stage that is painted with an image of an old pine tree; the barrelhead or lid of a sake barrel; a placename; a surname; a female given name	N4
飾る	かざる	to decorate, adorn	N4
火事	かじ	a fire (damaging occurrence of fire)	N4
ガス	がす	natural gas; gas; a dense thick fog	N4
ガソリン	がそりん	gasoline (motor fuel)	N4
ガソリンスタンド	がそりんすたんど	gas station, petrol station	N4
堅い	かたい	firm, resolute; honest, steadfast; stern, strict, serious; safe; indestructible, unwreckable	N4
硬い	かたい	Keeping a material's shape that does not crack or break apart; hard.; Keeping one's appearance or facial expression; serious.	N4
固い	かたい	hard; strong; firm; tight; strict; inflexible	N4
形	かたち	shape or form; shapeliness: see 形有り (katachiari); form, as opposed to substance	N4
片付ける	かたづける	to tidy up, to put in order	N4
課長	かちょう	section manager; section chief; short for 化学調味料 (kagaku chōmiryō)	N4
勝つ	かつ	to win; to win when doing something	N4
格好	かっこう	appearance	N4
家内	かない	(one's own) wife; family; the inside of the house	N4
悲しい	かなしい	sad, sorrowful	N4
必ず	かならず	absolutely, categorically, certainly, definitely, surely; inevitably, invariably, without fail, necessarily, always	N4
お金持ち	おかねもち	rich man	N4
金持ち	かねもち	wealthy person	N4
彼女	かのじょ	a girlfriend (a female partner in a romantic relationship)	N4
壁	かべ	wall; something that impedes progress; tofu; a 掛詞 (kakekotoba) for 寝る (nuru) by way of 塗る (nuru); a vertical cliff	N4
かまう	かまう	to care about; to mind; to pay attention (affectionate) to a person	N4
髪	かみ	hair on the head	N4
噛む	かむ	to bite; to chew; to fumble one's words; to mispronounce	N4
通う	かよう	to commute, to go back and forth, to ply between, to attend (school)	N4
ガラス	がらす	glass (substance)	N4
彼	かれ	distal demonstrative, something far off removed from both speaker and listener: that, yon; third person pronoun: he, she; particularly, male personal third person pronoun: he; by extension from he: boyfriend	N4
彼ら	かれら	they	N4
乾く	かわく	to dry (become dry), to dry up	N4
代わり	かわり	substitution, substitute; substitute, deputy, proxy; compensation, exchange; second helping, refill; stem or continuative form of 代わる (kawaru)	N4
変わる	かわる	to change; to become different; to turn into; to become (something else)	N4
考える	かんがえる	think; meditate; consider; reflect; prepare; make up one's mind; expect; imagine; contrive	N4
関係	かんけい	relationship, relation; involvement, participation; personal connection, family relationship; romantic relationship; be related; be romantically involved	N4
看護婦	かんごふ	female nurse	N4
簡単	かんたん	easy; simple, uncomplicated; brief, light, short; ease; simplicity; lightness, brevity	N4
気	き	spirit, mood; inclination, will, mood, urge; feeling, sense; air, gas	N4
機会	きかい	opportunity, chance	N4
危険	きけん	dangerous; risky; danger	N4
聞こえる	きこえる	to be heard; to be audible; sound, be taken as (give someone a certain impression from hearing); to be widely known; to be famous	N4
汽車	きしゃ	steam locomotive, train	N4
技術	ぎじゅつ	technology; technique; technical	N4
季節	きせつ	season (period of the year based on the typical weather, e.g. winter); season (a given period for sports, celebration, etc.)	N4
規則	きそく	rule; regulation	N4
きっと	きっと	surely, certainly; sternly	N4
絹	きぬ	silk; a female given name	N4
厳しい	きびしい	stern, grave, forbidding; dignified, stately; strict, unforgiving; tight, close, without gaps; harsh, tough, extreme, severe, hard to withstand (said of natural phenomena); extreme, excessive, terrible (said of an action); dire, difficult, tight (said of a situation)	N4
気分	きぶん	feeling, mood	N4
決る	きまる	to be decided	N4
君	きみ	a ruler of a country; an emperor; a lord; a master; a nobleman or other person of high(er) rank; a prostitute; one of the hereditary titles bestowed to local chiefs in ancient Japan	N4
決める	きめる	to make a choice between multiple alternatives, to decide; to decide to do something: to do something on purpose; to perform a maneuver, to carry out a tactical action; to decide on an opinion: to believe in an opinion firmly; to decide on a common course of action: to be accustomed to do, to do habitually; to make an impressive or attractive physical appearance, usually by grooming oneself or making some unusual gestures; キメる: (derogatory) to decide to eat or use something: to eat, to intake, to consume	N4
気持ち	きもち	a feeling, sensation, feelings; a state of mind, mood; mood of a place; atmosphere; feeling depending on a physical condition; a little, a bit	N4
着物	きもの	a kimono	N4
客	きゃく	guest; visitor; customer; client; patron	N4
急	きゅう	sudden; immediate, rapid	N4
急行	きゅうこう	express (quick mode of transportation, particularly of trains)	N4
教育	きょういく	education; to educate	N4
教会	きょうかい	church	N4
競争	きょうそう	competition; contest; to compete	N4
興味	きょうみ	interest	N4
近所	きんじょ	a neighborhood	N4
具合	ぐあい	bodily condition, health; the state of something, especially how something is going or how well it is doing	N4
空気	くうき	air, atmosphere; mood, atmosphere, usually with peer pressure; someone or something with a weak presence	N4
空港	くうこう	airport	N4
草	くさ	grass; a weed; a herb; a scout, a spy (from the way one would hide in the grass to observe enemy troops); pubic hair; (usually in hiragana) alternative name of the yaku 草(くさ)短(たん) (kusatan); a fake, a mimic, not the real thing; amateur, small-time; LOL; \"grass\", in reference to the expression w (w, “LOL”); LOLs; ellipsis of 草(が)生える (kusa (ga) haeru, literally “grass grows”): (Internet slang) … it's hilarious	N4
くださる	くださる	(respectful) to give	N4
首	くび	neck (part of the body connecting head and torso); the neck and head as a whole; dismissal from employment	N4
雲	くも	a cloud (visible mass of water droplets or other related material suspended in the air); of how clouds are widely spread:; something spreading over like clouds in the sky; something clouded, foggy, or gloomy; of how clouds are high above in the sky:; the sky, heavens; a person or object of higher rank or status; something clouded, obscure, or unusual; the smoke during cremation that is thought to be the soul of the deceased person ascending into the heavens; a style of 家紋 (kamon, “family crest”) with a design of cloud(s), usually associated with major Buddhist temples; a surname	N4
比べる	くらべる	to compare, contrast; to compete, contend; to communicate heart to heart	N4
呉れる	くれる	to give to me, to us, or to someone close to me; to do something for me, for us, or for someone close to me	N4
暮れる	くれる	to get dark, (for night) to fall; to end; to be overwhelmed by an emotion, to be lost in thought	N4
君	くん	suffix for boys' names; indicates respect; indicates familiarity	N4
毛	け	hair, fur	N4
計画	けいかく	a plan, planning, schedule, conception; to plan, to make a plan, to plot, to lay out	N4
経験	けいけん	experience (an experience or one's (overall) experience); to experience	N4
経済	けいざい	economics; the study of economics; economy	N4
警察	けいさつ	police; short for 警察署 (keisatsusho, “police station”)	N4
ケーキ	けーき	cake	N4
怪我	けが	an injury, a wound; to get hurt, to injure oneself	N4
景色	けしき	scenery, scene, landscape	N4
消しゴム	けしごむ	an eraser, a rubber	N4
下宿	げしゅく	boarding; lodge	N4
決して	けっして	never, by no means; not in the least	N4
けれど	けれど	informal form of けれども (keredomo)	N4
けれども	けれども	although; though; but; Used to introduce context or provide additional information before introducing a new topic.; however; be that as it may; but	N4
原因	げんいん	cause (source or reason of an event or action)	N4
喧嘩	けんか	a fight, a physical confrontation; a quarrel, a verbal dispute; to quarrel with; to fight with (not militarily)	N4
研究	けんきゅう	a piece of research, a study, investigation; to research, to study	N4
研究室	けんきゅうしつ	a laboratory	N4
見物	けんぶつ	sightseeing; sightsee	N4
子	こ	a child; a girl, especially a dear or desired one (compare use of English baby, babe); creature; a smaller or younger version of a bigger object; person who is dealt cards; an object which has a subservient or derivative role relative to another object; suffix used in female given names, such as 智子 (Tomoko), 英子 (Eiko), 秀子 (Hideko), 美奈子 (Minako), 有希子 (Yukiko); suffix used in male given names; an object having a particular state or property (sometimes diminutive); roe (only when preceded by a fish name, or fish-related prefix); a surname	N4
斯う	こう	like this, in this way, so, thus	N4
郊外	こうがい	suburb; outskirts	N4
講義	こうぎ	lecture; lecture, give a lecture	N4
工業	こうぎょう	industry	N4
高校	こうこう	high school; senior high school	N4
高校生	こうこうせい	high school student	N4
工場	こうじょう	factory; workshop; mill; plant	N4
校長	こうちょう	principal or headteacher of a school	N4
交通	こうつう	transportation; traffic; social intercourse; to travel along a specific route; to have contact with other people, to engage in social intercourse	N4
講堂	こうどう	auditorium	N4
高等学校	こうとうがっこう	high school, senior high school	N4
公務員	こうむいん	public sector workers, civil servants	N4
国際	こくさい	The quality of being international.	N4
心	こころ	mind, heart, spirit, soul; thoughts, ideas; attention, mind, interest; heart, feelings, emotion, emotional state; wholeheartedness, sincerity, true heart; sympathy, heart, consideration, generous disposition; a meaning, essence; an answer (to a riddle, etc.); the heart as an organ in the body; the chest; the title of a book; a unisex given name	N4
御主人	ごしゅじん	(honorable) your husband	N4
故障	こしょう	break, break down, have a fault, go out of order; break, break down, have a fault	N4
ご存じ	ごぞんじ	knowing,acquaintance	N4
答	こたえ	alternative spelling of 答え	N4
ごちそう	ごちそう	a feast	N4
こと	こと	broadly, any abstract thing, affair, matter, or fact; a thing, occasion, circumstances, detail, particular; act of (word used for the nominalization of verbs, adjectives, or phrases); experience, having been or done (used with ある (aru, “have, possess”)); event of special importance: affair, something, incident, case, occurrence, trouble; business matters, affairs, business, work, duty; Used as a nominalizer for precepts.; It is said that; I've heard that (used with とのこと); Used to introduce aliases/stage names.	N4
小鳥	ことり	small bird, little bird; a female given name; a surname	N4
このあいだ	このあいだ	the other day, lately, recently, during this period, not too long ago; the other day, a recent time	N4
このごろ	このごろ	recently; soon; nowadays, these days, at present	N4
細かい	こまかい	fine, detailed, small; trivial, trifling	N4
塵	ごみ	dust; impurity; one billionth	N4
込む	こむ	be crowded; be complicated; go into, go in; put into; become some state completely; do thoroughly; remain in the same state, such as remain sitting or remain silent	N4
米	こめ	rice (husked grains of the Asian rice plant, Oryza sativa), one of the five grains; a female given name; a surname	N4
ごらんになる	ごらんになる	(respectful) to see	N4
これから	これから	from now on; from this point on; from now	N4
怖い	こわい	frightening, scary, terrifying; frightened, scared, afraid; creepy for its mysterious ability	N4
壊す	こわす	to break, destroy, ruin, wreck (something)	N4
壊れる	こわれる	to break, to be broken, to be destroyed, to be wrecked; to fall through; to be broken off; to go mad; to lose it	N4
コンサート	こんさーと	music concert	N4
今度	こんど	now, this time; recent, last; next time, again, another, this coming	N4
コンピュータ	こんぴゅーた	alternative form of コンピューター	N4
コンピューター	こんぴゅーたー	computer	N4
今夜	こんや	this evening; tonight	N4
最近	さいきん	the latest; the most recent; nowadays; recently	N4
最後	さいご	last, end, conclusion; last, final	N4
最初	さいしょ	firstly; first, the beginning, the start	N4
坂	さか	alternative form of 阪	N4
探す	さがす	to search	N4
下る	さがる	descend; hand down an order, issue, sentence; surrender; have diarrhea	N4
盛ん	さかん	prosperous, flourishing; popular; enthusiastic, energetic; heavy (as in snow or rain); lots (as in amounts of something)	N4
下げる	さげる	to lower	N4
差し上げる	さしあげる	lift up, raise; give	N4
先	さっき	before, previous; end, tip; earlier, the past; afterwards, the future; the destination of a motion or action; sequel; ahead, in front	N4
寂しい	さびしい	lonely; desolate; depressing, sad	N4
さ来月	さらいげつ	the month after next	N4
さ来週	さらいしゅう	the week after next	N4
サラダ	さらだ	salad	N4
騒ぐ	さわぐ	to make noise; to make merry; to clamour	N4
触る	さわる	to touch, to feel	N4
産業	さんぎょう	industry	N4
サンダル	さんだる	sandals	N4
サンドイッチ	さんどいっち	a sandwich (snack consisting of two slices of bread)	N4
残念	ざんねん	regretful; with connotations of pity, sadness, disappointment, and shame; with connotations of vexation or mortification (often used to end a sentence); regret	N4
市	し	city	N4
字	じ	letter, character; handwriting, penmanship; letters, characters	N4
試合	しあい	match, game	N4
仕方	しかた	a way to do something, method, means; behavior towards others, treatment	N4
然る	しかる	adnominal of 然り (shikari, “to be like so, to be thus”)	N4
試験	しけん	examination, exam, test; quiz; to examine; to test	N4
事故	じこ	accident; incident; trouble	N4
地震	じしん	an earthquake	N4
時代	じだい	age, era, period (of time); the times, spirit of the age; antiquity; a time in one's life, one's days (in college etc.)	N4
下着	したぎ	underwear, an undergarment; an inner robe	N4
支度	したく	preparations; equipment; prepare, set up	N4
しっかり	しっかり	tight; reliable; fast (in a firm or secure manner), tightly; surely, unwaveringly, steadily, reliably; stable, fulfilled	N4
失敗	しっぱい	failure, miscarriage; mistake, fault, error; fail; make a mistake	N4
辞典	じてん	a dictionary	N4
品物	しなもの	goods, merchandise, article	N4
しばらく	しばらく	little while	N4
島	しま	an island (land surrounded by water); one's domain, territory, turf; a surname	N4
市民	しみん	citizen(s); townsperson/townspeople	N4
事務所	じむしょ	an office	N4
社会	しゃかい	society (group of people sharing culture); a class, a world of a certain group	N4
社長	しゃちょう	president; CEO; executive director	N4
じゃま	じゃま	hindrance,intrusion	N4
ジャム	じゃむ	jam; jelly; a sweet mixture of fruit boiled with sugar	N4
自由	じゆう	free (as in freedom); flexible; freedom, liberty; demand (for goods or services); a toilet, a restroom	N4
習慣	しゅうかん	custom, habit; way	N4
住所	じゅうしょ	address; domicile	N4
柔道	じゅうどう	judo	N4
十分	じゅうぶん	enough, plenty, sufficient; being enough, plenty, sufficient; fully, thoroughly; division into ten equal parts; to divide into ten equal parts	N4
出席	しゅっせき	attendance, presence; attend, be present	N4
出発	しゅっぱつ	departure; depart	N4
趣味	しゅみ	a hobby (activity done for enjoyment in spare time); one's taste (set of preferences)	N4
準備	じゅんび	preparations; prepare	N4
紹介	しょうかい	introduction; introduce	N4
小学校	しょうがっこう	elementary school, primary school	N4
小説	しょうせつ	novel, story, fiction	N4
招待	しょうたい	invitation; invite, entertain	N4
承知	しょうち	consent, agreement; permission; forgiveness; knowledge, understanding; consent to, agree to; permit; forgive; know, understand	N4
将来	しょうらい	the future; future prospects; in the future	N4
食事	しょくじ	meal; diet; have a meal, eat	N4
食料品	しょくりょうひん	foodstuff, groceries	N4
女性	じょせい	a woman (adult female person); the feminine gender	N4
知らせる	しらせる	to let someone know something; to notify, to report, to inform, to give notice	N4
調べる	しらべる	to investigate, to look up, to look into, to study, to examine, to check up on, to look over; to play, to perform (an instrument); to tune	N4
人口	じんこう	population	N4
神社	じんじゃ	a shrine, especially a Shinto shrine	N4
親切	しんせつ	kind, helpful, friendly, obliging; kindness, helpfulness, friendliness	N4
心配	しんぱい	uneasy, worrying; anxiety, concern, worry, uneasiness; good offices; worry, be anxious; take care of, help	N4
新聞社	しんぶんしゃ	newspaper agency	N4
水泳	すいえい	swimming; swim	N4
水道	すいどう	water service, water supply; channel; aqueduct	N4
ずいぶん	ずいぶん	extremely	N4
数学	すうがく	mathematics (field of study)	N4
スーツ	すーつ	a suit (set of clothes); alternative form of スート (sūto, “suit”) (set of cards distinguished by color and emblems)	N4
スーツケース	すーつけーす	suitcase	N4
過ぎる	すぎる	to pass by, to pass through; to go beyond; to elapse; to exceed; to be excessive; too, too much; Used for emphasis.	N4
空く	すく	become empty (not crowded; not full); become free (not busy)	N4
スクリーン	すくりーん	screen of a computer, television, movie theater, etc.	N4
凄い	すごい	horrible, dreadful, ghastly; terrific, terrible, awful; amazing, splendid, fantastic, great; striking, remarkable; greatly, wonderfully	N4
進む	すすむ	to go forward, to advance, to progress; to improve, to progress	N4
すっかり	すっかり	completely, thoroughly	N4
すっと	すっと	straight, quickly, all of a sudden; smoothly	N4
ステーキ	すてーき	steak (slice of beef)	N4
捨てる	すてる	to throw away; to abandon; to desert; to jilt	N4
ステレオ	すてれお	having stereo audio; a stereo; stereo	N4
砂	すな	sand; grit	N4
すばらしい	すばらしい	wonderful	N4
滑る	すべる	glide, slide; slip, skid; fail an exam; for words to slip out, commit a faux pas; to bomb	N4
隅	すみ	corner; nook	N4
済む	すむ	to finish, to be complete, to be settled; to do with, to manage with; to get off, to incur minor consequences, to settle; to be sorry	N4
掏摸	すり	pickpocket	N4
すると	すると	thus, so, thereupon, hereupon	N4
生活	せいかつ	life; livelihood; daily living.; live a life	N4
生産	せいさん	production; manufacture; manufacture, produce	N4
政治	せいじ	politics	N4
西洋	せいよう	The West, western countries	N4
世界	せかい	world; a metaphorical world (how one lives one's life); society, the times; a realm, a circle, a sphere; the four inner realms of 須弥山 (Shumisen); realm governed by a buddha; space, universe; the World; a female given name; a surname	N4
席	せき	seat; meeting place; venue; position; status	N4
説明	せつめい	explanation; to explain	N4
背中	せなか	one's back	N4
ぜひ	ぜひ	without fail	N4
世話	せわ	care, looking after, help, favor	N4
線	せん	line; level; beam; ray	N4
全然	ぜんぜん	at all (with negative verb); totally, completely (with affirmative verb)	N4
戦争	せんそう	war (conflict involving organized use of arms); war; to wage war	N4
先輩	せんぱい	a person who entered one’s school earlier; an upperclassman; an older alumnus (graduate) of one’s school; a person who entered one’s workplace earlier; a senior; one who has seniority; an elder (one who is older); a person who is higher in social standing or level of education, skill, or experience; a superior	N4
そう	そう	so, like that, in such a way, such; yes, yeah; it's like that; that's how it is; I see. (interjection to show that the speaker is paying attention); seem, seem like, appear; apparently, heard that (relating something heard from someone or somewhere else)	N4
相談	そうだん	advice, counsel, consultation; to consult	N4
育てる	そだてる	To raise, to rear, to foster, to bring up.	N4
卒業	そつぎょう	graduation; outgrowth; graduation (leaving a group); to graduate; to outgrow; to graduate (leave a group)	N4
祖父	そふ	a grandfather	N4
ソフト	そふと	soft (giving way under pressure); soft (gentle); clipping of ソフトウェア (sofutowea, “software”); clipping of ソフトボール (sofutobōru, “softball”)	N4
祖母	そぼ	grandmother	N4
それで	それで	because of that, and, thereupon	N4
それに	それに	besides; moreover	N4
それほど	それほど	to that degree, extent	N4
そろそろ	そろそろ	slowly; shortly, soon	N4
そんな	そんな	like that; that kind of; Expression of disbelief, 'no (way)', 'impossible', 'it can't be', 'I don't believe it'.	N4
そんなに	そんなに	so much, like that, so	N4
退院	たいいん	leaving a hospital; retirement from the Diet; to leave a hospital; to retire from the Diet	N4
大学生	だいがくせい	a (university) student	N4
大事	だいじ	important; difficult, highly troubling; seriously ill or injured; grave; An important thing; a serious matter; a valuable thing; trouble	N4
大体	だいたい	general, rough (idea); almost; approximately; absolutely	N4
大抵	たいてい	generally, mostly, for the most part; usually, normally, as a rule, more often than not, most of the time, much (a great deal) of the time; more or less; nearly all, almost all; almost, nearly; probably	N4
タイプ	たいぷ	type, kind, sort; clipping of タイプライター (taipuraitā, “typewriter”); being a type (that one likes)	N4
大分	だいぶ	much, many; more than expected, extremely, considerably; a large amount, a great deal	N4
台風	たいふう	a tropical storm, with wind speeds over 34 knots (17 m/s).; a storm; a cyclone; a hurricane; willy willy	N4
倒れる	たおれる	fall, collapse; go bankrupt; 斃れる, 敝れる: to die	N4
だから	だから	Used other than figuratively or idiomatically: see だ, から.; therefore, so, consequently; Used to emphasize a point.	N4
確か	たしか	certain, clear, without a doubt; secure, reliable, able to be trusted completely; if I remember correctly, in my memory, as I recall	N4
足す	たす	add; plus (addition)	N4
訪ねる	たずねる	call on someone, visit	N4
尋ねる	たずねる	ask (a question); search, look for, investigate	N4
正しい	ただしい	true, straight, unwarped, unskewed, proper; correct, right, true; 貞しい: righteous, having integrity, not bending to others' wills	N4
畳	たたみ	tatami; a tatami mat; tatami; a unit of area, approximately 1.65 square metres.; repeat, duplicate; repetitious	N4
立てる	たてる	to stand, to place in an upright position; to release something physical but not solid or liquid; to start (a thread)	N4
建てる	たてる	to build, to construct	N4
例えば	たとえば	for example, exempli gratia, for instance, such as	N4
棚	たな	shelf, ledge, rack, trellis	N4
楽しみ	たのしみ	joy; that which one happily anticipates; stem or continuative form of 楽しむ (tanoshimu)	N4
楽む	たのしむ	to enjoy oneself	N4
たまに	たまに	once in a while, occasionally, now and then	N4
為	ため	the twelfth string on a 箏 (koto, “Japanese zither”); a fingering method for playing the 尺八 (shakuhachi, “Japanese endblown flute”); do, perform, carry out	N4
だめ	だめ	no good	N4
足りる	たりる	suffice	N4
男性	だんせい	man, boy, male person; masculine gender	N4
暖房	だんぼう	room heating; heat a room	N4
血	ち	blood	N4
チェック	ちぇっく	check; check/cheque	N4
力	ちから	strength; power; force; force; ability; capacity; effort; Strength; a male given name; a surname	N4
ちっとも	ちっとも	not at all (used with a negative verb)	N4
ちゃん	ちゃん	title affixed to people's names: -chan; title affixed to animals	N4
注意	ちゅうい	caution; warning; attention; to be careful, to watch out, to exercise caution	N4
中学校	ちゅうがっこう	middle school, junior high school	N4
注射	ちゅうしゃ	injection; to inject	N4
駐車場	ちゅうしゃじょう	parking lot, car park	N4
地理	ちり	geography; geographical features; topography	N4
捕まえる	つかまえる	to catch; to take hold of; to arrest, to seize	N4
月	つき	the moon; a natural satellite; moonlight, moonbeam; a 家紋 (kamon, “family crest”) with various designs of the moon; the Moon, the eighteenth trump or major arcana card in most traditional Tarot decks; a month; short for 月囲い (tsukigakoi): a mistress on a monthly allowance; a menstrual cycle, menstruation (believed to be caused by the moon); a female given name; a surname	N4
付く	つく	to attach itself to, to stick (to), to adhere (to), to be connected with; to come in contact with, to touch, to reach; to be attached to, to belong to, to join, to associate with, to take up the cause of; to gain (weight, power), to become proficient, to grow (wise); to attend on, to go with, to accompany, to be by someone's side; to be installed, to be built; to be written, to be registered; to be perceived, to be detected; to catch fire, to be ignited; to take, to take root; to cost, to amount to; to be settled, to be established; to be in luck; (of a penis) to be attached to someone	N4
漬ける	つける	to let soak; to immerse; to pickle	N4
都合	つごう	convenience; circumstances; condition; to arrange; to manage; in total	N4
伝える	つたえる	to convey, to communicate	N4
続く	つづく	to continue; to happen consecutively, continue in a row; to lead to; to succeed, follow after; to continue to do something; to do something consecutively; to occur immediately or instantly; to chronicle; to connect	N4
続ける	つづける	to continue; to repeat again and again; to connect something together without any gaps; to adjoin	N4
包む	つつむ	to wrap; to pack; to do up	N4
妻	つま	a spouse; a wife (married woman); a side dish; a tangent, a digression, something to the side of the main thing	N4
積もり	つもり	intend to, purpose of, plan to; convicted to, believe to; head	N4
釣る	つる	to fish, to angle	N4
連れる	つれる	to lead, to take, to conduct	N4
丁寧	ていねい	polite, civil, courteous; careful; politeness, courteousness; care	N4
テキスト	てきすと	text (a written passage); clipping of テキストブック (tekisutobukku, “textbook”)	N4
適当	てきとう	suitable; appropriate; fit; random, indiscriminate, as one will; half-arsed, lazy, slovenly; suitability; appropriateness; fitness; indiscrimination	N4
できるだけ	できるだけ	as much as possible	N4
手伝う	てつだう	to help; to assist	N4
テニス	てにす	tennis (sport played by two or four players with strung racquets)	N4
手袋	てぶくろ	glove; mitten	N4
寺	てら	a temple	N4
点	てん	items or goods; points; marks (in a competition, examination, etc.); spot, dot; score, grade, mark(s); point	N4
店員	てんいん	shop clerk, salesperson	N4
天気予報	てんきよほう	weather forecast	N4
電灯	でんとう	light, electric light	N4
電報	でんぽう	telegram	N4
展覧会	てんらんかい	exhibition	N4
都	と	a capital city; a city, metropolis; short for 東京都 (Tōkyō-to): the capital prefecture of Tokyo; counter for metropolis prefectures	N4
道具	どうぐ	tool (mechanical device intended to make a task easier); a means, something used to perform an operation	N4
到頭	とうとう	finally; at last; reaching a head	N4
動物園	どうぶつえん	zoo; zoological garden	N4
遠く	とおく	a faraway place; somewhere far away	N4
通る	とおる	to go through, to pass	N4
特に	とくに	specially; particularly, especially	N4
特別	とくべつ	special	N4
とこや	とこや	床屋: barbershop, barber	N4
途中	とちゅう	on the way; along the way; en route; halfway; in the middle of; incompletion; unfinishedness	N4
特急	とっきゅう	short for 特別急行; haste	N4
届ける	とどける	to deliver	N4
泊まる	とまる	stay, such as at a hotel; lodge	N4
止める	とめる	to stop; to forbid, to hinder; to focus on; to bear in mind; to set in place; to park; to write as a thrown stroke to the bottom right (㇔)	N4
取り替える	とりかえる	exchange, change for, swap; replace, change	N4
泥棒	どろぼう	thief; theft; to thieve, to steal	N4
どんどん	どんどん	drumming sound, boom, bang; steadily, one after another, rapidly	N4
直す	なおす	to fix, to repair; to change, to alter; to correct, to make proper; to redo something; to put back, to put away	N4
直る	なおる	to be repaired	N4
治る	なおる	to heal	N4
中々	なかなか	very, quite, considerably, rather; by no means	N4
泣く	なく	to cry; to weep; to sob; to howl; to grieve over something	N4
無くなる	なくなる	to disappear, to fade, to get lost	N4
亡くなる	なくなる	to die	N4
投げる	なげる	to throw; to throw away	N4
なさる	なさる	to do; honorific form of する (suru)	N4
鳴る	なる	to ring, to sound, to roar, to chime, to honk	N4
なるべく	なるべく	as... as possible; if possible	N4
なるほど	なるほど	now I understand	N4
慣れる	なれる	get used to	N4
におい	におい	smell, scent; 匂い: good smell, scent, fragrance; 臭い: foul odor	N4
苦い	にがい	bitter	N4
二階建て	にかいだて	two storied	N4
逃げる	にげる	to escape; to run away; to get away (so to not get caught); to escape (from a dangerous or bad situation); to avoid, to stay away from; to hold on (and win); to win narrowly; to deviate from normal (condition, direction)	N4
日記	にっき	a record of events and facts; a record of daily events or thoughts; a diary or journal	N4
入院	にゅういん	hospitalisation; to enter the hospital, to be hospitalized	N4
入学	にゅうがく	entry to school or university; matriculation; enter a school	N4
似る	にる	to resemble, look like; to be similar to	N4
人形	にんぎょう	doll; puppet; a picture of someone's appearance; a puppet, one who carries out actions for someone else; a tailor's dummy, a mannequin	N4
盗む	ぬすむ	to steal	N4
塗る	ぬる	to paint or plaster; to spread on, to dab on, to apply; to fill in	N4
ぬれる	ぬれる	to get wet	N4
ねだん	ねだん	price	N4
熱	ねつ	fever; heat; passion; mania; fever (towards an activity or topic)	N4
ねっしん	ねっしん	enthusiasm	N4
寝坊	ねぼう	oversleeping; one who sleeps late or oversleeps; to oversleep, to sleep in	N4
眠い	ねむい	sleepy; drowsy	N4
眠る	ねむる	to sleep; to die; to be buried	N4
残る	のこる	remain, be left	N4
喉	のど	throat; the inside margin, whichever vertical margin that is adjacent to the spine of the book	N4
乗り換える	のりかえる	transfer, change (e.g., a bus or a train)	N4
乗り物	のりもの	vehicle (conveyance)	N4
葉	は	leaf, needle, blade (of a plant)	N4
場合	ばあい	if, when; case, occasion, circumstances, situation	N4
パート	ぱーと	part (portion); part (role in a performance); part-time work	N4
倍	ばい	twice, double, two times; times, -fold; a multiple of 全角 (zenkaku, “fullwidth/-height”) or 1 em in Western typography; a unit in newspaper typesetting, equal to 88 mils, ⁸⁸⁄₁₀₀₀ in, 8 U (U) and ¹⁄₁₆ 段 (dan)	N4
拝見	はいけん	seeing; look (at)	N4
歯医者	はいしゃ	dentist	N4
運ぶ	はこぶ	to convey, transport, move	N4
始める	はじめる	to begin, to start, to initiate; 創める: to set up, to create, to establish, to found; to start doing, to begin	N4
場所	ばしょ	place, location; site (location designated for some purpose); space, room; a seat; tournament	N4
筈	はず	notch of an arrow, nock; \"it should be so\"	N4
恥ずかしい	はずかしい	shy; embarrassed, embarrassing; ashamed	N4
パソコン	ぱそこん	clipping of パーソナルコンピューター (pāsonaru konpyūtā, “personal computer”); a PC	N4
発音	はつおん	pronunciation; sounding; to pronounce (to make the sound associated with a word); to sound	N4
はっきり	はっきり	clearly, distinctly, straight; visibly; be clear and distinct	N4
花見	はなみ	flower viewing: more specifically, involves large groups of people picnicking in parks when the sakura (cherry blossoms) are in bloom in the spring	N4
林	はやし	a grove, woods, copse; a forest of something; a surname; a female given name	N4
払う	はらう	to drive away, to get rid of; to give away, to pay; to empty; to write as a sweeping stroke to the bottom right (㇏)	N4
番組	ばんぐみ	program; programming	N4
反対	はんたい	opposite, reverse; opposition; disagreement; defiance; contrary to one’s expectations or intentions; to be opposite to; to oppose to; to object to	N4
ハンドバッグ	はんどばっぐ	handbag (small bag used by women)	N4
日	ひ	陽: the sun; 陽: sunlight, sunshine; 陽: daytime, daylight; a day; time and date; a daily (something done every day); the weather; a (usually unfortunate) case, event, situation; the times (age, era, or time in the past); an auspicious or inauspicious aspect of a given day; a 家紋 (kamon, “family crest”) with a sun-shaped design	N4
火	ひ	a fire:; a flame; cooking fire; a firestarter; sparks; light (matches or lighter); heat; a conflagration; a signal fire; a light; a burning passion; menstruation	N4
ピアノ	ぴあの	a piano	N4
冷える	ひえる	to become cold, cool down	N4
光	ひかり	a physically perceived light:; a light, beam, illumination; a gleam, glow, ray; a glimmer, shine, sparkle; a luster/lustre, polish, sheen; a metaphorical light:; glory, influence, power; a glimmer, gleam; positive aspect; a displaying, putting on airs; a vision, eyesight; relating to light or vision: optical, photo-; short for 光り物 (hikarimono): sashimi with some of the silver-colored skin left; any of the five highest ranked playing cards in a hanafuda deck; Hikari (a city in Yamaguchi Prefecture, Japan); one of the bullet train services running on the 東海道 (Tōkaido) or 山陽 (San'yō) shinkansen; a surname; a male or female given name	N4
光る	ひかる	to shine, gleam, glitter; to shine, stand out, be excellent	N4
引き出し	ひきだし	drawer (open-topped box in a cabinet used for storing); withdrawal	N4
引き出す	ひきだす	take out, withdraw	N4
髭	ひげ	mustache	N4
飛行場	ひこうじょう	an airfield; a non-commercial airport	N4
久しぶり	ひさしぶり	after a long time of absence; long time no see; it's been a while	N4
美術館	びじゅつかん	art gallery, art museum	N4
非常に	ひじょうに	extremely	N4
びっくり	びっくり	startledly, surprisedly, astonishedly; to be surprised, to be startled, to be frightened, to be astonished	N4
引っ越す	ひっこす	to move house, to change residence	N4
必要	ひつよう	needed, necessary; need, necessity	N4
ひどい	ひどい	cruel; severe, terrible; very bad, terrible	N4
開く	ひらく	to open, lift, uncover, unpack; to bloom; to start, open (a store); to write a Japanese word using hiragana	N4
ビル	びる	clipping of ビルディング (birudingu, “(non-residential) building”); bill of sale, invoice; banknote, note, draft, coupon, certificate, promissory note; a transliteration of the English male given name Bill; a transliteration of the German surname Bill	N4
昼間	ひるま	daytime	N4
昼休み	ひるやすみ	lunch break; noon recess	N4
拾う	ひろう	to pick up; to pick up (a sound); to hail (a taxi); to pick up (a passenger)	N4
ファックス	ふぁっくす	a fax (either the device for transmitting facsimiles, or the transmitted document)	N4
増える	ふえる	to increase (in numbers, quantity, or volume); 殖える: to increase, especially money or living organisms	N4
深い	ふかい	deep, profound; thick; close	N4
複雑	ふくざつ	complex (not simple or straightforward)	N4
復習	ふくしゅう	review; to review	N4
部長	ぶちょう	A department chief within a company; analogous to a vice president in an American company.; The head/leader of a 部 (bu) – division, school club, etc.	N4
普通	ふつう	common, ordinary; Used when straightforwardly describing one's opinion.; the common, the ordinary, nothing special	N4
葡萄	ぶどう	grape, grapevine	N4
太る	ふとる	to grow stout or fat; for fortune to increase, for wealth to become ample	N4
布団	ふとん	a round cushion made of woven bulrush leaves, used for zazen seated Zen meditation; short for 座布団 (zabuton, “seat / sitting cushion”); traditional Japanese-style bedding, more specifically the 敷布団 (shiki-buton, “mattress”, literally “spreading / laying-down futon”) or 掛け布団 (kake-buton, “duvet or quilt”, literally “covering futon”), or a set of both, spread directly on a tatami floor	N4
舟	ふね	boat, ship, small ship	N4
不便	ふべん	inconvenient; inconvenience	N4
踏む	ふむ	to step, tread; to set foot, visit; to experience, go through; to follow, go along; to worship; to make estimates or valuations; to rhyme; to occupy a position; to buy back open interest at the risk of loss; to clam with one's feet	N4
降り出す	ふりだす	start raining	N4
プレゼント	ぷれぜんと	present, gift	N4
文化	ぶんか	culture	N4
文学	ぶんがく	literature	N4
文法	ぶんぽう	grammar	N4
別	べつ	different, separate, another; difference; another; exception; separated by	N4
ベル	べる	bell (a type of small noise-making device); bell (sounding of a bell); short for ポケットベル (poketto beru, “pager”); Bell; Belle; Böll	N4
変	へん	strange; change	N4
返事	へんじ	reply, response; answer; to reply, respond; give an answer	N4
貿易	ぼうえき	trade, commerce; to engage in trade	N4
放送	ほうそう	broadcast (a radio or TV transmission on air); to broadcast	N4
法律	ほうりつ	The field, profession, and study of law. The rule of law.; A statute. An act of a legislature.	N4
僕	ぼく	manservant, servant	N4
星	ほし	a star (luminous celestial body); a star (concave polygon with regular, pointy protrusions and indentations, especially used as a symbol to rate quality); the Star; a celestial body; planet; time, years; a round mark indicating a victory or defeat in a bout; a 家紋 (kamon, “family crest”) with various representations of stars; a star (actor in a leading role); an objective; the perp, the culprit; a kagura song sung at the end of a 御神楽 (mikagura); a surname	N4
程	ほど	extent; degree; law; formula; distance; limits; amount	N4
ほとんど	ほとんど	mostly	N4
ほめる	ほめる	褒める, 誉める: to praise; to admire	N4
翻訳	ほんやく	translation; to translate	N4
参る	まいる	to go; to come; to visit (typically a place of social or spiritual importance, such as a noble's house or a shrine); to be overcome, to cede to a superior person or superior circumstances (by extension from the older \"go to a superior\" sense); to lose to an opponent; to be bothered, overwhelmed, done in by circumstances; to die; to fall for someone romantically; to go to; to serve someone in some capacity, to do something for someone; a 脇付 (wakizuke, “respectful title written after an addressee's name”) on the side of a formal letter	N4
負ける	まける	to lose; to be defeated; to lower in price; to lose when doing something	N4
まじめ	まじめ	serious	N4
先ず	まず	first of all; anyway; about; roughly; just about; hardly; not really	N4
または	または	or,otherwise	N4
間違える	まちがえる	to make a mistake; to make an error (i.e. in calculation); to confuse, to mistake something for something else	N4
間に合う	まにあう	be in time (for); make it (in time); suit (the purpose); be enough; be sufficient	N4
周り	まわり	surroundings	N4
回る	まわる	to turn; to revolve; to spin; to circulate; to go around; to return; to prevail; to roll; to come around to (a point of view)	N4
漫画	まんが	a drawing or painting made as one pleases without restraint, such as those by Hokusai; a caricature (pictorial representation of someone or something for comic effect); a comic (cartoon story)	N4
真ん中	まんなか	center; core; dead center	N4
見える	みえる	to be seen; to be found; be able to see; be visible; be apparent; to seem, to look (a certain way), to appear (a certain way)	N4
湖	みずうみ	a lake (body of water)	N4
味噌	みそ	miso (fermented soybean paste); the innards of a crab or shrimp resembling miso; the good part (from the taste of miso); short for 味噌っ滓 (misokkasu): a good-for-nothing child; a weakling; a failure; a surname	N4
見つかる	みつかる	alternative form of 見付かる	N4
見つける	みつける	to discover	N4
皆	みな	all; every	N4
港	みなと	a sluice; a section of a river to let water in and out; a port, harbour; a place where boats can unload; a stop; Minato (one of 23 special wards in Tokyo prefecture, Japan); an administrative district in Nagoya prefecture; an administrative district in Osaka Prefecture; a male given name	N4
向かう	むかう	to face; to go towards	N4
迎える	むかえる	to receive; to anticipate (an event)	N4
昔	むかし	once (in the indeterminate past); the past, old times; ancient	N4
虫	むし	a bug, insect, worm; a serpent, snake; a worm (person living for only one thing); a worm (despicable person); a temperament (thought which is in the deep in mind); a male lover	N4
息子	むすこ	a son (male child); penis	N4
娘	むすめ	a daughter	N4
無理	むり	cannot, impossible, incapable; irrational, unreasonable, unjust; excessive; overdone; done by brute force; impossibility, incapability; irrationality; something that is excessive; overdoing something; doing things by brute force; to overexert oneself	N4
召し上がる	めしあがる	to eat	N4
珍しい	めずらしい	rare, unusual	N4
申し上げる	もうしあげる	to say	N4
申す	もうす	to say; to be called; to ask, request, or give thanks (to a kami or buddha); to make a wish; before a noun, usually with the honorific prefix 御 (o-/go-), to serve, perform an action for a superior; attaches to 連用形 (ren'yōkei, “stem form”) of a verb: to formally or otherwise ceremonially do	N4
もうすぐ	もうすぐ	soon	N4
もし	もし	若し: if; supposing; 若し: perhaps; Used to attract the attention of someone.	N4
もちろん	もちろん	of course	N4
最も	もっとも	most, -est	N4
戻る	もどる	to return; to go back; to come back	N4
木綿	もめん	cotton (fibre extracted from cotton seeds); short for 木綿糸 (momen ito): cotton thread; short for 木綿織り (momen-ori): an object woven from cotton; a female given name; a surname	N4
もらう	もらう	to receive; to take	N4
森	もり	a forest (dense collection of trees); a shrine grove; a surname; 森町:; Mori (a town in Hokkaido Prefecture, Japan); Mori (a town in Shizuoka Prefecture, Japan)	N4
焼く	やく	to change something by means of fire, light, chemicals, or other means:; to burn; [from 712] to set on fire, to light on fire; [from 720] to burn to ashes; to burn (to write data to a permanent storage medium); [from 720] to use heat or flame to prepare something for eating or using:; to grill; to broil; to fry; to toast; to roast; to bake; to fire; [from 850] to apply moxibustion; [from 1966] to expose to sunlight and cause to change color: to tan one's skin; [from 1908] (photography) to print a photograph by shining a light through a negative; [from 1884] to rub chemicals; [from 1960] to have a sensation, to burn (the heart); to convey feelings from the heart:; [from 759] to worry; to care; [from 1687] 妬く: to envy, to be jealous; [from 1662] to make someone happy; to change on its own by means of fire, light, chemicals, or other means: to burn, to tan, to be cooked	N4
約束	やくそく	a promise; an appointment or social engagement (the meeting itself); a convention; something that is conventional; something that is preordained; trope (something recurring across a genre or type of art or literature); to promise; to make a promise; make an appointment or engagement; be predestined, wait	N4
役に立つ	やくにたつ	to be useful, to help	N4
焼ける	やける	to be burned; to be grilled, to be roasted, to be done; to tan, to get a suntan; to change color, to become discolored	N4
優しい	やさしい	kind, gentle, tender	N4
痩せる	やせる	to lose weight; for fertile land to become barren	N4
やっと	やっと	漸と: at last, finally, at length; 漸と: narrowly, barely	N4
やはり	やはり	as I thought, as expected; also; still; after all (is said and done)	N4
やっぱり	やっぱり	alternative form of やはり (yahari)	N4
止む	やむ	stop, cease, be over	N4
止める	やめる	to stop, to terminate, to cease, to discontinue, to quit; to abolish, to do away with	N4
柔らかい	やわらかい	soft	N4
湯	ゆ	warm or hot water; bathwater; a hot spring; a medicinal bath; a medicinal decoction; bilgewater; molten metal used in casting or founding; urine	N4
輸出	ゆしゅつ	export; to export	N4
輸入	ゆにゅう	import, importation; to import	N4
指	ゆび	a finger (including thumb); a finger	N4
指輪	ゆびわ	a ring (round piece of (precious) metal worn around the finger)	N4
夢	ゆめ	a dream; a vision (wish for the future); leaving reality to the state of lusciousness; a fantasy (idea from one's imagination); an illusion or delusion; something fragile; a female given name	N4
揺れる	ゆれる	to shake, to quake, to sway back and forth; to pitch, to roll, to rock, to toss about (such as a ship on rough seas); to jolt or joggle (such as a vehicle); to swing back and forth (such as something suspended or hanging); to flicker, to waver (such as a flame); to tremble, to vibrate	N4
用	よう	use (noun); a task, business, an errand; for the use of, for the purpose of, in case of	N4
用意	ようい	preparation; prepare	N4
用事	ようじ	errand; business	N4
汚れる	よごれる	to get dirty, to become dirty	N4
予習	よしゅう	preparation for a lesson; to prepare for lessons	N4
予定	よてい	schedule; plan; expectation, estimate; be planned; expect	N4
予約	よやく	reservation, booking; appointment; an arrangement for a meeting; subscription; reserve; make an appointment; subscribe	N4
寄る	よる	to come near, to come up, to approach; to step aside; to gather; to drop by, to stop at, to call on someone; to advance in years; to push out while grabbing the belt	N4
喜ぶ	よろこぶ	be pleased; accept an offer or request gladly, welcome	N4
よろしい	よろしい	(respectful) OK,all right	N4
理由	りゆう	a reason; a motive	N4
利用	りよう	use, usage, utilization, application; exploitation, taking advantage of; use, utilize; exploit, take advantage of	N4
両方	りょうほう	both sides; both parties	N4
旅館	りょかん	a traditional Japanese inn	N4
留守	るす	absence; be absent, be out	N4
冷房	れいぼう	air conditioning, lowering the indoor air temperature; air conditioning, a system producing cooler air; air condition, cool a room	N4
歴史	れきし	history; the study of history	N4
レジ	れじ	cash register; checkout counter	N4
レポート	れぽーと	report	N4
リポート	りぽーと	a report	N4
連絡	れんらく	connection, junction; keeping in contact; correspondence; communication, correspondence; connect with, get a hold of, get in touch with; communicate, correspond; connect to, have a junction	N4
ワープロ	わーぷろ	clipping of ワードプロセッサ (wādo purosessa, “word processor”)	N4
沸かす	わかす	湧かす, 涌かす: to have pests grow unintentionally (e.g. due to neglect); 湧かす: to let out tears or sweat; 沸かす: to boil water; 沸かす: to excite; 沸かす, 鎔かす: to melt metal	N4
別れる	わかれる	to separate; to part ways; to bid farewell; to break up with someone	N4
沸く	わく	frame (such as a picture frame); box; border (of a box); timeslot; limit, restriction; 湧く, 涌く: water and so on to spring, gush, well up; 湧く, 涌く: to feel emotions form, such as bravery; 沸く: to boil; 沸く: (figuratively) to boom; 沸く: to be excited	N4
訳	わけ	translation	N4
忘れ物	わすれもの	lost article, something forgotten	N4
笑う	わらう	to spontaneously express joy or amusement by means of the voice or facial expression:; to laugh; to smile; to split open (as a plant bud), to bloom; to split open from ripening (as fruit or vegetables); to bud, become green and verdant, and bloom in spring (as the landscape); to come undone (as a stitch or seam); to become weak and wobbly (as in the knees); to laugh at, to make fun of, to make a fool of	N4
割合	わりあい	comparatively; ratio, proportion; percentage	N4
割れる	われる	to be broken, to break itself; to be divided; to crack; to be split; to be able to be divided; to be divisible; to be revealed; to be identified	N4
泳ぎ方	およぎかた	manner of swimming	N4
あっ	あっ	Ah! Oh!	N3
愛	あい	love; affection; tenderness; fondness, liking; agape; a female given name; a surname	N3
挨拶	あいさつ	a greeting, a salutation, a polite set phrase; an address given at an official function or ceremony; greetings or respects such as given at holidays or funerals; to greet, to say hello, to address	N3
愛情	あいじょう	love, affection; attachment or attraction to a particular partner, erotic affection	N3
合図	あいず	signal, cue; phase diagram; to give a signal	N3
アイスクリーム	あいすくりーむ	ice cream	N3
愛する	あいする	to love	N3
相手	あいて	other person; partner; opponent	N3
あいにく	あいにく	unfortunately,Sorry, but....	N3
アイロン	あいろん	an iron (for pressing clothes)	N3
アウト	あうと	out; state in which a batter is removed from play; the outside lane or track in sports; an outside lane, a course other than the racing line; the front nine; the first nine holes of an 18-hole golf course; unacceptable; inappropriate	N3
明かり	あかり	light; 灯り: lighting, a light, a lamp, artificial illumination; a bright place; (figurative) a public place; a positive sign amidst adversity (compare English light at the end of the tunnel); evidence that dispels a question or doubt; the end of a period of time or a dark mood (compare English dawn, daybreak)	N3
空き	あき	room; space; a gap; unused time; a vacancy; whitespace before or after a character, especially a punctuation mark, such as the space after 。 、 」 』 ） etc. or before 「 『 （ etc., used for monospace typesettings (often spelled in katakana as アキ)	N3
明らか	あきらか	clear, obvious, distinct; apparent, visible	N3
諦める	あきらめる	to abandon; to give up, to despair	N3
飽きる	あきる	get tired of, get bored of, have enough of	N3
握手	あくしゅ	handshake; to shake hands	N3
悪魔	あくま	a demon, devil, fiend; a fiend (very evil person); the Devil; a mara, a demon seeking to prevent enlightenment	N3
明ける	あける	to dawn; to break into daylight; to begin; to open (as an event or season); to end; to be over	N3
預ける	あずける	entrust, leave with, deposit	N3
汗	あせ	sweat	N3
与える	あたえる	to give something; to bestow; to grant; to impart	N3
辺り	あたり	area; surroundings	N3
当たる	あたる	to hit; to win; to be correct, to be exactly right; to be shone on by the sun, to be warmed by heat, to be blown on by the wind; to include, to need (in the construction verb 〜には当たらない)	N3
あちこち	あちこち	here and there	N3
扱う	あつかう	handle, manage, deal with	N3
集まり	あつまり	collection; meeting	N3
当てる	あてる	hit (collide); hit (strike a target); press against something, apply; guess right, hit on, choose correctly; aim or direct onto something	N3
跡	あと	evidence of something passing; footsteps, trace, tracks; mark or trace left on something after a certain act is done to it; remains, ruins; family estate or property; precedent, example	N3
穴	あな	hole; opening, aperture; pit; cave, cavern; lair, den, burrow; loss, deficit; flaw, defect	N3
浴びる	あびる	to bathe, to shower, to take a bath; to pour or have something poured on oneself; be bathed, bask (in sunlight); be washed (by the waves); to suffer (e.g. an attack); to have abuse heaped upon; to draw criticism upon oneself	N3
油	あぶら	油, 膏: oil; 油: petroleum; 脂: fat; 脂: skin oil	N3
余り	あまり	excessive, extreme; terrible, awful; often, much, excessively; remainder; an abundance of something, an excess of something; used after a numeral to express “a little more than”; Used to connect numerals: and; stem or continuative form of 余る (amaru)	N3
誤り	あやまり	mistake; misunderstanding; stem or continuative form of 誤る (ayamaru)	N3
粗	あら	oh; ah	N3
嵐	あらし	a storm, tempest:; a windstorm; a rainstorm; a magnetic storm; a difficulty, discord, strife; short for 嵐の日 (arashi no hi): the first day of the seventh month in the lunar calendar; a female given name; a surname	N3
新た	あらた	new, novel; fresh; renewed; 灼: efficacious	N3
あらゆる	あらゆる	every; all	N3
表す	あらわす	to show, to make apparent; to express, to put into words; to signify, to represent, to symbolize, to stand for	N3
現す	あらわす	to show,to indicate,to display	N3
現れ	あらわれ	sign; expression	N3
現れる	あらわれる	to appear; to show up	N3
ありがとう	ありがとう	an expression of thankfulness: thank you	N3
或	ある	a certain ...; some ...	N3
あるいは	あるいは	or, either; some ... and others; perhaps; maybe; sometimes; some; some; some people; something; sometimes	N3
アルバム	あるばむ	photo album; a notebook of photos, stamps, or signatures; a music album, a collection of songs; a book of LPs	N3
泡	あわ	bubble; foam, head on carbonated beverages such as beer	N3
合わせる	あわせる	causative of 合う (au); put together; tune music, radio; add up to, amount to; match with; check with, check against; adapt oneself to, join in; blend, mix; combine, fuse, merge; to raise a rod when a fish bites, thereby catching the fish	N3
哀れ	あわれ	pitiful, miserable; pity	N3
案	あん	desk; table; idea; suggestion; opinion; thought; plan; proposal; bill; legal case; expectation; anticipation; rough draft	N3
暗記	あんき	rote memorization; to memorize	N3
安定	あんてい	stability; to even out, to stabilize	N3
あんなに	あんなに	to that extent; to that degree	N3
あんまり	あんまり	not very,not much,remainder,rest	N3
胃	い	stomach; Stomach Mansion (one of the Twenty-Eight Mansions)	N3
いえ	いえ	alternative form of いいえ (“no”); hypothetical and imperative forms of いう (iu)	N3
委員	いいん	committee member; a committee	N3
言う	ゆう	to say, to tell somebody; to call, to name, to give a name; to cry, to call, to make a noise (such as an animal)	N3
意外	いがい	surprising, unexpected; unexpectedness	N3
行き	いき	breath; chicness, stylishness; chic, stylish, dapper; attractive; vibrant; stem or continuative form of いく (iku); alternative form of ゆき (yuki); イき, イキ: (slang) orgasm; coming; cumming; imperfective or continuative of いきる; living; condition of being alive; freshness; vitality; stet; damned	N3
行き	ゆき	snow; something white as snow; white hair; shaved ice; small pieces of paper used to imitate snow; a turnip or daikon; abbreviation of 鱈 (tara): a codfish; a 家紋 (kamon, “family crest”) with various designs of snowflakes; short for 八朔の雪 (hassaku no yuki); a female given name; the length from the center line of the clothing to the arm opening of a kimono; the distance in a kimono from the back to the end of the sleeve; the distance in the seam of a kimono from the back to the end of the sleeve; for 大嘗祭 (Daijōsai), the country chosen to offer grain and alcohol; imperfective and stem (or continuative) forms of ゆく (yuku); going; outward journey; bound for; 夕貴, 由姫: a surname	N3
息	いき	breath; live; give birth; nurture; spread, multiply; rest; come to an end	N3
勢い	いきおい	force; power; strength; energy; vigor	N3
生き物	いきもの	synonym of 生物 (seibutsu, “organism; life form”)	N3
幾つ	いくつ	how many; how old (used with small children)	N3
幾ら	いくら	how much, how many; no matter how much (many), however much, with all (something)	N3
いけない	いけない	bad, naughty; it's bad if...; Oh no!; negative of 行ける (ikeru)	N3
医師	いし	doctor	N3
意思	いし	intention; intent; purpose; mind; a wish	N3
意志	いし	will (intention or decision)	N3
維持	いじ	maintenance; maintain, keep	N3
意識	いしき	consciousness; awareness; sense; awareness; be conscious; be aware	N3
異常	いじょう	abnormal; abnormality	N3
椅子	いす	a seat (piece of furniture); a post, position (in an office)	N3
泉	いずみ	natural spring, a wellspring; a place name; a surname; a female given name	N3
いずれ	いずれ	someday; one day; before long; in the end, eventually	N3
以前	いぜん	before, formerly, ago; the former, the previous	N3
板	いた	plank, board; short for 俎板; short for 板前; short for 板場; short for 洗濯板; board (sub-unit of a larger BBS or imageboard)	N3
偉大	いだい	great	N3
抱く	いだく	to hold something in mind, to harbor some feeling about, to entertain a thought about; to embrace, hug, hold in one's arms	N3
悪戯	いたずら	tease, prank, trick, practical joke, mischief; playing with (a lighter, for example), tampering with, fooling around with, messing around with; hobby, pastime; action that is a considered a misconduct; sexual assault, molestation, rape; naughty, mischievous	N3
いただきます	いただきます	expression of gratitude before meals	N3
頂く	いただく	to place on or above one's head; to receive; humble version of 貰う (morau, “to get, to receive”); to take food or drink: to eat, to drink	N3
痛み	いたみ	physical pain, ache, sore; grief, distress; 傷み: damage to an object; 傷み: decay of food or fruits; rotting; Nominalization of 痛む; continuative of 痛む	N3
至る	いたる	to lead to (a place), to be bound for; to reach, to extend to; to develop into, to result in	N3
市	いち	a market, a marketplace; a place where a lot of people gather; a town, a city	N3
位置	いち	location, position; to be located; to be positioned; to be situated	N3
一時	いちじ	one o'clock; temporarily	N3
一度に	いちどに	all at once	N3
市場	いちば	a market(place) (spacious site for trading)	N3
一番	いちばん	first, number one; game, round; most, -est, -most	N3
何時か	いつか	sometime; someday	N3
一家	いっか	a family	N3
一種	いっしゅ	kind; type; species	N3
一瞬	いっしゅん	an instant; moment	N3
一生	いっしょう	a lifetime, one's whole life	N3
一層	いっそう	much more; still more; all the more; rather; sooner; might as well; one layer; the bottom floor of a multi-storied building	N3
一体	いったい	on earth, the heck, in the world (used for emphasis and to express incredulity)	N3
一致	いっち	agreement, harmony, unity; cooperation; to agree, to be in unison; to cooperate	N3
いつでも	いつでも	at any time	N3
一般	いっぱん	general, common, ordinary; the general, the normal, the usual	N3
一方	いっぽう	one side, one-way; one-sided; on the one hand	N3
いつまでも	いつまでも	forever, for good, eternally; indefinitely; for as long as one likes	N3
何時も	いつも	always, invariably, all the time; usually; never; the usual, ordinary	N3
移動	いどう	a transfer; migration; to transfer, to move; to migrate; to enter	N3
従兄弟	いとこ	a male cousin	N3
稲	いね	the Asian rice plant, Oryza sativa; a 家紋 (kamon, “family crest”) with various designs of rice plants; a female given name; a surname	N3
居眠り	いねむり	an accidental doze while seated; involuntarily doze off while seated	N3
命	いのち	life; lifespan; lifetime; fate, destiny; the most important part or aspect of a thing	N3
違反	いはん	violation; to violate a law	N3
衣服	いふく	clothing, clothes	N3
居間	いま	living room	N3
今に	いまに	before long,even now	N3
今にも	いまにも	at any time,soon	N3
否	いや	no; negate	N3
以来	いらい	since	N3
依頼	いらい	a request; dependence, reliance; to request, to ask (someone to do); to depend, to entrust	N3
いらいら	いらいら	irritatedly; having an unpleasant feeling like that caused by thorns pricking one's skin repeatedly; describes the intense stimulation caused by light or heat: blistering; to be irritated; to have an unpleasant feeling like that caused by thorns pricking one's skin repeatedly; to cause intense stimulation: blaze, beat down; irritation, frustration	N3
いらっしゃい	いらっしゃい	come; go; be (imperative); Interjection used to welcome someone's visit: welcome; Interjection used by stores to attract customers.	N3
医療	いりょう	medical treatment	N3
岩	いわ	rock	N3
祝い	いわい	a celebration; a gift or present	N3
祝う	いわう	celebrate	N3
言わば	いわば	so to speak, as it were	N3
いわゆる	いわゆる	the so-called,so to speak	N3
インク	いんく	ink	N3
印刷	いんさつ	printing; print	N3
印象	いんしょう	impression; to leave an impression	N3
引退	いんたい	retirement; to retire	N3
引用	いんよう	quotation; citation; quote, cite	N3
ウイスキー	ういすきー	whisky	N3
上	うわ	a place name	N3
魚	うお	a fish	N3
嗽	うがい	gargling; gargle	N3
受け取る	うけとる	to receive; take, interpret (words, gestures)	N3
動かす	うごかす	to move (shift an object); to run, to operate; to move emotionally; to move, to influence	N3
兎	うさぎ	rabbit; hare; leporid	N3
牛	うし	cow, bull, ox, cattle, a domestic bovine; beef	N3
失う	うしなう	to lose (possession of something); to miss an opportunity etc.; to lose a person (following their death), be bereaved of someone	N3
後	うしろ	behind, after; the back, the rear, behind; later time, afterwards, some time after the present; time after death; the next person or thing; instead, in place of; successor; descendants, offspring; wife of remarriage; the rest; certain part, space or thing left; memory of the deceased; one's virtue that remains after death; later, after, from now on; afterwards, then; the rear, back, or backside of something; the rearward or backward direction; the portion of a palace where a queen or other female imperial consort lives; later, afterwards, some time after the present; after; latter; prefixing element in kanji compounds, adding a meaning of later, after, following, rearward	N3
疑う	うたがう	to doubt; to have doubts; to suspect; to be doubtful; to distrust, to mistrust; to call (a matter) into question	N3
宇宙	うちゅう	the universe; outer space	N3
撃つ	うつ	to fire a weapon	N3
移す	うつす	to transfer	N3
訴える	うったえる	to sue; to complain	N3
うなる	うなる	to groan,to moan	N3
奪う	うばう	to take by force, to rob, to snatch, to pillage; to fascinate	N3
馬	うま	a horse; a promoted bishop; a sawhorse: a four-leg stand made of wood or iron for supporting other materials	N3
生まれ	うまれ	birth (born); lineage	N3
梅	うめ	Japanese plum or apricot, Prunus mume; a white plum blossom, as opposed to 紅梅 (kōbai, “red plum blossom”); the lowest of a three-level rank system; a 家紋 (kamon, “family crest”) with varying designs of plum blossoms; short for 梅襲 (ume-gasane): a style of layering garments with dark crimson over light crimson; the suit of plum blossoms in a hanafuda deck, representing the month of February and the number two in most regions, or December and twelve in games from the Nagoya region; synonym of 天神 (tenjin): the second-highest ranked prostitute in Edo-period Kamigata, below the 大夫 (tayū); a female given name; a surname	N3
裏切る	うらぎる	to betray, to sell someone out, to turn traitor, to double-cross; to disappoint	N3
うるさい	うるさい	overwhelmingly thorough (often in a positive way); excessive, repetitive (in a negative way); so thoroughly knowledgeable and particular about something as to be annoying to others: picky, nitpicking, fussy; pushy, bossy, overly particular and demanding; excellent of technique (particularly for a performance); extremely strained, faked, insincere, affected; oppressive and annoying in a surrounding and overwhelming way; noisy, loud; annoying, irritating; troublesome, bothersome, irksome (usually in reference to having to do something); dirty, messy, causing a bad feeling; shut up; stop it	N3
嬉しい	うれしい	happy, glad	N3
売れる	うれる	to sell, to sell well	N3
噂	うわさ	rumor, rumour; gossip; abbreviation of 噂付け (uwasazuke, obsolete); to talk gossip (about)	N3
運	うん	luck, fortune	N3
柄	え	a handle, a grip, a shaft, a haft	N3
永遠	えいえん	eternity; forever, eternal	N3
永久	えいきゅう	eternal; permanence; continuing forever; being timeless; being eternally unchanging; eternity; the Eikyū era, 1113–1118	N3
影響	えいきょう	influence, effect; to influence, to have an effect upon	N3
営業	えいぎょう	operation, business; sales, retail, trade; to operate (a business)	N3
衛星	えいせい	a satellite (a body orbiting a larger one; man-made apparatus designed to be placed in orbit around a celestial body)	N3
栄養	えいよう	nutrition, nourishment	N3
笑顔	えがお	smile, happy face, smiling face	N3
描く	えがく	to paint; to draw; to picture; to portray; to depict; to imagine	N3
餌	えさ	animal food, feed; bait	N3
エネルギー	えねるぎー	energy	N3
得る	える	to get, acquire, gain, obtain, win, catch; to be able to, can (compare English get to do); cannot help but doing, cannot but do	N3
得る	うる	to be able to, -able	N3
円	えん	a round or circular object; a circle; roundness; circle (set of all points in plane at a given distance and at a given point); yen; a surname; a female given name	N3
延期	えんき	postponement; to postpone, to put off	N3
演技	えんぎ	performance; to perform	N3
援助	えんじょ	assistance, aid; assist, support	N3
エンジン	えんじん	engine (mechanical device); engine (system)	N3
演説	えんぜつ	speech; to make a speech, to deliver a speech	N3
演奏	えんそう	a performance (of music); a recital; to play (an instrument); to perform (a piece of music)	N3
御	お	indicates that the [word] is honorific; often used to indicate that the [word] belongs or is related to the listener (as opposed to the speaker)	N3
老い	おい	old age	N3
追い付く	おいつく	to overtake, to catch up; to compensate	N3
王	おう	a king, especially one who is not East Asian or was East Asian in pre-imperial times; in China and Vietnam, generally a king before Qin Shi Huangdi who invented the title 皇帝 (kōtei, “huangdi; emperor”); in Korea, one of the many kings before the Korean Empire which was modeled after Japan's; in Japan, one of the rulers before Emperor Jinmu; an East Asian queen regnant; a nobility title for a Chinese or Vietnamese prince, bestowed on one of the 皇帝 (kōtei, “huangdi; emperor”)'s adult sons, brothers, or nephews, especially as a coming-of-age title, generally comes with an estate (\"principality\"); compare 皇子 (ōji, “imperial princes”, especially pre-adult ones) and 公 (kō, “dukes”, an alternative used by certain dynasties); a Japanese prince's son (such princes include 親王 (shinnō) or 王 (ō) themselves)	N3
追う	おう	to chase (after something); to drive (force into an area); to oust, to drive out, to exile, to expel; to be pressed, to be put under pressure; to pursue, to aspire to; to follow in order, to follow a trend	N3
王様	おうさま	king	N3
王子	おうじ	prince (son of a monarch); a subordinate Kumano shrine	N3
応じる	おうじる	satisfy, meet; comply with, obey; answer, respond	N3
横断	おうだん	crossing, traversing, intersecting, especially across the width (not lengthwise); travelling east to west or west to east; cutting in a sideways direction; to go across, to cross; to go latitudinally; to cut in a sideways direction	N3
終える	おえる	to end (something), to conclude (something), to finish (something), to quit (something)	N3
大いに	おおいに	very, greatly	N3
覆う	おおう	to cover; to cover up, to conceal, to hide; to permeate, to spread throughout; to include everything	N3
オーバー	おーばー	exaggerated; clipping of オーバーコート (“overcoat”); over, exceeding the limit; ball hit over the head of an outfielder	N3
大家	おおや	landlord or landlady, the owner of a rented apartment	N3
丘	おか	Hillock; Mound; Hill; Grave	N3
沖	おき	open sea; a surname; stem or continuative form of おく (oku)	N3
奥	おく	inside; inner depths; back, rear; inside the house; one's heart, true feelings; a surname	N3
贈る	おくる	to send (as a present or gift)	N3
起こる	おこる	happen; occur	N3
幼い	おさない	immature; foolish; childish; very young; underdeveloped	N3
収める	おさめる	to dedicate; to make an offering; to pay (fees); to supply; to store; to finish; to bring to a close; to restore (something to its place); to achieve (e.g. a result)	N3
おしゃべり	おしゃべり	idle chatter	N3
汚染	おせん	pollution; contamination	N3
おそらく	おそらく	perhaps	N3
恐れる	おそれる	恐れる, 怖れる, 懼れる, 惧れる: to fear; to be afraid; 畏れる: to revere	N3
恐ろしい	おそろしい	frightening; horrific; terrible; horrible; dreadful; fierce; formidable; tremendous; awesome	N3
お互い	おたがい	each other	N3
穏やか	おだやか	calm, peaceful, quiet, tranquil; gentle, genial; moderate, temperate	N3
男の人	おとこのひと	man, male adult person	N3
劣る	おとる	to be poor at; to be inferior to; to be worse than	N3
お腹	おなか	belly, tummy, stomach, abdomen	N3
鬼	おに	ghost; evil spirit, demon, ogre; someone of remarkable or diabolical energy or ability, a demon; \"it\" in a game of tag/hide and seek (鬼ごっこ onigokko, \"pretend spirits\")	N3
帯	おび	obi - the sash worn with a kimono; paper wrapper (on books, CD, etc.)	N3
お昼	おひる	daytime, the daylight hours; midday, noon; the midday meal, lunch	N3
オフィス	おふぃす	office (building or room)	N3
溺れる	おぼれる	to almost drown; to drown; to do something excessively; to get lost in an activity; to indulge in, to wallow in, to overindulge	N3
おまえ	おまえ	(fam) you (sing),presence (of a high personage)	N3
お目出度う	おめでとう	congratulations, congrats; happy; 御目出糖: a type of Japanese sweet made from rice and azuki bean paste, eaten at times of celebration	N3
お目に掛かる	おめにかかる	to meet	N3
思い出	おもいで	a memory, recollection, reminiscence; a keepsake, memento	N3
主に	おもに	mainly, primarily	N3
思わず	おもわず	unintentionally; unconsciously; instinctively; negative continuative of 思う; not thinking	N3
おや	おや	Oh!, Good heavens!	N3
泳ぎ	およぎ	swimming	N3
およそ	およそ	about, nearly, roughly, approximately, around, more or less, in round numbers; not at all, not the slightest; the outlines, the basic situation, roughly how something is; being careless or sloppy; the rough amount, an approximation	N3
及ぼす	およぼす	exert, cause	N3
居る	おる	to exist, to be, to have; to be (doing): indicates a progressive or continuous sense; the verb ending -ておる (-te oru) is often contracted to とる (-toru); to be (doing); a continuous sense; often transformed to よる (yoru)	N3
下す	おろす	alternative form of 下ろす	N3
降ろす	おろす	drop off; unload; lower something like a flag; remove; take away from a role or a rank; withdraw (money)	N3
終	おわり	end, finish; end, conclusion; end-of-life, death	N3
音	おん	sound; speech sound; short for 音読み (on'yomi): the Chinese-derived reading of a kanji; reading of a Chinese character outside the Japanese language; rime; short for 音楽 (ongaku): music	N3
恩	おん	obligation	N3
温暖	おんだん	warm; warmth	N3
温度	おんど	temperature (a measure of cold or heat)	N3
可	か	C (academic letter grade); passable; allowed; permitted, allowed, licensed; -able; can be done	N3
課	か	lessons; chapters of a book; lesson; section, department	N3
カー	かー	car; caw (the sound a crow makes)	N3
カード	かーど	card; playing card; curd	N3
会	かい	meeting, gathering; society, association, club; meeting; party; function	N3
回	かい	occurrences; innings in baseball, games, rounds; indicating year of university students; time, occasion; turn, round; episode, chapter; inning	N3
害	がい	injury, harm, damage	N3
会員	かいいん	member	N3
絵画	かいが	painting; drawing; picture	N3
海外	かいがい	the area beyond seas; overseas, foreign countries	N3
会計	かいけい	account (registry of pecuniary transactions); check, bill (at a restaurant, etc.)	N3
解決	かいけつ	solution, settlement; Progression from dissonance to consonance; a chord to which such progression is made; resolution; solve, resolve, settle (a problem, a trouble, a criminal case); be solved, be settled; can be solved; be soluble	N3
会合	かいごう	meeting; to meet, to assemble, to get together	N3
外交	がいこう	diplomacy (art of conducting international relations)	N3
開始	かいし	start; beginning; initiation; to start; to begin; to initiate	N3
解釈	かいしゃく	interpretation; to interpret	N3
外出	がいしゅつ	going out; to go out	N3
改善	かいぜん	improvement, an action taken to improve; improvement, a spontaneous change for the better; to improve, to make better; for something to improve on its own	N3
快適	かいてき	comfortable	N3
回復	かいふく	recovery; restoration; to recover; to restore	N3
飼う	かう	to raise; to feed (livestock etc.); to keep, have (a pet)	N3
替える	かえる	substitute, replace	N3
換える	かえる	exchange, change for	N3
香り	かおり	fragrance, aroma	N3
画家	がか	painter	N3
抱える	かかえる	to hold under the arms; to have, to bear, to face problems; to hire, to employ	N3
価格	かかく	price	N3
化学	かがく	chemistry (branch of natural science)	N3
輝く	かがやく	to shine dazzlingly; to be crowned with glory, to sparkle	N3
係	かかり	person in charge, person responsible	N3
罹る	かかる	fall ill, contract a disease	N3
限る	かぎる	to limit, to restrict; be limited to, be restricted to	N3
描く	かく	to paint; to draw; to picture; to portray; to depict	N3
家具	かぐ	furniture	N3
学	がく	scholarship; learning; knowledge; -ology; -ics; study of...	N3
額	がく	framed picture; sum, amount	N3
覚悟	かくご	resolution; mental readiness; abandonment; to prepare oneself; to be mentally ready	N3
確実	かくじつ	certain, reliable; inevitable, necessary; certainty, reliability; inevitability, necessity; soundness	N3
学者	がくしゃ	scholar	N3
学習	がくしゅう	studying, learning; study, learn	N3
隠す	かくす	to hide, to conceal	N3
拡大	かくだい	magnification; lengthening, expansion, extension; increase; magnify; lengthen, expand	N3
確認	かくにん	confirmation; confirm, make sure, check, verify	N3
学問	がくもん	study of something; the sum of knowledge accrued by scholars; the realm of refined learning; scholarship; to study, to engage in scholarship	N3
隠れる	かくれる	hide; conceal oneself; become invisible; become latent; to die	N3
影	かげ	shadow; a shape or form reflected in light; presence; negative aspect; a low ranked prostitute in the licensed quarters with a fee of two 匁 (momme)	N3
陰	かげ	shadow, shade; hidden side	N3
欠ける	かける	be damaged, be broken; be missing, to lack; be insufficient, be short; for the moon to wane	N3
加減	かげん	addition and subtraction; adjustment, moderation; degree, amount (of seasoning, heating, etc.); physical condition, how one is feeling; the degree of; to that degree; just right; adjust, make an allowance	N3
過去	かこ	the past (period of time that has already happened)	N3
籠	かご	a cage; a basket; a surname	N3
囲む	かこむ	to encircle; to surround; to place things around something	N3
火災	かさい	fire, conflagration (as in a disaster); one of the three major calamities that destroy the world	N3
貸し	かし	loan, to make someone in debt	N3
菓子	かし	sweet, confection; candy; pastry, cake, cookie	N3
家事	かじ	housework	N3
賢い	かしこい	bright, clever	N3
歌手	かしゅ	singer	N3
数	かず	number; amount; a surname	N3
稼ぐ	かせぐ	to earn an income, to make a living	N3
数える	かぞえる	to count	N3
型	かた	a style, a type; a mold, a pattern, a template; kata (choreographed training exercises); a particular style of stage movement or choreography; a convention, a standardized form or style; screen size (of a television, computer monitor, etc.) in inches	N3
肩	かた	shoulder; a shoulder	N3
方々	かたがた	(multiple) people; here and there; one after another	N3
刀	かたな	a single-edged sword, such as a katana; a small single-edged blade	N3
語る	かたる	talk about, tell, narrate; recite; show that there was something	N3
勝ち	かち	victory	N3
価値	かち	value, worth	N3
がっかり	がっかり	to be disappointed, to lose heart, to feel rejected	N3
活気	かっき	liveliness, energy, vivaciousness	N3
学期	がっき	school term, trimester semester	N3
活動	かつどう	activity, work, operation; clipping of 活動写真 (katsudōshashin): a movie; to act, to operate, to work	N3
活用	かつよう	application (the use of a thing); inflection (of a verb, conjugation; of an adjective or noun, declension); to utilize; to inflect, to conjugate	N3
悲しむ	かなしむ	to be sad; to feel sadness; to be distressed; to lament	N3
必ずしも	かならずしも	(not) always, (not) necessarily, (not) all	N3
かなり	かなり	quite; rather; considerably; fairly; quite; considerable; fair	N3
金	かね	metal; clipping of お金 (okane): money; short for 曲尺 (kanejaku): a carpenter’s square; short for 金物 (kanamono) or 金具 (kanagu): metal fittings; short for 金性 (kaneshō): fineness of gold metal, compare English karat; synonym of 金箔 (kinpaku): gold leaf	N3
可能	かのう	possible; feasible; possibility, good chance; feasibility	N3
株	かぶ	stump of a tree; stock (in a company); share(s) of stock; variant; strain; abbreviation of 株式会社 (kabushiki gaisha, “stock company; inc.”)	N3
被る	かぶる	to cover; to wear; to receive	N3
構う	かまう	to care about; to mind; to pay attention (affectionate) to a person	N3
我慢	がまん	patience, endurance, tolerance; arrogance; endure, be patient, deny oneself something, hang in there, display restraint	N3
上	かみ	the start; a high place; the top; one with higher rank; a place name; a surname	N3
神	かみ	a spirit or an essence present in all things, the main subject of worship of Shinto; a deity, god; thunder; a Shinto shrine; a person of outstanding talent or skill; something amazing; great; fantastic; awesome; God	N3
雷	かみなり	thunder (loud sound caused by expansion of rapidly heated air); lightning, thunderbolt; thunder god	N3
髪の毛	かみのけ	hair (of the head)	N3
科目	かもく	subject (at school); course; dividing into several categories; individual items	N3
かもしれない	かもしれない	may,might,perhaps,may be,possibly	N3
火曜	かよう	planet Mars; Tuesday	N3
空	から	something empty; ineffectual; false	N3
柄	がら	the inherent qualities or characteristics of a thing; a shape, pattern, or design; one's physical shape or build; one's character, personality, or temperament; a pattern or design, such as on cloth	N3
刈る	かる	to cut grass, hair or something similar with a sharp tool; to clip, to crop, to cut, to shear, to mow, to prune, to trim; to reap, to crop, to harvest	N3
彼等	かれら	those (referring to things distant from the speaker)	N3
皮	かわ	skin	N3
革	かわ	leather	N3
かわいそう	かわいそう	pitiable; pitiful; poor; pathetic	N3
かわいらしい	かわいらしい	lovely,sweet	N3
缶	かん	a can, a tin; counter for canned goods	N3
勘	かん	perception; intuition; the sixth sense	N3
考え	かんがえ	thought; opinion; idea; imperfective and stem (or continuative) forms of 考える (kangaeru)	N3
感覚	かんかく	sense (method to gather data); sense (natural ability)	N3
観客	かんきゃく	audience, the crowd	N3
環境	かんきょう	environment, surroundings; the natural environment	N3
歓迎	かんげい	welcome; acclaim, praise; to welcome; to acclaim, to praise	N3
観光	かんこう	sightseeing; to go sightseeing	N3
観察	かんさつ	observation; observe	N3
感じ	かんじ	a feeling, sensation; an impression; an atmosphere	N3
感謝	かんしゃ	thanks, appreciation, gratitude; express one's appreciation	N3
患者	かんじゃ	sufferer, patient	N3
勘定	かんじょう	calculation; bill, check; calculate, reckon	N3
感情	かんじょう	an emotion, a feeling, feelings, a sentiment	N3
感じる	かんじる	to feel; to sense; to experience	N3
感心	かんしん	admirable, commendable, praiseworthy; admiration; admire, be deeply impressed	N3
関心	かんしん	concern, interest	N3
関する	かんする	concern, have to do with	N3
完成	かんせい	completion, accomplishment; complete	N3
完全	かんぜん	perfect, completed; completeness; perfection	N3
感動	かんどう	sensation; touching by heart; moving by heart; to be impressed, to be moved	N3
監督	かんとく	director, supervisor, manager, superintendent; direction, supervision, control; to direct; to supervise; to manage	N3
管理	かんり	management, control; stewardship; administration; to control, to manage, to administer	N3
完了	かんりょう	completion; perfect (tense etc.); complete, conclude	N3
関連	かんれん	relation; to be related	N3
議員	ぎいん	a member of a legislature; a legislator; a congressperson, a Dietman, etc.	N3
記憶	きおく	memory; recollection; remembrance; to remember; to memorize; to recollect	N3
気温	きおん	air temperature, atmospheric temperature, ambient temperature	N3
機械	きかい	machine,mechanism	N3
議会	ぎかい	a legislature (governmental body)	N3
期間	きかん	duration, period	N3
機関	きかん	engine, machine; body organ; organization, institute, agency, authority, establishment; facility	N3
企業	きぎょう	enterprise; undertaking; corporation; business	N3
効く	きく	to be effective; have effect; act upon; to work; to hold; to have; to be able to be applied; can be used (of system)	N3
機嫌	きげん	in a good mood; mood; humour; feeling; safety; well-being; one's situation	N3
気候	きこう	climate	N3
岸	きし	bank, coast, shore; a surname	N3
生地	きじ	cloth, fabric; skin without any makeup applied; batter, dough; a biscuit, bisque; one's true colours or character; a surname	N3
記事	きじ	an article, a written news story, such as in a newspaper or magazine or on a website; a private history, as opposed to the 正史 (seishi, “official history”); in the Nara period, an official under the 按察使 (azechi, “regional administration authority”)	N3
技師	ぎし	engineer	N3
記者	きしゃ	reporter; journalist	N3
傷	きず	any form of shallow wound: an injury, cut, scar; any kind of light damage: a chip, scratch, blemish, stain	N3
期待	きたい	expectation; expect; hope for	N3
帰宅	きたく	returning home; return home	N3
貴重	きちょう	valuable, worthful, precious; preciousness; being valuable; to treasure, to cherish	N3
議長	ぎちょう	chairman (person presiding over a meeting), speaker (in a parliament)	N3
きちんと	きちんと	accurately, neatly	N3
きつい	きつい	tight, close; intense, severe, hard, demanding; determined, forceful, formidable	N3
気付く	きづく	to become aware, to notice; to be revived, to come back to one's senses	N3
気に入る	きにいる	to like, to be fond of, to prefer, to be pleased with	N3
記入	きにゅう	An entry.; Filling in, filling out (such as forms or papers).; To fill in, to fill out (such as forms or papers), to enter (such as into a field on a form).	N3
記念	きねん	memorial; commemorate, celebrate, mark	N3
機能	きのう	a function; function (as something), work	N3
気の毒	きのどく	pitiful, unfortunate, sorry; pitifulness; to feel pity for, to feel sorry for	N3
寄付	きふ	contribution, donation; contribute, donate	N3
希望	きぼう	hope (expectations); wish; hope; desire; that which one hopes for; to wish for; to hope for; a female given name; a male given name	N3
基本	きほん	basis, foundation; kihon	N3
決まり	きまり	rules; custom, habitual practice; conclusion	N3
気味	きみ	sensation, feeling	N3
奇妙	きみょう	strange, odd, peculiar, bizarre, queer; singularity, oddness, queerness	N3
義務	ぎむ	duty, obligation	N3
疑問	ぎもん	a question (implies a doubt about something); a doubt or suspicion about whether something is real or true; to ask (implies a doubt about something); to doubt or suspect that something might not be real or true	N3
逆	ぎゃく	reverse; contrary; opposite; converse	N3
キャプテン	きゃぷてん	captain	N3
キャンプ	きゃんぷ	a camp (outdoor place); camping	N3
旧	きゅう	old things, original state, former state, old times; the old calendar based on a lunar system; paleo-, ex-, old, previous, former	N3
級	きゅう	rank; a class; a unit equal to 1 H (ha) and 0.25 mm, abbreviated as Q, which happens to be the initial of English quarter; Q is used for font size, while ha is used for spacing	N3
球	きゅう	sphere, globe, orb; pitch; vacuum tube, valve	N3
休暇	きゅうか	vacation; some time off	N3
休憩	きゅうけい	a rest; a break; an intermission; rest; take a break	N3
急激	きゅうげき	sudden, sharp, precipitous, abrupt	N3
吸収	きゅうしゅう	suction; absorption; assimilation; merger; to suck/absorb a liquid; to take in/gobble/consume food or drink; to take over/absorb a company	N3
救助	きゅうじょ	rescue; to save; to rescue	N3
急速	きゅうそく	quick, rapid; quickness, rapidity	N3
急に	きゅうに	suddenly	N3
給料	きゅうりょう	salary	N3
器用	きよう	dexterous; skilful; handy; clever; shrewd	N3
教科書	きょうかしょ	a textbook	N3
競技	きょうぎ	type of sport, discipline (sports), sports (in general); competition, match, contest	N3
行儀	ぎょうぎ	manners; behavior	N3
供給	きょうきゅう	supply, provision; to supply	N3
教師	きょうし	teacher	N3
教授	きょうじゅ	professor; instruction, teaching; to instruct, to teach	N3
強調	きょうちょう	emphasis; to emphasize	N3
共通	きょうつう	common, shared; community; to share, to have in common	N3
共同	きょうどう	cooperation; collaboration; to cooperate, to collaborate; Kyodo News, short for 共同通信社	N3
恐怖	きょうふ	fear; horror; dread; to dread; to fear	N3
協力	きょうりょく	cooperation; working together; to cooperate	N3
強力	きょうりょく	strong; powerful; strength	N3
許可	きょか	permission, consent; a legal permit, legal permission; to permit, to allow; to grant legal permission	N3
局	きょく	bureau, department; channel such as on television; counter for buildings or operators suffixed \"局\" (e.g. 郵(ゆう)便(びん)局(きょく) (yūbin-kyoku, “post office”), テレビ局(きょく) (terebi-kyoku, “television station”)); counter for board games (e.g. chess, shogi or go); bureau	N3
巨大	きょだい	great; gigantic; huge; very big; hugeness, greatness	N3
嫌う	きらう	to hate; to dislike	N3
霧	きり	mist, fog; breath expelled from a person; a liquid (e.g. water) that is dispelled into the air like fog; dawn; daybreak	N3
切れ	きれ	sharpness, cutting quality; cloth; piece, bit, strip, slice; sharpness and briskness; strips or slices	N3
切れる	きれる	be cut off, break, snap, burst, collapse; be cut, be injured, become fissured; break off, be interrupted; cut or sever connection with; run out, expire, terminate; of a stock, run out, be exhausted, be used up; be able to do, be able to finish	N3
記録	きろく	record (most extreme known value of some achievement), such as in sports; recording, minutes; to document; to record	N3
議論	ぎろん	discussion; dispute, argument; debate; discuss; to argue, to dispute; to debate	N3
金	きん	gold (Au); money; short for 金属 (kinzoku): metal; short for 金将 (kinshō): a gold general; metal as one of the five classical elements in traditional Chinese philosophy and medicine; short for 金曜日 (kin’yōbi): Friday; the Jin dynasty (1115–1234)	N3
銀	ぎん	silver (lustrous, white, metallic element; symbol Ag); short for 銀貨 (ginka): a silver coin; short for 銀色 (gin'iro): silvery, silver-colored; short for 銀将 (ginshō): a silver general; short for 銀メダル (gin medaru): a silver medal; short for 丁銀 (chōgin): an Edo-period silver coin in the shape of a sea cucumber; short for 銀煙管 (gin kiseru): a silver 煙管 (kiseru, “tobacco pipe”); short for 銀葉 (gin'yō): a censer; short for 銀蜻蜓 (gin'yanma): the lesser emperor, Anax parthenope; any other object made of silver	N3
禁煙	きんえん	smoking ban; to stop smoking, to quit smoking; to refrain from smoking; no smoking; smoking forbidden	N3
金額	きんがく	amount of money	N3
金庫	きんこ	a safe	N3
禁止	きんし	prohibition; to ban; to prohibit	N3
金銭	きんせん	money	N3
金属	きんぞく	metal	N3
近代	きんだい	modern times, variously described as encompassing the Renaissance, the Age of Discovery, the Reformation and the rise of modern capitalism; or from the Meiji Restoration to the end of the Pacific War, which is then followed by 現代 (gendai)	N3
緊張	きんちょう	physical tension, strain; mental strain, nervousness; tension in a relationship; the contracted state of a muscle; be physically tense; be mentally tense, be nervous; for a relationship to suffer tension; for a muscle to contract	N3
筋肉	きんにく	a muscle	N3
金融	きんゆう	finance	N3
金曜	きんよう	planet Venus; Friday	N3
句	く	a short section from a longer text:; a phrase or clause; a sentence or line; a passage or paragraph; a verse from a song; a stanza from a poem; counter for stanzas from a poem or for haiku	N3
食う	くう	to put something in one's mouth; to eat, to devour; to make a living, to live; to survive; to tease, to taunt, to make light of, to make fun of; to torment; to bite, to sting (of an insect, usually used in the passive)	N3
偶然	ぐうぜん	contingent, casual, accidental, incidental; by chance, incidentally; chance, contingency	N3
臭い	くさい	stinking, smelly, pungent; giving off a bad smell; suspicious, fishy; arousing suspicion; smells like; reeks of; very much like; conceptually similar to; an intensifier	N3
鎖	くさり	a chain	N3
腐る	くさる	rot; spoil; corrode; be corrupt, degenerate; be dejected; of inventory, to not move	N3
癖	くせ	habit; tendency; unusual trait; peculiarity; a bend or distortion that cannot be easily straightened or flattened; kink; curl (in hair); crease (in clothing)	N3
管	くだ	a pipe or tube, such as that made of bamboo, wood, metal, or rubber; a pirn or bobbin that holds the thread within a weaving shuttle (from the way the earliest shuttles were made from bamboo tubes); a spool or bobbin onto which thread is wound on a spinning wheel; short for 管の笛 (kuda no fue): a kind of small pipe or flute used for signalling during a battle, similar to a fife; an agricultural tool used to thresh cut rice stalks; short for 管狐 (kudagitsune): a kind of mythical fox roughly the size of a weasel, that would live in bamboo stalks and make prophecies of the future	N3
具体	ぐたい	something concrete, tangible	N3
下さる	くださる	to give; to receive (particularly food and/or drink); to feel great; (chiefly in the negative form) to be worthless or boring; to be tasteless; (only used in the following conjunctions below) to do something for the recipient; shows respect from the speaker to the doer; Used after the 〜て form of a verb.; Used either after a native noun prefixed with お (o-) or after a Sino-Japanese noun prefixed with 御 (go-).; classical form of 下される (kudasareru)	N3
下り	くだり	down-train (going away from Tokyo)	N3
苦痛	くつう	agony, pain; distress, torment, anguish	N3
ぐっすり	ぐっすり	fast asleep; (sleeping) sound; completely; piercing	N3
区別	くべつ	distinction, difference; classification; to distinguish, to tell one thing from another; to classify	N3
組	くみ	class, group, team, set	N3
組合	くみあい	a group of people with common objectives and goals who work together towards that end; an association, a union	N3
組む	くむ	intertwine (strings and similar); cross (one's arms or legs); braid (hair); build (out of poles, strings, or similar); put up; put together; organize (parts into a whole); compose; put (e.g. soldiers) into a formation; compile (a list or timetable); write (a computer program); grapple (with someone); wrestle (with); fight (with); collaborate (with someone); conspire (with); partner (with); unite (with)	N3
曇	くもり	cloudy weather; to cloud up	N3
位	くらい	rank, place; decimal place; ghosts	N3
暮らし	くらし	life; living; livelihood; life circumstances	N3
クラシック	くらしっく	classical (of a traditional style); a classic (a work from ancient Greece or Rome); a classic (a work valued over generations)	N3
暮らす	くらす	to spend (the daytime of one day); to spend (a long time, longer than one day); to live, to lead a life, to get on; Continuative form of verb + 暮らす: to spend a whole day doing	N3
グラス	ぐらす	glass (cup)	N3
グランド	ぐらんど	alternative form of グラウンド (“ground”)	N3
クリーム	くりーむ	cream	N3
繰り返す	くりかえす	to repeat, to do again	N3
クリスマス	くりすます	Christmas (Christian holiday)	N3
狂う	くるう	to go mad	N3
グループ	ぐるーぷ	a group	N3
苦しい	くるしい	physically painful, agonizing; difficult, strenuous, mentally trying; mentally agonizing; tight (budget etc.), straitened; forced	N3
苦しむ	くるしむ	suffer, struggle with, be tormented by	N3
暮れ	くれ	dusk, nightfall, sunset; about the end of a certain period of time; year-end	N3
苦労	くろう	toil, hardship; worry, anxiety; toilsome, painstaking; worrisome; to toil, to work hard; to worry	N3
加える	くわえる	add, sum up; inflict, do harm; include, count in; increase	N3
詳しい	くわしい	detailed; familiar	N3
加わる	くわわる	join in a group or effort, participate, take part in; increase; be added to	N3
訓	くん	kun'yomi	N3
軍	ぐん	an army, corps; the armed forces, military; forces; during the Zhou dynasty, an army of five 師 (shi, “divisions of 2500 soldiers”) totaling 12500 soldiers; a team	N3
軍隊	ぐんたい	armed forces such as the army, the navy, or the air force	N3
訓練	くんれん	training; practice; to practice; to drill	N3
下	げ	the last volume in a two- or three-volume set; bottom, low	N3
計	けい	plan; total; -meter (measuring device); a total of…, in total	N3
敬意	けいい	reverence, respect	N3
経営	けいえい	management; to manage, to run	N3
景気	けいき	condition (e.g. business)	N3
傾向	けいこう	inclination, tendency	N3
警告	けいこく	warning; to warn	N3
計算	けいさん	calculation; forecast; to calculate	N3
掲示	けいじ	post, bulletin; post, display, stick up	N3
刑事	けいじ	a detective; criminal matters	N3
芸術	げいじゅつ	the arts	N3
契約	けいやく	contract, agreement; to enter into a contract	N3
経由	けいゆ	going via, by way of; doing something through someone or something else; to go via; to do through	N3
ケース	けーす	a case, as a container for something; a case, as an instance, event, situation; grammatical case	N3
ゲーム	げーむ	game; video game	N3
劇	げき	play	N3
劇場	げきじょう	theater (building where performances are given), playhouse	N3
化粧	けしょう	makeup/make-up, cosmetics; cosmeticization; to put on makeup/make-up; to cosmeticize	N3
けち	けち	miser; miserliness; stinginess; stingy, miserly	N3
結果	けっか	the result, effect, consequence; the performance, the accomplishment, the achievement; bear fruit	N3
欠陥	けっかん	defect	N3
結局	けっきょく	eventually, after all	N3
決心	けっしん	resolution; make up one's mind, decide	N3
欠席	けっせき	absence	N3
決定	けってい	decision; choice; to decide; to decide on; to choose	N3
欠点	けってん	something that detracts from perfection: a fault, a flaw, a defect; a disadvantage, a drawback; a failing grade	N3
月曜	げつよう	the moon; Monday	N3
結論	けつろん	conclusion (decision reached after careful thought); to conclude	N3
煙	けむり	smoke	N3
券	けん	ticket, certificate; bond, coupon	N3
県	けん	a type of administrative district, including 43 of the 47 prefectures of modern Japan, Chinese counties, French departments, etc.	N3
軒	けん	counter for buildings like houses	N3
見解	けんかい	opinion	N3
限界	げんかい	limit (boundary)	N3
現金	げんきん	cash; mercenary, calculating, self-serving	N3
言語	げんご	language, speech; langue	N3
健康	けんこう	healthy, fit; health	N3
検査	けんさ	inspection, examination, check (usually done by a 3rd party); to inspect, to examine, to check	N3
現在	げんざい	the present, now; now, at present	N3
現実	げんじつ	reality	N3
現象	げんしょう	a phenomenon	N3
現状	げんじょう	the present situation; status quo	N3
建設	けんせつ	construction, building (of a dam, bridge, or other large project); establishment of an organization; construct, build (a large project, e.g. a dam, a bridge, a skyscraper, etc.); establish an organization	N3
現代	げんだい	modern times, variously described as after the 19th century, after World War I, or after World War II, until the present	N3
建築	けんちく	architecture; to build; to construct	N3
見当	けんとう	estimate; guess; direction; about, or so (a numerical approximation); register mark, indicating the position of the paper to prevent color bleed	N3
検討	けんとう	consideration; conversation or debate concerning a particular topic; discussion; to consider	N3
現場	げんば	actual spot; factory floor, workplace	N3
憲法	けんぽう	fair; constitution; rule; law; fairness	N3
権利	けんり	right; claim; title; privilege	N3
後	ご	later, afterwards, some time after the present; after; latter	N3
語	ご	a word, term; a proverb; language of, -ese, -ish	N3
恋	こい	love, especially romantic love; longing, yearning; a female given name	N3
濃い	こい	deep (color), strong (flavor, smell, etc.); dense	N3
恋人	こいびと	a lover; a boyfriend or girlfriend; The Lovers, the sixth trump or major arcana card in most traditional Tarot decks	N3
幸運	こううん	lucky, fortunate; luck; good luck; good fortune	N3
講演	こうえん	lecture; speech; give a lecture; speak, give a speech	N3
効果	こうか	effect; koka, points or the judge call to the points in the match of Japanese martial art of judo. less points to yuko.	N3
硬貨	こうか	coin; hard currency	N3
高価	こうか	expensive; high price, expensiveness	N3
豪華	ごうか	splendid, luxurious, gorgeous, magnificent; luxury, magnificence	N3
合格	ごうかく	passing (as in a test); suitability, eligibility; to pass (a test)	N3
交換	こうかん	exchange; swap; give-and-take; commutation; to exchange	N3
航空	こうくう	aviation	N3
光景	こうけい	scene, sight	N3
合計	ごうけい	sum, total; add up	N3
攻撃	こうげき	an attack; to attack	N3
貢献	こうけん	contribution; to contribute; to make a contribution	N3
広告	こうこく	advertisement, ad; advertise	N3
交際	こうさい	association, relationship; dating, going out with someone; to associate; to date, to go out with	N3
後者	こうしゃ	the latter	N3
工場	こうば	factory; workshop; mill; plant	N3
構成	こうせい	configuration, structure, construct, constitution; to compose; to constitute; to configure	N3
高速	こうそく	high speed; expressway (abbrev. of 高速道路)	N3
行動	こうどう	action; behavior; to act	N3
強盗	ごうとう	robbery; robber; mugger; burglar	N3
幸福	こうふく	happy; happiness	N3
公平	こうへい	impartial, fair; impartiality, fairness	N3
候補	こうほ	candidate	N3
考慮	こうりょ	consideration, regard, account; to consider, to count; to make allowances for, to allow for	N3
越える	こえる	to exceed, to go over, to be more than, to cross; to surpass, to excel; to transcend	N3
コーチ	こーち	a coach (trainer)	N3
コード	こーど	code (system of principles, rules or regulations); A short symbol.; code (set of rules for converting information); code (instructions for a computer); cord (wires surrounded by a coating, used to supply electricity); chord (combination of three or more notes)	N3
氷	こおり	ice (frozen water); a cold and sharp object, as a shard of ice; short for 氷水 (kōrimizu): ice water; water filled with ice; short for 氷襲 (kōrigasane): layered clothing with the front shining white and plain white at the back; a female given name; a surname	N3
凍る	こおる	to freeze; to be frozen over; to congeal; to suspend an account (usually on Twitter)	N3
ゴール	ごーる	a goal (area); a goal (act of scoring)	N3
誤解	ごかい	misunderstanding; to misunderstand	N3
語学	ごがく	language study; linguistics	N3
呼吸	こきゅう	a breath; respiration; knack; the trick (to something); breathe, respire	N3
故郷	こきょう	a hometown, homeland	N3
極	ごく	very, extremely	N3
国語	こくご	a language; a national language; the Japanese language; Mandarin; Standard Mandarin (Guoyu)	N3
黒板	こくばん	a blackboard	N3
克服	こくふく	conquest, overcoming; to overcome	N3
国民	こくみん	nationals (citizens of a state)	N3
穀物	こくもつ	cereal; grain	N3
腰	こし	hips, loins, lower back	N3
個人	こじん	individual	N3
越す	こす	to cross, go over; to pass time; to move house; to exceed, surpass	N3
国家	こっか	nation; state	N3
国会	こっかい	parliament; congress; the National Diet (Japan's bicameral legislature); the Cortes Generales (Spain's bicameral legislature); the Parliament (France's bicameral legislature; Sri Lanka's and Singapore's unicameral legislature); the House of Nation (Bangladesh's unicameral legislature); the National Assembly (South Korea's unicameral legislature); the National Assembly (Vietnam's unicameral legislature)	N3
国境	こっきょう	a national border or frontier (part of a country that fronts or faces another country or an unsettled region)	N3
骨折	こっせつ	fracture (in bone); to break a bone; to suffer from a broken bone	N3
小包	こづつみ	parcel, package	N3
事	こと	thing; work; job; business; to serve; to work for	N3
異なる	ことなる	to differ; to vary; to disagree	N3
諺	ことわざ	a proverb (phrase expressing a basic truth)	N3
断る	ことわる	to refuse, to reject, to turn down; to announce in advance, especially to ask for permission	N3
粉	こな	powder; flour	N3
好み	このみ	liking, taste, preference; wish, desire; leaving the design of the clothing at the performers' discretion	N3
好む	このむ	to love; to like; to prefer	N3
小麦	こむぎ	wheat	N3
ごめんなさい	ごめんなさい	I beg your pardon,excuse me	N3
小屋	こや	cottage, hut, cabin, shed; playhouse; pen	N3
これら	これら	these	N3
頃	ころ	in, on, at, at that time, around,about, approximately; such a time; time of year, season	N3
殺す	ころす	to kill, to put to death; to ruin, to spoil; to suppress, to stifle	N3
転ぶ	ころぶ	to fall down; to fall morally or metaphysically	N3
今回	こんかい	this time, this	N3
今後	こんご	from now on	N3
混雑	こんざつ	confusion, traffic congestion, crowds; be crowded	N3
こんなに	こんなに	to this extent; to this degree	N3
困難	こんなん	difficult, trying, hard; difficulties, hardship, trouble	N3
今日	こんにち	today, this day; nowadays	N3
こんにちは	こんにちは	hello,good day (daytime greeting, id)	N3
婚約	こんやく	engagement, a promise to marry; get engaged	N3
混乱	こんらん	confusion; disorder, chaos; commotion; tumult, mayhem; be in disorder; be confused; be in tumult	N3
差	さ	difference	N3
サービス	さーびす	service; giving away something or doing something for free, as a gift or free service for someone; maintenance	N3
際	さい	time; occasion	N3
最高	さいこう	the highest; the best; supreme; the greatest	N3
財産	ざいさん	property; fortune	N3
最終	さいしゅう	the last, the final	N3
最中	さいちゅう	most active state, in progress, at one's best; the middle, midst, during; in one's prime	N3
最低	さいてい	lowest; worst; the minimum; the lowest; the worst; the most terrible	N3
才能	さいのう	ability, talent	N3
裁判	さいばん	trial; court	N3
材料	ざいりょう	a concrete material:; ingredients for food; materials for building something, such as furniture; abstract material:; data; a subject to write about; news; a factor influencing markets	N3
幸い	さいわい	very fortunate and happy, especially as bestowed by gods, spirits, buddhas, or other entities; favorable, ideal (often used in polite constructions); very good fortune and happiness, especially as bestowed by gods, spirits, buddhas, or other entities; an occurrence of good luck or good fortune; the tail and back fins of a carp or other fish, as used in cooking	N3
サイン	さいん	sine; a signature; an autograph; a sign; signal	N3
境	さかい	border, boundary, limits; a surname	N3
逆らう	さからう	go against; be contrary to; defy	N3
盛り	さかり	the height, peak, prime; heat; stem or continuative form of 盛る (sakaru)	N3
作業	さぎょう	work; operation; work	N3
昨	さく	yesterday; last, past (day, week, month, year, etc.)	N3
作品	さくひん	a work, especially a work of art such as a performance, a painting, a piece of pottery, etc.	N3
作物	さくもつ	crops	N3
桜	さくら	a cherry tree, in Japanese contexts particularly the Japanese cherry, Prunus serrulata, yet not limited to it; short for 桜花 (sakurabana): a cherry blossom; short for 桜木 (sakuragi): cherry wood; short for 桜皮 (sakuragawa): cherry bark; short for 桜色 (sakura-iro): cherry blossom pink; short for 桜襲, 桜重 (sakura-gasane): a layered style of wearing kimono with one layer in the sakura-iro color; short for 桜肉 (sakura niku): horsemeat, from its pinkish color; short for 桜湯 (sakurayu): cherry blossom tea; synonym of 天保一分銀 (Tenpō ichibugin): a rectangular silver coin issued during the Tenpō era (1830–1844), so called for its cherry blossom pattern; worth one-quarter of a 両 (ryō); the suit of cherry blossoms in a hanafuda deck, representing the month of March and the number three; a class of prostitute in the red-light district; the middle of the dorsal fin of a fish; during the Edo Period, a special box or balcony seat for a hired applauder, someone requested to cheer on the performers; a shill, capper, or come-on working for a store, auction, or even a swindle, who is paid to attract customers or marks; an ear; short for 桜炭, 佐倉炭 (Sakura-zumi): a high-quality 炭 (sumi, “charcoal”) made in 佐倉 (Sakura) in Chiba Prefecture, using 桜 as ateji for 佐倉; a female given name; a placename; a surname; a piece of koto music, often entitled Sakura Sakura in English; a piece of music played at the start of 平曲 (Heikyoku, retelling of The Tale of the Heike with 琵琶 (biwa, “lute accompaniment”))	N3
酒	さけ	any alcoholic beverage; synonym of 日本酒 (nihonshu): sake (Japanese rice wine); drinking, especially of alcoholic beverages	N3
叫ぶ	さけぶ	to scream, to shout, to cry	N3
避ける	さける	to avoid	N3
支える	ささえる	support; hold in check; provide for, maintain, support	N3
指す	さす	point (at, to); indicate; specify; point out; play (the game or a move); move (a piece); make (a move)	N3
座席	ざせき	seat	N3
誘う	さそう	to invite; to tempt; to lure; to entice; to seduce; to induce (tears, laughter, sleepiness, etc.); to arouse (e.g. sympathy); to provoke	N3
札	さつ	a ticket, a token; a letter; paper money, a bill, a (bank) note	N3
作家	さっか	writer; artist, potter	N3
作曲	さっきょく	composition; to compose	N3
ざっと	ざっと	雑と, 粗と, 概略と: coarsely; roughly; strong (winds), heavy (rain); vigorously	N3
さっぱり	さっぱり	refreshed; relieved; clear; clean; neat; trim; plain; light; entirely; (with negative) at all; completely not good, useless, etc.	N3
さて	さて	in that way; by the way, on the other hand; well then, well, now; moving on to our main topic	N3
砂漠	さばく	desert (barren area)	N3
差別	さべつ	difference; discrimination; discriminate	N3
作法	さほう	manner, etiquette, propriety	N3
様々	さまざま	varied,various	N3
覚ます	さます	to wake, to rouse from sleep or drunk; to make conscious	N3
覚める	さめる	wake up from sleeping; become conscious; become aware of something, become awakened to reality; 醒める: (of a temporary impaired mental state) vanish; dissolve	N3
左右	さゆう	left and right; both sides; control; influence; to sway, to influence; to have under one's control	N3
皿	さら	dish, plate	N3
更に	さらに	even more; furthermore, moreover; not at all, not in the least, not any	N3
去る	さる	to leave	N3
猿	さる	a monkey (primate); short for 日本猿 (Nihonzaru, “Japanese macaque”); an ape (animal)	N3
騒ぎ	さわぎ	noise, uproar, disturbance; commotion, fuss, turmoil; (not) to the extent	N3
参加	さんか	participation, commitment; to participate, to join, to enter	N3
参考	さんこう	reference; consultation; to refer to, to consult	N3
賛成	さんせい	approval; support, agree, favor	N3
酸素	さんそ	oxygen (chemical element); oxygen (molecular oxygen)	N3
氏	し	a family, a clan; a certain person; Mr.; Ms.	N3
詩	し	poem; verse of poetry; Chinese poetry; short for 詩経 (“Shijing, the Book of Odes”)	N3
幸せ	しあわせ	happy; fortunate, lucky; a moment when circumstances come together: fate, opportunity (used to indicate both good and bad instances); happiness; good fortune, good luck; circumstances, the flow of events	N3
ジーンズ	じーんず	jeans (denim trousers)	N3
ジェット機	じぇっとき	jet, jet plane (an airplane that is powered by a jet engine)	N3
直に	じかに	directly, firsthand	N3
しかも	しかも	moreover; and yet	N3
叱る	しかる	to scold	N3
式	しき	type, style; a formula or expression; ceremony, ritual, function; short for 結婚式 (kekkon-shiki, “wedding ceremony”); ceremony; formula, expression; style	N3
直	じき	soon, shortly; nearby, close	N3
時期	じき	time for doing something; period of time; season	N3
支給	しきゅう	supply (provisions), money or goods that are issued or provided, such as an allowance; give out, issue, outfit, supply	N3
しきりに	しきりに	frequently; repeatedly; constantly	N3
刺激	しげき	stimulus, stimulation, impetus, motivation; stimulate, quicken, get going, provide an impetus	N3
資源	しげん	resources	N3
事件	じけん	event, incident; matter, affair; scandal	N3
時刻	じこく	time, the hour	N3
自殺	じさつ	suicide; to commit suicide	N3
事実	じじつ	fact; truth; reality; a matter of fact, actually, the fact (of the matter)	N3
支出	ししゅつ	expenditure; spend	N3
事情	じじょう	circumstances; reasons	N3
詩人	しじん	poet	N3
自身	じしん	[one]self	N3
沈む	しずむ	to sink; to go to the bottom; to set; to be immersed; to feel downcast, dejected, depressed; to droop	N3
自然	しぜん	natural; spontaneous; naturally; spontaneously; rarely; coincidentally; nature; spontaneity	N3
思想	しそう	thought; idea	N3
舌	した	tongue	N3
次第	しだい	circumstances; order; dependent on, as soon as	N3
事態	じたい	situation (especially negative); state of affairs; circumstances	N3
従う	したがう	to follow; to move in the same path or direction; to obey; to comply; to be moved freely by external force; to respond; to come up as a result; to imitate; to undertake; to commit oneself to an obligation, activity etc.	N3
従って	したがって	therefore	N3
親しい	したしい	close; friendly; familiar	N3
質	しつ	quality	N3
失業	しつぎょう	unemployment; lose one's job	N3
実験	じっけん	experiment; to do an experiment	N3
実現	じつげん	implementation; materialization; realization; to implement, to realize	N3
実行	じっこう	practice; performance; execution (of a program); realization; carry out; to put into practice, to execute, to realize; run (a program)	N3
実際	じっさい	practice (as opposed to theory); actual condition, actuality; status quo; indeed, in fact, actually	N3
実施	じっし	practice, execution, enforcement, putting into effect; to put into practice, to carry out, to execute (a plan etc.), to put into effect, to put into force (a law etc.)	N3
じっと	じっと	熟と: (stare) hard, (look) intently; 凝と: patiently; 凝と, 凝乎と, 凝然と, 不動と, 静止: motionlessly	N3
実に	じつに	indeed; truly; surely	N3
実は	じつは	as a matter of fact; actually	N3
失望	しつぼう	disappointment; despair; be disappointed; lose hope	N3
支店	してん	branch store; branch office	N3
指導	しどう	guidance; leadership; to guide; to lead	N3
自動	じどう	automatic movement, automatic functioning; intransitive verb (abbreviation of 自動詞)	N3
品	しな	article, goods; stock; quality; an item (on the menu) or dish	N3
支配	しはい	rule, control, command; direction, management, governance; dominance; to rule, to control, to command; to direct, to manage, to govern; to dominate	N3
芝居	しばい	play, theatrical performance	N3
しばしば	しばしば	often, frequently, repeatedly, again and again, every so often	N3
芝生	しばふ	grass, a lawn	N3
支払	しはらい	payment	N3
支払う	しはらう	pay (money)	N3
死亡	しぼう	death; to die	N3
資本	しほん	capital	N3
仕舞い	しまい	end; conclusion; termination	N3
姉妹	しまい	sisters; the status of being a sister	N3
仕舞う	しまう	to close; to finish, do something completely; to put away, to put an end to; after the conjunctive て (-te) form of a verb:; is, or was (with conjugation), done completely; happens, or happened, unexpectedly; is done with difficulty; happens, or is done with regret afterward; end up	N3
仕舞った	しまった	used in response to a failure or mistake: dang, shoot, darn it	N3
自慢	じまん	pride; brag, boast	N3
事務	じむ	business, clerical work	N3
示す	しめす	to show, to have somebody see; to display, to show, to demonstrate; to indicate, point out, to denote; to indicate (for a measuring device such as a clock to show a value)	N3
占める	しめる	to hold, to occupy, to account for	N3
下	しも	the lower portion, end; lowness in degree or rank; the downstream portion of a river; the downriver area; the area farther from the capital; the last part of a month, year, etc.; the lower half of the body; private parts; feces and urine, excrement	N3
霜	しも	frost (ice crystals in objects exposed to the air); ice adhered inside an electric refrigerator; white hair; a surname	N3
借金	しゃっきん	debt, loan, liability; borrow money, go into debt	N3
しゃべる	しゃべる	to talk, to speak, to chat, to chatter; to let secrets out	N3
邪魔	じゃま	a demon or devil of perversity, a hindrance to the practice of Buddhism; an obstacle, a hindrance, interference; a nuisance, a bother; a visit; to impede, to obstruct; to be a bother, obstacle, nuisance, hindrance	N3
週	しゅう	a week (unit of time); weeks; a male or female given name	N3
州	しゅう	first-level administrative division of some countries, such as: (1) state of the United States, Australia, India, Nigeria and Germany; (2) province of Canada; (3) canton of Switzerland; etc.; used in place names, usually associated with (historical) political divisions; continent; used in place names	N3
銃	じゅう	gun (firearm)	N3
周囲	しゅうい	surroundings; the surrounding area; a perimeter	N3
収穫	しゅうかく	harvest, crop; harvesting; result, gain obtained through some act(s) or endeavor; harvest, reap, bring in	N3
週間	しゅうかん	week; a specially designated seven-day period such as a Traffic Safety Week	N3
宗教	しゅうきょう	religion; the Buddha's doctrine and teachings; the doctrine and teachings of a specific Buddhist denomination	N3
重視	じゅうし	value, esteem, respect, stress; to value, to esteem, to treasure, to respect, take seriously, to attach importance to	N3
就職	しゅうしょく	finding employment, inauguration; to get hired	N3
ジュース	じゅーす	juice; any soft drink or other non-alcoholic beverage; alternative form of デュース (dyūsu, “deuce”)	N3
修正	しゅうせい	revision; correction; amendment; making changes to correct or improve; to revise; to correct; to amend; to make changes to correct or improve	N3
渋滞	じゅうたい	congestion, traffic jam; delay, stagnation; jam, become congested, back up	N3
重大	じゅうだい	important, significant; grave, solemn; importance, significance, seriousness, gravity	N3
住宅	じゅうたく	residence, house	N3
集団	しゅうだん	group	N3
集中	しゅうちゅう	concentration; concentrate	N3
収入	しゅうにゅう	income, earnings, receipts	N3
住民	じゅうみん	citizens; inhabitants	N3
重要	じゅうよう	important, significant; importance, consequence, significance	N3
修理	しゅうり	a repair; mend, fix, repair	N3
主義	しゅぎ	a principle or set of principles; a doctrine; an ism; -ism	N3
宿泊	しゅくはく	accommodation (lodging); accommodate	N3
手術	しゅじゅつ	an operation; surgery (procedure involving major incisions); to operate on; to perform surgery on	N3
首相	しゅしょう	a prime minister; a chancellor	N3
手段	しゅだん	procedure; method; way; a means (to an end)	N3
主張	しゅちょう	opinion, assertion, contention; maintain, argue, claim	N3
出身	しゅっしん	hometown, the place one comes from; the school from which one graduated; the group or organization from which one comes	N3
出版	しゅっぱん	the selling and distribution of printed works; publication, publishing; publish, issue, put out	N3
首都	しゅと	capital, capital city	N3
主婦	しゅふ	housewife, female homemaker	N3
主要	しゅよう	main, principal; centrality	N3
需要	じゅよう	need; requirement; demand	N3
種類	しゅるい	kind, sort, type; variety	N3
順	じゅん	order, sequence; obedience; order, sequence, turn; a male given name	N3
瞬間	しゅんかん	instant (period of time), the moment that something happens	N3
順調	じゅんちょう	satisfactory; favorable; favorable condition, smooth progress	N3
順番	じゅんばん	order, turn	N3
使用	しよう	use, usage; use, utilize	N3
小	しょう	smallness; small size, small (sometimes used as an abbreviation for small serving, etc.); short for 小の月 (shō no tsuki); during the Kamakura and Muromachi periods, a unit of field area equal to around 400 square metres; small, little; suffix after names of elementary schools; a surname	N3
章	しょう	chapter; section; badge	N3
賞	しょう	prize; prize, award	N3
上	じょう	the first volume in a two- or three-volume set; from the standpoint of...; aboard (a plane, ship, etc.); above, in, on; a surname	N3
障害	しょうがい	impediment, obstacle, handicap; obstruct	N3
奨学金	しょうがくきん	scholarship (study allowance); student loan	N3
乗客	じょうきゃく	passenger	N3
上京	じょうきょう	going to capital city; going to Tokyo; going to Kyoto; go to capital city; go to Tokyo; go to Kyoto	N3
状況	じょうきょう	situation (position vis-à-vis surroundings) of something that changes	N3
条件	じょうけん	terms, conditions, or requirements, as of a treaty or contract; terms or conditions of an agreement in general; condition	N3
正午	しょうご	noon, midday	N3
正直	しょうじき	honest (scrupulous with regard to telling the truth); honesty; honestly, to tell the truth	N3
常識	じょうしき	common knowledge; common sense	N3
少女	しょうじょ	a (young, little) girl; a style of anime and manga made for young women, shojo	N3
少々	しょうしょう	a small amount; Just a minute!	N3
症状	しょうじょう	a symptom; a patient's medical condition	N3
生じる	しょうじる	come about, occur, arise; result from, be caused by	N3
状態	じょうたい	the state or condition (of something at a certain time); (current) situation	N3
上達	じょうたつ	improvement in academic ability, the arts, etc.; communication of opinions of those of lower rank to those of higher; improve, advance in one's studies; communicate opinions to those of higher rank	N3
冗談	じょうだん	a joke	N3
上等	じょうとう	high-quality; first-class; superior; high quality; first class; superiority	N3
衝突	しょうとつ	collision, crash; conflict of opinion; to collide into, to collide with; to have a conflict with someone; to conflict	N3
商人	しょうにん	trader, shopkeeper, merchant	N3
承認	しょうにん	approval, recognition; approve	N3
少年	しょうねん	a boy, a young man	N3
商売	しょうばい	business; occupation	N3
消費	しょうひ	consumption, expenditure; consume, spend, use	N3
商品	しょうひん	item or commodity for sale, merchandise	N3
消防	しょうぼう	fire fighting, firefighting; short for 消防署 fire station, fire department, firehouse	N3
情報	じょうほう	information; news; gossip	N3
証明	しょうめい	proof; evidence; verification; proof; to prove; to confirm; to prove	N3
女王	じょおう	a Japanese prince's unmarried daughter who is descended from the reigning emperor through no more than five generations (\"princes\" include 親王 (shinnō) or 王 (ō)); a Japanese prince's unmarried daughter who is descended from the reigning emperor through no more than three generations (thus, the emperor's granddaughter or niece; \"princes\" only include 親王 (shinnō)); a queen regnant; a queen (reproductive female animal in a hive)	N3
職	しょく	employment; class; occupation	N3
職業	しょくぎょう	occupation, trade, profession, business	N3
食卓	しょくたく	dining table	N3
食品	しょくひん	food, foodstuff	N3
植物	しょくぶつ	a plant; vegetation	N3
食物	しょくもつ	food, foodstuff; food and drink	N3
食欲	しょくよく	appetite (desire of or relish for food)	N3
食料	しょくりょう	food	N3
食糧	しょくりょう	food, dietary provisions; provisions of rice or wheat on a military campaign	N3
書斎	しょさい	a reading room, a study, a den	N3
女子	じょし	girl; woman	N3
助手	じょしゅ	assistant, helper; an assistant to a professor (but not a professor themselves)	N3
徐々に	じょじょに	slowly,little by little,gradually,steadily,quietly	N3
署名	しょめい	signature; digital signature; to sign	N3
書物	しょもつ	books, writing	N3
女優	じょゆう	female actor, actress	N3
処理	しょり	processing; handling; dealing with; to process; to handle; to deal with	N3
書類	しょるい	documents, papers	N3
知らせ	しらせ	notice, notification, news	N3
尻	しり	behind; the end; the rear portion of the body: bottom, buttocks; the bottom or underside of an object; suffix in certain surnames	N3
印	しるし	stamp, seal; trace, mark, sign; printing; short for 印度 (Indo, “India”); mudra; symbolic hand gesture	N3
城	しろ	castle	N3
進学	しんがく	entering the next level of school, often university; go on to the next level of school	N3
神経	しんけい	sensitivity; nerve	N3
真剣	しんけん	serious, sincere, intense, honest; seriousness; a real metal sword, as opposed to a wooden or bamboo sword	N3
信仰	しんこう	belief, faith; to have faith in a religion, to profess faith in	N3
信号	しんごう	a signal; traffic lights	N3
人工	じんこう	man-made; artificial	N3
深刻	しんこく	serious, deep, heavy (topic), profound (change), weighty (matter); seriousness	N3
診察	しんさつ	medical examination; to examine (medically)	N3
人種	じんしゅ	race; ethnicity	N3
信じる	しんじる	to believe; to trust; to believe in (God, etc.)	N3
人生	じんせい	life; Literally, person's past. Used when speaking about the former life of a dead person.	N3
親戚	しんせき	relative	N3
新鮮	しんせん	fresh; freshness	N3
心臓	しんぞう	a heart	N3
身体	しんたい	body	N3
身長	しんちょう	height; stature (the tallness of a person)	N3
慎重	しんちょう	the way in which one is careful, thoughtful; prudent, discreet; the quality in which one is careful, thoughtful; prudence, discretion	N3
審判	しんぱん	trial; referee, umpire; Judgement; to judge; to referee	N3
人物	じんぶつ	person, figure, personage; someone's character	N3
進歩	しんぽ	progress; improvements in social welfare.; personal progress, usually in the development of a skill.; To improve (in reference to a society's technological capability or general quality of life).; To advance in proficiency; to make progress in the development of a skill.	N3
親友	しんゆう	close friend, bosom buddy; crony, chum	N3
信用	しんよう	belief, trust, confidence; reliance; to believe, to trust; to rely on	N3
信頼	しんらい	reliance, trust, confidence; to trust	N3
心理	しんり	mental state, mentality; psychology	N3
人類	じんるい	mankind, the human race, humanity	N3
巣	す	nest	N3
図	ず	diagram, figure, illustration	N3
水準	すいじゅん	the sufficient level; level, standard	N3
推薦	すいせん	recommendation; to recommend	N3
スイッチ	すいっち	switch, a device to turn electric current on and off or direct its flow; switch of a railroad, point of a railroad; a change in method or thinking; network switch	N3
随分	ずいぶん	extremely, considerably, very	N3
睡眠	すいみん	sleep	N3
数	すう	number; several	N3
数字	すうじ	a digit (numeral); a numeral; a figure, a thing expressed as a number (e.g. television viewership, score of games or sales)	N3
スープ	すーぷ	soup (non-Japanese cuisine)	N3
末	すえ	the tip or top of a plant; a twig or shoot; a treetop; the tip or end of something; the top or peak of a mountain; the edge or verge of a road or field; a descendant; the future, later, after; the end of a period of time; old age, the end period of a lifetime; a degraded world, a world with low morals and corrupt politics; the end of a month, the latter third of a month; some time considerably later; the result, outcome, or trace, remains of something having been done; the direction in which someone has gone or will go; the youngest or last child; youth, childhood; the lowest seat, the seat at the foot of a table; the lowest rank; the last two seven-mora stanzas or lines of a 短歌 (tanka) poem; the end of a sentence or word; the latter portion of a book or serial; the origin, the starting point; the interior rooms of a palace or manor where maids worked; a maid who worked in such a household; a low class or grade; an item of low class or grade; something minor, a trifle; downstream; in a 神楽 (kagura) performance, the seats on the right side facing the altar or shrine; the performers playing in these seats	N3
姿	すがた	figure, appearance, form, aspect, shape	N3
スキー	すきー	a ski; skiing	N3
救う	すくう	to save, to rescue, to relieve; 済う: to take care of the poor; to get someone back on the right track	N3
優れる	すぐれる	be good at (a thing); be superior to (a person)	N3
スケート	すけーと	skates; skating; roller skates	N3
すごい	すごい	horrible, dreadful, ghastly; terrific, terrible, awful; amazing, splendid, fantastic, great; striking, remarkable; greatly, wonderfully	N3
少しも	すこしも	anything of, not one bit	N3
過ごす	すごす	spend, pass (time); have (a holiday); do something too much, carry something too far	N3
筋	すじ	muscle; tendon; have an aptitude; vein; road; Counter for long, thin things.	N3
進める	すすめる	promote, pursue, move forward with, advance	N3
勧める	すすめる	suggest, recommend, advise; offer food, drink or the use of something; promote (industry etc.)	N3
スター	すたー	a star (luminous celestial body); an asterisk; a star (famous person in the media like an actor or athlete); Multiple tracks emitted radially from the one point on the nuclear plate which caused by the collision of the high-energy elementary particles with the nucleus to emit the hadrons in all directions.; asterism	N3
スタイル	すたいる	style; a woman's figure, a man's physique	N3
スタンド	すたんど	stand (device to hold something upright or aloft); desklamp, floor lamp; grandstand; stand (small building or booth), usually for selling something; stand (designated spot where someone or something may stand or wait), bleachers; short for ガソリンスタンド (gasorin sutando, “gas station, petrol station”)	N3
頭痛	ずつう	a headache (pain or ache in the head)	N3
ずっと	ずっと	by far; much (better, etc.); continuing for a long time; long-lasting; forever; always; for the entire time	N3
すてき	すてき	lovely,dreamy,beautiful,great	N3
既に	すでに	already	N3
すなわち	すなわち	即ち, 即, 乃ち, 乃: namely; 即ち, 即, 乃ち, 乃: that is to say, i.e.; 則ち, 則: conjunction used to indicate sequence of events; and; 輒ち: promptly, easily	N3
素晴らしい	すばらしい	terrific, wonderful, splendid, grand, magnificent; extreme, terrible	N3
スピーチ	すぴーち	a speech, an address, a talk	N3
全て	すべて	entirely, completely; all; in general, approximately; at all, completely; everything, all	N3
済ませる	すませる	synonym of すます	N3
角	すみ	a corner (e.g., of a desk; compare 隅); an edge; a street corner; a surname; angle; cape, headland, point; A bishop (shogi). Abbreviation of 角行.; horn, antler	N3
すみません	すみません	sorry! (in apology, more formal than ごめんなさい (gomennasai)); excuse me! (attempting to get someone's attention); thank you! (in the case of someone having done something for you)	N3
鋭い	するどい	sharp (of a blade etc.); pointed, penetrating (question etc.); sharp, perceptive	N3
背	せい	height	N3
正	せい	correctness	N3
生	せい	a living; life; a student; born in	N3
性	せい	sex, gender; gender; -ity, -ness, the nature of quality or something	N3
所為	せい	cause, reason, fault	N3
税	ぜい	tax, duty, customs (money paid to the government)	N3
性格	せいかく	character of human (personality), or of things.	N3
正確	せいかく	accurate; exact; correct; precise; accuracy; exactness; correctness; precision	N3
世紀	せいき	century (100 years); century	N3
請求	せいきゅう	a strong request; a demand, a claim on the basis of some authority (especially for payment); to make a demand or strong request; to make a demand on the basis of some authority, to make a claim	N3
税金	ぜいきん	tax; duty	N3
清潔	せいけつ	clean; hygienic; cleanliness	N3
制限	せいげん	limit, restriction; to limit, to restrict	N3
成功	せいこう	success; success in life, achievement in the world; succeed; be successful in life	N3
正式	せいしき	formal, official; formality	N3
精神	せいしん	psyche; spirit; soul; mind; will	N3
成人	せいじん	an adult; a grown-up; to reach adulthood; to come of age	N3
精々	せいぜい	at best, at most	N3
成績	せいせき	results, score, achievements, performance, record, grades	N3
製造	せいぞう	manufacturing; manufacture	N3
贅沢	ぜいたく	luxury; extravagance; to live a luxurious life, to live a life of luxury	N3
成長	せいちょう	growth; maturation; grow; grow up, become big	N3
制度	せいど	system; institution	N3
青年	せいねん	a young man; a youth	N3
製品	せいひん	manufactured goods,finished goods	N3
政府	せいふ	government; cabinet	N3
生物	せいぶつ	an organism; a life form	N3
生命	せいめい	life; one's existence	N3
整理	せいり	organizing something in orderly fashion; corporate downsizing; dissolution; straighten, organize, coordinate; wind up, liquidate a business	N3
咳	せき	a cough	N3
石炭	せきたん	coal	N3
責任	せきにん	responsibility; duty	N3
石油	せきゆ	oil, petroleum; kerosene	N3
世間	せけん	society, public	N3
説	せつ	theory	N3
積極的	せっきょくてき	proactive, positive, active, constructive	N3
設計	せっけい	plan; design; to plan out, to lay out a plan; to draw up plans for, to design	N3
絶対	ぜったい	absolute, limitless; certain, definite; absolutely, definitely, certainly; absoluteness, an absolute, unlimitedness	N3
セット	せっと	a set	N3
設備	せつび	building services, equipment, utilities, facilities; to equip, to furnish, to provide with something	N3
絶滅	ぜつめつ	extinction; annihilation; elimination; to go extinct; to be annihilated; to be eliminated	N3
節約	せつやく	frugality; economize	N3
是非	ぜひ	right and wrong; certainly, without fail, by all means; please	N3
責める	せめる	to blame; to scold; to pester, to press someone to do something; to torment	N3
善	ぜん	good, good deed	N3
全	ぜん	entire, complete, overall; all, pan-, omni-	N3
全員	ぜんいん	everybody; all members	N3
専攻	せんこう	academic major; specialize in, major in	N3
全国	ぜんこく	the whole country; the entire nation; nationwide; countrywide; all of Japan	N3
先日	せんじつ	the other day	N3
前者	ぜんしゃ	the former	N3
選手	せんしゅ	player, at variety of sports, or games.	N3
前進	ぜんしん	advance, advancement, progress; to advance, to progress	N3
センター	せんたー	a center (point equidistant from all points on the perimeter of a circle or on the surface of a sphere); a center (middle portion of something); a center (point on a line midway between the ends); a center (place where a function or activity occurs); synonym of 中堅手 (chūkenshu, “center fielder”); ellipsis of センターポジション (sentā pojishon, “member in an idol group who is the center of focus”)	N3
全体	ぜんたい	the whole, entire; originally, from the beginning	N3
選択	せんたく	a selection; a choice; an option; to select; to choose	N3
然う	そう	so, like that, in such a way, such; yes, yeah; it's like that; that's how it is; I see. (interjection to show that the speaker is paying attention); seem, seem like, appear; apparently, heard that (relating something heard from someone or somewhere else)	N3
象	ぞう	elephant	N3
騒音	そうおん	noise, disorder	N3
増加	ぞうか	increasing (increased amount); increase (in quantity or volume)	N3
操作	そうさ	maneuver, operate; to operate (machinery)	N3
想像	そうぞう	imagination; guess, suppose; imagine	N3
相続	そうぞく	succession or inheritance of a position, for example as head of a household or organization, or in a specific role; succession or inheritance of the assets and liabilities of a deceased person (the act of inheriting, rather than the thing inherited); the act of carrying on with an action, or of continuing to do something without cease; to succeed to or inherit a position, for example as head of a household or organization, or in a specific role; to inherit the assets and liabilities of a deceased person	N3
装置	そうち	equipment; device	N3
相当	そうとう	corresponding; proportional; suitable, appropriate; substantial, considerable; suitable; worth; corresponding to/equivalent; more than average; correspond to; be proportional to; suit, be appropriate for; quite; rather; considerably	N3
速度	そくど	speed; velocity; velocity	N3
底	そこ	the bottom	N3
そこで	そこで	so, then, in that case	N3
組織	そしき	organization (a group of people with a purpose); system (a group of people); tissue (a group of similar cells that function together to do a specific job); to organize something	N3
注ぐ	そそぐ	to pour into, to fill; to sprinkle on, to water something; to concentrate effort, to focus energy; for rain or snow to fall	N3
育つ	そだつ	be raised, grow up; to grow; nurture, train (professionals)	N3
そっくり	そっくり	identical; spitting image; exactly equal; all, entire, everything; as is, just as it is, as it is now	N3
そっと	そっと	softly, gently, quietly	N3
袖	そで	a sleeve, an arm (of an article of clothing); a wing of a building; a wing of a stage; the portion of a desk that extends to either side of one's lap, and that usually contains drawers or shelves; a female given name; a surname	N3
備える	そなえる	to prepare; to furnish	N3
そのうち	そのうち	eventually,sooner or later,of the previously mentioned	N3
そのまま	そのまま	as is; as it is; without modification	N3
ソファー	そふぁー	alternative form of ソファ	N3
粗末	そまつ	coarse, rough, plain, poor, shabby; to neglect; coarseness, roughness	N3
それぞれ	それぞれ	each, every, either, respectively, severally	N3
それでも	それでも	still, nevertheless, even so	N3
それと	それと		N3
それとも	それとも	or; or else	N3
損	そん	loss (opposite of gain)	N3
損害	そんがい	damage; loss; to suffer damage or loss	N3
尊敬	そんけい	respect, reverence, honor; to respect, to revere, to honor	N3
存在	そんざい	existence; being; entity; to exist	N3
尊重	そんちょう	respect, esteem; have respect for	N3
田	た	rice paddy; cultivated field; A surname	N3
他	た	another, other, some other	N3
対	たい	versus	N3
大	だい	big, large; the large part of; arch-; abbreviation of 大学 (daigaku, “university”)	N3
台	だい	machines, especially vehicles or computers; tables, beds; level, especially of price; period of time in a person's life	N3
題	だい	title; theme; issue; problem; questions on a test; question on a test; calligraphy by	N3
体育	たいいく	physical education; physical exercise	N3
体温	たいおん	body temperature	N3
大会	たいかい	convention; rally; mass meeting; tournament, a meet	N3
大気	たいき	an atmosphere	N3
代金	だいきん	fee, payment, charge, price	N3
退屈	たいくつ	tedious; boring; dull; tediousness, monotony; boredom, dreariness; be bored	N3
滞在	たいざい	stay; to make a stay, to sojourn	N3
大使	たいし	ambassador	N3
大した	たいした	big, quite, very great, considerable	N3
対象	たいしょう	object, target (of worship, study, etc.); subject (of taxation, etc.)	N3
大臣	だいじん	a government minister of Japan or ancient China; a senior minister or superior in the 太政官 (Daijō-kan, “Great Council of State”), namely the 太政大臣 (daijō-daijin), 左大臣 (sadaijin), 右大臣 (udaijin), and 内大臣 (naidaijin)	N3
対する	たいする	to pertain to; face each other; be in response to, be against	N3
大戦	たいせん	a great war, a great battle	N3
態度	たいど	attitude toward, stance; behavior, manner	N3
大統領	だいとうりょう	a president (the head of state of a republic)	N3
大半	たいはん	the greater part, most of	N3
代表	だいひょう	a representative, representation, delegation, example; a typification; to represent, stand for; to typify	N3
大部分	だいぶぶん	the greater part, the most part, large part	N3
タイプライター	たいぷらいたー	a typewriter (machine used to print text by pressing keys)	N3
逮捕	たいほ	arrest (of a person); to arrest someone	N3
ダイヤ	だいや	clipping of ダイヤモンド (daiyamondo, “diamond”); diamonds; clipping of ダイヤグラム (daiyaguramu, “posted schedule for a form of transportation such as a train or airplane”); timetable; a dyer	N3
太陽	たいよう	the sun; greater yang (⚌); the Sun	N3
平ら	たいら	flat, even, level, smooth, having no variation in altitude; stable, calm, at peace; relaxed, lacking formality; flatness	N3
代理	だいり	surrogation, proxy; proxy; to act in place of	N3
大陸	たいりく	a continent; China	N3
倒す	たおす	fell; throw down; knock down; cause something upright to become horizontal; kill; defeat; overthrow; avoid paying (a debt); to a great extent	N3
タオル	たおる	towel	N3
だが	だが	though, although, however, but, be that as it may, that said	N3
互い	たがい	a mutual relationship, doing with each other	N3
宝	たから	treasure	N3
宅	たく	home; husband	N3
だけど	だけど	informal form of だけれども (da keredomo)	N3
確かめる	たしかめる	to verify, to find out, to confirm	N3
多少	たしょう	little, somewhat, rather, quite; amount, number	N3
助ける	たすける	to help; to assist; to save; to rescue	N3
只	ただ	only; simply; just	N3
唯	ただ	only, solely; a female given name; a surname; polite particle used to respond to elders: yes	N3
戦い	たたかい	a fight, battle, or by extension, a war; a match, competition, contest, or race; any conflict or strife; an army or military; troops	N3
戦う	たたかう	to battle, to fight, to wage war; to compete (in a match, for example); to contend (for one's own interests); to get through with one's sufferings or difficulties; to hit or strike repeatedly	N3
叩く	たたく	to hit; to strike; to beat; to paddle (to spank with a paddle); to criticize; to verbally abuse or attack; to play (drums); to beat; to clap (hands); to call (an API)	N3
直ちに	ただちに	immediately, instantly	N3
立ち上がる	たちあがる	to stand up, to get up; to take action; to recover (from defeat, something painful, etc.); to end warming up (shikiri) and start a match; to boot	N3
立場	たちば	position	N3
経つ	たつ	to pass	N3
達する	たっする	reach, get up to	N3
たった	たった	only; Verb suffix for past actions.	N3
だって	だって	Indicating a certain object is included not as an exception, but in the general case; even, also; Indicating the things listed are in the same category; for example, things like; Expressing the idea that there are no exceptions; no matter; Used to emphasize a sense of disapproval or surprise.; Used to make an argument or give an excuse while expecting the other party's opposition or counterargument; but, however; even so; the reason is; I mean; after all	N3
たっぷり	たっぷり	full; plenty; abundant; leeway	N3
例え	たとえ	example, simile, metaphor, allegory, parable; even if	N3
谷	たに	a valley (elongated depression between hills or mountains); a trough (low portion of a wave cycle); an intersection of two receding roof slopes; a surname	N3
他人	たにん	other people; stranger	N3
種	たね	a seed; a pit or stone in a fruit; a gamete (reproductive cell such as a spermatozoan or egg); a lineage, bloodline; an origin, cause; the materials or ingredients from which something is made; capital, funds, seed money; a female given name; a surname	N3
束	たば	counter for bundles; bundle, bunch, batch, sheaf, coil	N3
度	たび	time; whenever; times; time	N3
旅	たび	a journey; travel; a temporary time spent in a place; a place where a 神輿 (mikoshi, “portable shrine”) spends a temporary time outside of the 本宮 (hongū, “main shrine building”) during a 祭り (matsuri, “festival”); to travel, to go on a journey or trip	N3
たびたび	たびたび	often,repeatedly,frequently	N3
玉	たま	any spherical or similarly-rounded object:; a ball; an orb; a sphere; a bead of an abacus; lens; a bullet; an egg, especially of a chicken; a gem, jewel; an object of value; a female entertainer (geisha, prostitute, etc.); short for 金玉 (kintama): testicles; counter for ramen and udon for one person; a place name; a female given name	N3
球	たま	ball; bulb (as in a light bulb); vacuum tube, valve; pitch	N3
弾	たま	pellet, bullet, shot, shell; bounce, bound; round (stage); projectile	N3
偶	たま	occasional; rarity	N3
偶々	たまたま	unexpectedly, by chance; luckily	N3
たまらない	たまらない	unbearable, intolerable, unendurable; tremendous, irresistible	N3
黙る	だまる	to be silent; being without permission; to put up with; to bear	N3
駄目	だめ	no good; useless; hopeless; inadvisable; not to be done; a territory that belongs to neither player when the game ends; synonym of 呼吸点	N3
試し	ためし	try, attempt, trial, test; stem or continuative form of 験す (tamesu)	N3
試す	ためす	to test, to try	N3
便り	たより	news from, correspondence	N3
頼る	たよる	rely, depend; count on	N3
段	だん	steps (up and down); stairs; rating; ranking; row; line (of text); multiplication table; the equivalent to a column in Western layout, but that can be horizontal or vertical depending on the writing direction; -th rank, -th degree black belt (in karate, judo, etc.); a section (horizontal line) in the gojūon table, which consists of kana that have or historically have had the same vowel; a unit in newspaper typesetting, equal to 1408 mils, ¹⁴⁰⁸⁄₁₀₀₀ in, 128 U (U) and 16 倍 (bai)	N3
単位	たんい	unit of measure; unit (an organized group); academic credit	N3
単語	たんご	a word, a shortest part that means something in a sentence; one's vocabulary, the set of words known by someone	N3
男子	だんし	a male, a guy	N3
単純	たんじゅん	simple; pure; free	N3
誕生	たんじょう	birth; creation; formation; be born, come into the world	N3
ダンス	だんす	a dance	N3
団体	だんたい	an organization; a group	N3
担当	たんとう	charge of, end, responsibility for an area of work; one who is in charge; host / hostess who attends to a patron; be in charge, handle an area of responsibility	N3
単なる	たんなる	mere, sheer, just, simple, pure	N3
単に	たんに	simply; only	N3
地	ち	earth, land, ground; a place, a region, a piece of land; territory, dominion; the bottom; the bottom margin; place, area	N3
地位	ちい	position in society, social standing, social status; the location or site of something	N3
地域	ちいき	area, district, particular geographic region	N3
チーズ	ちーず	cheese (dairy product); cheese (said while being photographed)	N3
チーム	ちーむ	team	N3
知恵	ちえ	wisdom, intelligence	N3
地下	ちか	underground; subterranean	N3
違い	ちがい	difference; difference, discrepancy; stem or continuative form of 違う (chigau); being different	N3
違いない	ちがいない	(phrase) sure,no mistaking it,for certain	N3
近頃	ちかごろ	lately, recently, of late	N3
地球	ちきゅう	Earth; Terra	N3
地区	ちく	zone (area distinguished on the basis of a particular characteristic etc)	N3
遅刻	ちこく	lateness, late coming; to be late	N3
知事	ちじ	prefectural governor	N3
知識	ちしき	knowledge	N3
父親	ちちおや	father	N3
知能	ちのう	intelligence, intellectual faculties	N3
地平線	ちへいせん	horizon on land	N3
地方	ちほう	district, province, area; krai	N3
茶	ちゃ	tea; synonym of 茶の木 (cha no ki, “tea plant, Camellia sinensis”); brown	N3
チャンス	ちゃんす	chance (an opportunity or possibility)	N3
ちゃんと	ちゃんと	as one should; properly; always, regularly, punctually	N3
中	ちゅう	the middle, medium; an average, neither good nor poor mark; the second volume of a three-volume set; during..., being in the process of doing...	N3
注	ちゅう	annotation, note	N3
中央	ちゅうおう	center/centre, middle; Chūō (one of 23 special wards in Tokyo prefecture, Japan)	N3
中学	ちゅうがく	middle school (7th through 9th years overall)	N3
中古	ちゅうこ	a secondhand or used item; medieval times (in Japanese history, including the Heian period); short for 中古日本語 (Chūko Nihongo): Heian period Japanese; Early Middle Japanese	N3
中止	ちゅうし	stoppage, termination, discontinuation; interruption, suspension, pause; cancellation; to stop, to terminate, to discontinue; to interrupt, to suspend, to pause; to call off, to cancel	N3
駐車	ちゅうしゃ	parking, especially of cars; to park	N3
昼食	ちゅうしょく	lunch, luncheon	N3
中心	ちゅうしん	center, middle, heart, core (physical center); center, hub (most important area of activity); crux, main point	N3
注目	ちゅうもく	attention, notice; to notice; to take notice	N3
注文	ちゅうもん	a request for some product or service; order.; to order, to place an order	N3
長期	ちょうき	a long period; long-term	N3
調査	ちょうさ	investigation, examination, inspection, inquiry, enquiry, survey; to investigate, to examine, to inspect, to inquire, to survey	N3
調子	ちょうし	condition, state, fettle, kilter; tune, tone, key, pitch, time, rhythm	N3
頂上	ちょうじょう	summit, top	N3
頂戴	ちょうだい	a humble submission, a humble contribution made to someone of higher status; a humble reception or receiving of something; to request: compare English please, gimme; to receive something; to eat, to have a meal	N3
貯金	ちょきん	putting money aside, savings, deposit; to save money	N3
直接	ちょくせつ	direct; directness	N3
著者	ちょしゃ	author	N3
遂に	ついに	finally, at last; in the end	N3
通過	つうか	passage through an object; passage of a test in school; passage of a bill; passage through a screening; pass through something; pass a test; pass a bill; pass a screening	N3
通学	つうがく	commuting to school; commute to school	N3
通行	つうこう	traffic, passage; pass, go through	N3
通じる	つうじる	to run to, to lead to; to communicate, to reach; to understand	N3
通信	つうしん	communication; correspondence; news; to communicate (generally using an electronic device)	N3
捕まる	つかまる	be caught	N3
掴む	つかむ	to grab; to grip, take hold of; to accept (a bribe); to abduct, kidnap; to capture, grasp (imagination, hearts, opportunities, etc.)	N3
疲れ	つかれ	tiredness; fatigue	N3
付き合い	つきあい	friendship, association	N3
次々	つぎつぎ	one after another	N3
就く	つく	assume power, accede, fill a position, take a job; start some work, commence; apprentice under someone; about, concerning	N3
注ぐ	つぐ	to pour into something; to serve food, to dish out food, to fill a container with food	N3
土	つち	earth, soil, mud; the ground	N3
続き	つづき	sequel; continuation	N3
包み	つつみ	package; parcel; stem or continuative form of 包む (tsutsumu, “to wrap”); bank (edge of river, lake or other watercourse); a surname	N3
勤め	つとめ	duty, responsibility, work; Buddhist service; sutra chanting; prostitute service	N3
務め	つとめ	alternative form of 勤め	N3
繋ぐ	つなぐ	to bind, to fasten, to tie; to connect, to tie together, to join; to put through, to connect (a phone call); to connect (e.g. WiFi); to keep (hope etc.) going, to keep alive; to hold (hands)	N3
常に	つねに	always	N3
翼	つばさ	a wing (of a bird or bat); a bird; an airfoil, wing; an aircraft; a unisex given name; a surname	N3
つまり	つまり	in short,in brief,in other words	N3
罪	つみ	guilt; sin; offence; sinful	N3
詰める	つめる	to stuff; to fill; to cram; to draw together or nearer; to shorten or narrow; to finish; to complete; to stand by; to wait and be ready; to checkmate; to make unable to escape; to corner; to do something to the greatest extent	N3
積もる	つもる	to pile up, to accumulate	N3
梅雨	つゆ	the East Asian rainy season (from early June to early/mid-July)	N3
辛い	つらい	painful	N3
釣	つり	fishing, angling, catching; change, small cash	N3
連れ	つれ	companion; company	N3
出	で	the process of something coming out; something that comes out; imperfective and stem (or continuative) forms of 出る (deru)	N3
出会い	であい	encounter; meeting by chance; confluence (of rivers, streams, etc.)	N3
出会う	であう	to meet by chance, run into	N3
提案	ていあん	proposal; suggestion; to propose; to suggest	N3
定期	ていき	fixed period; short for 定期乗車券	N3
抵抗	ていこう	resistance; resistor; to resist	N3
提出	ていしゅつ	submission; submit, present, produce, tender	N3
程度	ていど	degree, extent; level, standard; about, approximately	N3
停留所	ていりゅうじょ	bus stop; tram stop	N3
デート	でーと	date (pre-arranged social meeting, meeting with a lover or a potential lover); to date (someone)	N3
敵	てき	an enemy; an opponent, a competitor; the other party in a lawsuit; 的: (historical) in the red-light district, a term of reference used between prostitutes and customers	N3
出来事	できごと	incident, event	N3
適する	てきする	suit, befit	N3
適切	てきせつ	appropriate, adequate, proper; appropriacy, adequacy, propriety	N3
適度	てきど	moderate; modest ; appropriate; temperate; suitable; moderation; appropriate measure; moderate degree	N3
適用	てきよう	application of something; to apply	N3
出来るだけ	できるだけ	as much as one can; as much as possible; if at all possible	N3
できれば	できれば		N3
手品	てじな	sleight of hand; prestidigitation; a magic trick	N3
ですから	ですから	alternative form of だから (da kara)	N3
鉄	てつ	iron, the metal and the metallic chemical element; steel; a blade, a knife, a sword, a weapon; something extremely strong; short for 鉄色 (tetsu iro, “steely black”); short for 鉄砲 (teppō, literally “cannon”, but in this case, refers to the poisonous fugu blowfish or dishes made from it); short for 鉄道 (tetsudō, “railway”)	N3
哲学	てつがく	philosophy	N3
手伝い	てつだい	help; helper	N3
徹底	てってい	being thorough; thoroughness; to be thorough	N3
鉄道	てつどう	railway	N3
徹夜	てつや	being awake all night; vigil, wake; to stay up all night, to burn the midnight oil	N3
手間	てま	the time to do something, trouble of doing it	N3
デモ	でも	demonstration (public display of protest); demo (a short demonstration of something)	N3
典型	てんけい	model, exemplar, epitome	N3
天候	てんこう	weather	N3
電子	でんし	electron; the quality of being electronic	N3
テント	てんと	tent	N3
伝統	でんとう	tradition, custom	N3
天然	てんねん	being natural; short for 天然惚け: airheaded	N3
度	ど	-itude; degree of an angle; degree in temperature, scale, etc.; number of times; percentage of alcohol concentration; degree, extent; diopter	N3
問い	とい	question, inquiry	N3
党	とう	political party	N3
塔	とう	tower (structure); pagoda, stupa; steeple, spire; turret (of a castle or fortification); tower	N3
ド	ど	alternative spelling of ど	N3
答案	とうあん	answer; answer sheet, exam paper	N3
同一	どういつ	identity, sameness	N3
どうか	どうか	please, anyhow; 銅貨: copper coin; 同化: assimilation, absorption, adaptation, blending in; 銅戈: bronze dagger-ax; 道家: Taoist; 同価: equivalent; 道歌: moral poem	N3
当時	とうじ	then, at that time	N3
動詞	どうし	verb	N3
同時	どうじ	simultaneity, concurrency, happening at the same time, synchronicity; the same age; the same period	N3
どうしても	どうしても	no matter what	N3
到着	とうちゃく	arrival; arrive	N3
道徳	どうとく	morality; ethics	N3
投票	とうひょう	voting; to cast a vote, to cast a ballot	N3
同様	どうよう	equal, same; equality	N3
同僚	どうりょう	colleague, coworker who works at the same working place, especially same rank of title	N3
道路	どうろ	road, street, a way for local traffic	N3
通す	とおす	to let through, to let pass; to pass through, to cause to move through; to persist in until the end; to make something happen by force	N3
通り	とおり	street; traffic; quality of flowing; reputation, name; understanding; in accordance with; combination; permutation; variation	N3
通り過ぎる	とおりすぎる	to go past	N3
都会	とかい	a city, urban area, town, etc.; clipping of 東京都議会 (Tōkyōto Gikai, “Tokyo Metropolitan Assembly”)	N3
時	とき	time; an event, case, occasion, moment; a specific period in time; a time of something; the time during which a narrative takes place; a season; a tense; a female given name	N3
解く	とく	to solve (a problem); to answer (a question); to unravel (a riddle); to comb; to untangle (hair); to untie	N3
毒	どく	poison; poison, toxin	N3
得意	とくい	triumphant, proud; skilled; strong point; triumph; regular customer	N3
読書	どくしょ	the act of reading; to read	N3
独身	どくしん	unmarried; an unmarried person	N3
特徴	とくちょう	characteristic	N3
独特	どくとく	unique, peculiar (to someone); inimitable; uniqueness; inimitability	N3
独立	どくりつ	independence; separation; status that one stands; independent authority that is free from interference; be independent; be separate, be detached; be independent; have the authority to act without interference	N3
解ける	とける	be solved; be solvable; be soluble; be untied, be undone; melt, thaw (ice, snow, etc.); to melt away, to be dispelled (anger, misunderstanding, etc.)	N3
どこか	どこか	anywhere, somewhere; short for どころか (dokoro ka): anything but, far from, not at all	N3
ところが	ところが	but, and surprisingly, ...	N3
ところで	ところで	by the way,even if,no matter what	N3
登山	とざん	mountain climbing, mountaineering; to go mountain climbing, to climb a mountain	N3
都市	とし	city; town	N3
年月	としつき	years, passing of time, time	N3
図書	としょ	books	N3
年寄	としより	old people,the aged	N3
閉じる	とじる	to shut, to close; to write a Japanese word using kanji	N3
途端	とたん	the moment ..., as soon as …	N3
土地	とち	ground; land; area; region	N3
突然	とつぜん	sudden; suddenly	N3
トップ	とっぷ	top (highest point or position); opening page; index page; ellipsis of トップバスト	N3
届く	とどく	to reach	N3
とにかく	とにかく	anyhow,at any rate,anyway,somehow or other,generally speaking,in any case	N3
飛ばす	とばす	to let fly; to send flying; to throw; to skip (to omit from a continuation); to speed up (of car); to send a user to a webpage	N3
飛び出す	とびだす	to spring out, jump out; to rush out; to protrude; to come unexpectedly	N3
留める	とめる	hold, keep (to a limit), suffice; retain, keep, remain; detain, keep, retain	N3
友	とも	friend; a male given name	N3
共に	ともに	together, with	N3
土曜	どよう	planet Saturn; Saturday	N3
虎	とら	tiger, Panthera tigris; clipping of 突撃雷撃 (totsugeki raigeki, “lightning attack”), used by Japanese soldiers to warn about an imminent attack	N3
ドライブ	どらいぶ	driving (a car etc.), (especially) for personal entertainment; going out for a drive; a drive: a hit causing the ball to move in a flat trajectory, as in tennis or baseball; a drive (storage medium)	N3
トラック	とらっく	lorry (UK), truck (US) (vehicle); track	N3
ドラマ	どらま	drama; TV drama, series	N3
トランプ	とらんぷ	(a pack or deck of) playing cards; a transliteration of the English surname Trump	N3
取り上げる	とりあげる	pick up; take up a topic, feature (in the media); confiscate; deliver a child	N3
努力	どりょく	an effort, an endeavor; to endeavor, to make an effort	N3
ドレス	どれす	dress	N3
取れる	とれる	come off, become detached; subside (especially of a fever, pain, etc.); to come off; be taken as (be interpreted in a certain way); to keep, to maintain; the potential form of 取る, to be obtainable	N3
泥	どろ	mud; abbreviation of 泥棒 (dorobō, “thief”); a surname	N3
屯	とん	tonne, metric ton; ton, Imperial ton	N3
とんでもない	とんでもない	unbelievable, unreasonable, extraordinary, completely unexpected, outrageous, preposterous; not at all	N3
どんな	どんな	how?; like what?; what kind of...?; which one?	N3
どんなに	どんなに	how,how much	N3
トンネル	とんねる	tunnel; through the legs	N3
名	な	name; reputation	N3
内容	ないよう	contents (something inside a container); content (the information conveyed in document, conversation, lecture, etc.), details, substance	N3
直	なお	straight; soon, shortly; nearby, close; directly; direct, straight, frank; sincere, straightforward, proper, frank; simple, not extravagant, not expensive, less formal; to do one's duty, be on duty; earnestly, eagerly; exactly, precisely; immediately, directly; a male given name	N3
仲	なか	中: inside; 中: middle; 中: among (a group or mass); 中: during (time); amidst; 仲: relationship, terms; 仲: a surname; ka-ending dialect form of ない (nai)	N3
流す	ながす	to flow; to release; to cancel; to flush (something) down the toilet; to play (music); to exert influence over someone's immediate actions	N3
なかなか	なかなか	very,considerably,easily	N3
半ば	なかば	half; almost, fairly, pretty much; 央ば: halfway, the middle, the center	N3
仲間	なかま	companion; member of a group; peer; \"one of us\"; gang	N3
眺め	ながめ	view, prospect, scenery	N3
眺める	ながめる	to look at, to view, to gaze; to watch something for a continuous period of time; to look at and consider something carefully; to observe or look off at something in the distance; to space out, to be lost in thought	N3
流れ	ながれ	flow; transpiring; events	N3
流れる	ながれる	flow, run, rush, stream; wash away; circulate, go around; pass; play; fail, fall through; trend	N3
無し	なし	nothing; bad, unacceptable; -less, without ..., not having or not being that thing; Classical Japanese and literary form of ない (nai)	N3
なぜなら	なぜなら	何故なら: that is because; literally, “if (you ask) why”	N3
謎	なぞ	riddle; puzzle; enigma; hint; tip	N3
納得	なっとく	understanding; agreement; consent, agree, understand the reason for something	N3
等	など	et cetera, that kind of thing, and so on	N3
何か	なにか	something	N3
なにも	なにも	nothing	N3
鍋	なべ	a broad-bottomed pot or pan; short for 鍋料理 (nabe ryōri, literally “pot + cooking”) or 鍋物 (nabemono, literally “pot + thing”), a dish where everything is cooked together in a nabe; compare English hot pot or hotdish; by extension from the sense of someone working with pots and pans: a maidservant; by further extension from the sense of maidservant: a woman (in reference to sex); during the late Edo period, a 搗米屋 (tsukigomeya, “rice polisher shop, white rice retailer”) who has run out of stock	N3
生	なま	a raw, uncooked state; short for 生ビール (“draft beer”); live; fresh, draft; raw, uncooked, rare; natural, unprocessed	N3
怠ける	なまける	be idle, goof off, slack	N3
波	なみ	a wave; a female given name	N3
涙	なみだ	tear, teardrop; to cry, to weep	N3
悩む	なやむ	(in reaction to something not going as expected) to worry, to be bothered, to be emotionally distressed, to dwell on, to be vexed; to suffer physically, to suffer physical distress; to fall ill, to get sick; (attaches to the 連用形 (ren'yōkei, “continuative or stem form”) of another verb) to get stuck, to go sideways, to not go well; to make do, to manage to do; to deal with a difficulty, to manage a challenge, to handle something; to vex, to cause distress: see modern 悩(なや)める (nayameru)	N3
為る	なる	to be achieved; to be completed; to become; to change into; to turn; to reach a time; to get to a timepoint; to reach an amount/quantity; to be acceptable; to be tolerable; to be made; to be produced; to be created; to promote; In the form of \"御(お)/御(ご) + verbal noun + になる\", an honorific form of the verb.; adnominal of なり (nari, “to be”)	N3
成る	なる	to be achieved; to be completed; to become; to change into; to turn; to reach a time; to get to a timepoint; to reach an amount/quantity; to be acceptable; to be tolerable; to be made; to be produced; to be created; to promote; In the form of \"御(お)/御(ご) + verbal noun + になる\", an honorific form of the verb.; adnominal of なり (nari, “to be”)	N3
縄	なわ	a rope, a flexible, heavy cord of tightly intertwined hemp or other fiber	N3
何で	なんで	why?; how? by what means?; contraction of なので (na no de)	N3
何でも	なんでも	apparently, it seems, it looks like; no matter what, by all means; anything; whatever one likes	N3
何とか	なんとか	somehow, in one way or another; so-and-so, such-and-such; something	N3
似合う	にあう	to suit; to match; to become; to be like	N3
匂い	におい	smell, scent; 匂い: good smell, scent, fragrance; 臭い: foul odor	N3
苦手	にがて	bad (at), poor (at), weak (at), uncomfortable with; hard to get along with (of a person); weak point	N3
握る	にぎる	to grasp, to grip, to hold; to seize, to take hold of; to make (nigirizushi, riceball, etc...); to press into shape	N3
日	にち	short for 日曜日 (nichiyōbi): Sunday; ordinal day of a month; number of days	N3
日常	にちじょう	everyday life	N3
日曜	にちよう	the sun; Sunday	N3
日光	にっこう	sunlight; Nikkō (a city in Tochigi Prefecture, Japan)	N3
日中	にっちゅう	Japan and China; the daytime, during the day; noon, midday	N3
にっこり	にっこり	with a beaming smile, with a grin; to beam, to smile, to give a bright smile	N3
日本	にほん	Japan (ellipsis of 日本国 (Nihon-koku): a country and archipelago of East Asia); a surname	N3
日本	にっぽん	Japan (ellipsis of 日本国 (Nippon-koku): a country and archipelago of East Asia); a surname	N3
入場	にゅうじょう	entry; to enter	N3
人気	にんき	popularity	N3
人間	にんげん	human, person, human being; personality, character; literally meaning: \"human society\", referring to one of the six realms of reincarnation in Buddhist cosmology (more commonly referred to with the jinkan reading)	N3
抜く	ぬく	to extract (something), to take out; to omit, to take out; to surpass; to disconnect a cable/wire; to masturbate; to do (something) all the way to the end, to carry through	N3
抜ける	ぬける	to be extracted, to come out; to be transparent; potential form of 抜く (nuku)	N3
布	ぬの	cloth; umbrella term for something wide, horizontal, level, parallel, etc. as in a piece of cloth	N3
濡れる	ぬれる	get wet; to become lubricated, especially by vaginal discharge as a result of sexual arousal	N3
値	ね	price, cost	N3
根	ね	a root of a plant; the source or root of something; the cause or basis for something; one's nature, the character one has by birth	N3
願い	ねがい	wish; desire; prayer; request; stem or continuative form of 願う (negau)	N3
願う	ねがう	to wish, to hope, to desire; to beg, to request, to implore, to pray	N3
鼠	ねずみ	a mouse or a rat; general term for members of superfamily Muroidea, including mice, rats, voles, hamsters, gerbils, and other similar rodents; short for 鼠色 (nezumi iro): the colour grey, sometimes more specifically a dark grey colour	N3
値段	ねだん	price, the cost of something	N3
熱心	ねっしん	earnest, enthusiastic; enthusiasm, zeal, fervor, earnestness; to be enthusiastic	N3
熱帯	ねったい	the tropics	N3
熱中	ねっちゅう	enthusiasm for something; get absorbed in something, get really into something	N3
年間	ねんかん	the period of one year	N3
年月	ねんげつ	years, passing of time, time	N3
年中	ねんじゅう	the period of a year; a one-year period; being continuous through a whole year, all year	N3
年代	ねんだい	age, era, period; date; a decade in a century	N3
年齢	ねんれい	someone's age	N3
野	の	an area, field; the hidden part of a structure; wild; rustic, unsophisticated; a surname	N3
能	のう	Noh, a form of classical Japanese musical drama.; ability, capacity, aptitude.; effect, use.	N3
農家	のうか	a farming family; a farmer; a farmhouse; agriculturalism, one of the many schools of thought arising in China during the Warring States period, advocating peasant utopian communalism and egalitarianism	N3
農業	のうぎょう	agriculture	N3
農民	のうみん	farmer; peasant farmer, sharecropper	N3
能力	のうりょく	ability; capability; capacity; faculty	N3
ノー	のー	no (that is untrue); no (I do not accept or allow that); a no, a denial; a lack of something (often found in compounds); without	N3
軒	のき	counter for buildings like houses	N3
残す	のこす	leave over, leave behind, let remain; hand down to relatives, the next generation	N3
残り	のこり	the remainder, the rest, leftover, residue	N3
乗せる	のせる	give someone a ride; deceive; excite, rouse; place upon	N3
除く	のぞく	remove; except, be except for; peek, sneak a look, peep	N3
望み	のぞみ	hope, wish, desire; expectation, hope of something positive happening	N3
望む	のぞむ	望む: to wish, to hope, to want, to desire; 望む: to expect someone to do something, to hope something from someone; 望む: to see from far away, to command a view; 臨む: physically face, look out upon; 臨む: face, approach with a certain mental state or attitude; 臨む: face a situation; 臨む: take part in; participate	N3
後	のち	later, afterwards, some time after the present	N3
ノック	のっく	knock (abrupt rapping sound); fungo	N3
伸ばす	のばす	let something grow long; straighten out; expand, extend, increase; spread	N3
伸びる	のびる	to stretch, to extend, to be developed.; to become baggy and loose; to become soft and soggy (from absorbing too much soup).; to accumulate views	N3
述べる	のべる	to express or state something	N3
昇る	のぼる	登る, 上る: to ascend, to climb, to go up; 昇る, 上る: to go up, rise; 昇, 登, 謄, 盛: a male given name	N3
のんびり	のんびり	carefree, at leisure, tranquilly	N3
場	ば	a place; a situation, the circumstances of a particular place and time; an act, a section of a play; a field; a trading floor, as in a market or exchange	N3
はあ	はあ	mhm; yes (used to express polite agreement); um; uh (used to express thought, confusion, or uncertainty); huh? hmm? what?! (used to forcefully call attention to something); oops (used in response to a failure or mistake); ha! (expression of loud laughter); A sigh.; The sound of heavy breathing when sexually aroused.	N3
パーセント	ぱーせんと	percent	N3
灰	はい	ash	N3
梅雨	ばいう	the East Asian rainy season (from early June to early/mid-July)	N3
バイオリン	ばいおりん	a violin	N3
ハイキング	はいきんぐ	hiking	N3
配達	はいたつ	delivery, distribution; to deliver, to distribute	N3
パイプ	ぱいぷ	pipe (hollow tube); tobacco pipe; a go-between of two parties in contact	N3
俳優	はいゆう	male or female actor	N3
パイロット	ぱいろっと	pilot (of a plane); pilot (test episode of a TV program)	N3
墓	はか	a grave, a tomb	N3
馬鹿	ばか	foolish, idiotic, stupid, ridiculous; useless, futile; a fool, an idiot; uselessness, futility; a tool used for counting coins; enthusiast, freak; to an excessive amount; extremely	N3
博士	はかせ	a court academician; a doctor (person who has attained a doctorate); an expert	N3
計る	はかる	to weigh, to measure, to estimate; 蒦る: to measure, to calculate; to conjecture, to guess, to infer; to predict	N3
吐く	はく	spew, spit out, to breathe in or out; vomit, throw up; belch, emit; speak, utter; confess	N3
拍手	はくしゅ	applause; to clap, to applaud	N3
莫大	ばくだい	enormous; huge amount of	N3
爆発	ばくはつ	explosion, blast, detonation; eruption; to explode; to \"explode\"; to meet an end	N3
博物館	はくぶつかん	museum	N3
激しい	はげしい	severe; intense, acute, extreme; violent	N3
鋏	はさみ	a (pair of) scissors; 螯, ハサミ: (zootomy) pincers, claws, or chela as found on a crab, lobster, or other arthropod; a punch as used to make a hole in a piece of paper	N3
破産	はさん	bankruptcy; go bankrupt	N3
端	はし	an edge; the beginning or end of something	N3
始まり	はじまり	beginning, start; birth; origin	N3
パス	ぱす	passage, passing, a passing grade (of an examination, etc.); a pass, a ticket, a document granting entry or permission; a pass (ceding one's turn); a pass (transferring the ball to another player); a pass, an intentional walk; passing; a pair of calipers; path (the location of a file or directory in a filesystem); short for パスワード	N3
外す	はずす	unfasten; unbutton (if referring to buttons); undo (a fastening); remove; take off; leave; slip away; evade, dodge, or attempt to do so; turn aside (the motion of something or intent of someone); avoid (doing something); remove; take out of	N3
パスポート	ぱすぽーと	passport	N3
旗	はた	flag	N3
肌	はだ	human skin; surface of an object; temperament, nature	N3
裸	はだか	naked, nude, bare	N3
畑	はたけ	dry field; plantation; garden for growing fruits and vegetables; field of specialty	N3
二十	はたち	twenty; 20	N3
働き	はたらき	work; labor; achievement; ability; performance; talent; salary; earnings; income	N3
バッグ	ばっぐ	a bag, a satchel, a handbag, a purse, a suitcase	N3
発見	はっけん	discovery; to discover	N3
発行	はっこう	issue, publication; to issue, to publish	N3
発車	はっしゃ	departure (of a vehicle); to depart, to pull out of a station etc.	N3
罰する	ばっする	to punish; to penalize, to impose a punishment on; to discipline	N3
発達	はったつ	development; to develop	N3
ばったり	ばったり	falling, collapsing; unexpectedly; suddenly, abruptly	N3
発展	はってん	development; the act of cruising, or going around for sexual partners; homosexuality; develop	N3
発表	はっぴょう	announcement; publication; presentation; announce, present, publish, screen	N3
発明	はつめい	invention; to invent	N3
話し合う	はなしあう	discuss	N3
離す	はなす	separate, isolate, disconnect, keep apart	N3
放す	はなす	release, let go, free, set free, let loose; to stop doing and leave alone; to let go; to keep doing, continue	N3
離れる	はなれる	to separate; to depart; to be away from; to abandon, to turn away from; to drift apart, e.g. from a friend	N3
羽	はね	the portion of a feather where the quill attaches to the skin; a feather, down, plume; a wing (as of a bird, bat, insect, or airplane); a fletching on an arrow; a shuttlecock; a blade (of a fan); a female given name; a surname	N3
幅	はば	width, breadth; free room; difference (between two substances)	N3
母親	ははおや	mother	N3
省く	はぶく	to omit, to leave out (something unnecessary); to curtail	N3
場面	ばめん	scene (in a TV show, play, etc.); situation, scene	N3
腹	はら	abdomen; belly; stomach	N3
原	はら	meadow, plain, field; a surname	N3
針	はり	a sewing needle; a sewing pin; any slender, pointed object resembling or similar in use to a needle:; a phonograph needle (in record players); a needle used in medical injections; a knitting needle; a stinger (in insects); a staple (wire fastener); a thorn; a hook, fishhook; a hand or pointer (in clocks, watches, meters, compasses, etc.); embroidery, needlework; malice; counter for stitches; a placename; a surname	N3
張る	はる	to spread, to fill; to swell; put up, spread; to stretch a rope, to post a cordon; to stick out (arms, chest), to be prominent; 撲る: to slap; to be nervous, to be tense; to be expensive; to speculate, to stake money on; to add (water) until a container is full	N3
番	ばん	one's turn (as in a game, etc.); matches; -th: forms ordinal numerals; verses and the following chorus	N3
バン	ばん	van (a (covered) vehicle used for carrying goods); bun (a small bread roll)	N3
範囲	はんい	range, region; area, field, sphere; domain, territory	N3
反抗	はんこう	resistance; rebellion; to resist, to rebel	N3
犯罪	はんざい	a crime; an act that breaks law	N3
ハンサム	はんさむ	handsome (attractive, of men)	N3
判断	はんだん	A judgement, a determination, a discernment.; To judge, to decide, to determine.; To tell which, to tell what.	N3
犯人	はんにん	criminal; culprit	N3
販売	はんばい	sale, selling; sell	N3
灯	ひ	a light, lamp	N3
ビール	びーる	beer (alcoholic drink made of malt)	N3
被害	ひがい	damage	N3
比較	ひかく	comparison; compare with, draw a comparison	N3
轢く	ひく	to run over (with a vehicle)	N3
ピクニック	ぴくにっく	picnic	N3
悲劇	ひげき	tragedy (type of theatrical work); tragedy (event causing great suffering)	N3
飛行	ひこう	flying; flight; to fly	N3
膝	ひざ	knee	N3
非常	ひじょう	extraordinary, unusual; emergency	N3
美人	びじん	a beautiful woman, a beauty, a belle; a handsome man; an ideal ruler or sage, worthy of one's love and respect; in ancient China, the fifth of fourteen ranks for imperial ladies-in-waiting; a euphemism for a rainbow	N3
額	ひたい	forehead; amount; frame; framed picture; sum, amount	N3
日付	ひづけ	date (point of time at which a transaction or event takes place)	N3
必死	ひっし	mortal; desperate, frantic, with all one's might; mortality; desperation; brinkmate	N3
ぴったり	ぴったり	synonym of ぴたり; fine; suitable, well-fitting	N3
引っ張る	ひっぱる	pull, yank; string (cable), stretch (a rope over something); drag, tow; bring someone in	N3
否定	ひてい	denial, negation; to deny, negate	N3
ビデオ	びでお	video; videotape recorder; videotape	N3
一言	ひとこと	a (single) word, a few words	N3
人込み	ひとごみ	crowd of people	N3
等しい	ひとしい	equal; no different, virtually same, as good as	N3
独り	ひとり	alone, by oneself	N3
一人一人	ひとりひとり	each person	N3
批判	ひはん	a criticism; a comment; criticize	N3
批評	ひひょう	criticism (evaluation of craftsmanship, art, etc.); critique; review, evaluate, criticize	N3
秘密	ひみつ	secret	N3
微妙	びみょう	subtle; delicate; lackluster; subtlety	N3
紐	ひも	string; pimp (man who financially relies on managing prostitutes); freeloader (one who financially relies on another person)	N3
費用	ひよう	cost	N3
表	ひょう	table, chart, list; documents presented to a monarch from a vassal or other foreign dignitary	N3
秒	びょう	second (one-sixtieth of a minute; SI unit of time); second (unit of angular measure)	N3
評価	ひょうか	appraisal; evaluation; assessment; recognition, appreciation; appraise; evaluate; value highly, appreciate	N3
表現	ひょうげん	expression (by words, facial, attitude); representation (of art, play, music); performance (of actor, player, ...); express	N3
表情	ひょうじょう	expression (facial, bodily, etc.)	N3
平等	びょうどう	even, equal; equality, impartiality, evenness	N3
評判	ひょうばん	reputation	N3
表面	ひょうめん	surface, face	N3
広がる	ひろがる	to spread, to extend	N3
品	ひん	grace, elegance; refinement; article, goods; course, dish; an item (on the menu) or dish	N3
瓶	びん	bottle, jug, or jar made from glass, pottery, or ceramic	N3
便	びん	a flight; mail; service	N3
ピン	ぴん	an ace in cards or a \"one\" in dice; the first or top item; the cut or percentage taken from something, the rake-off; a pin, such as a hairpin, tie pin, bowling pin, or golf pin; ping	N3
不	ふ	un-, non-, in-; bad, poor	N3
不	ぶ	not, non-, un-; un-, non-, in-; bad, poor	N3
無	ぶ	non-, un-	N3
分	ぶ	unit of currency equal to four 両 (ryō) and to ten 釐 (rin)	N3
不安	ふあん	anxious, uneasy; insecure; anxiety; uneasiness; unrest	N3
風景	ふうけい	scenery, landscape, view; scene	N3
夫婦	ふうふ	husband and wife, married couple, spouses, couple, pair	N3
笛	ふえ	a flute, whistle, pipe; a windpipe; a side-blown flute, as opposed to end-blown instruments such as the 篳篥 (hichiriki); a whistle such as that used by a referee; a train whistle	N3
不可	ふか	being bad or unacceptable; a failing grade on a test	N3
武器	ぶき	weapon, arms; weapon	N3
服装	ふくそう	garments and clothing; one's outfit, the appearance that one has while dressed	N3
含む	ふくむ	include, contain; imply	N3
袋	ふくろ	a bag; a sack; a pouch; a segment in a fruit such as an orange; an organ whose form is like that of a bag	N3
不幸	ふこう	unfortunate; unhappy; misfortune; sorrow, unhappiness; death of a relative; bereavement	N3
節	ふし	a knuckle, a joint; melody; point; section	N3
無事	ぶじ	safe and sound; successful without any problem; safety; good health; peace	N3
不思議	ふしぎ	mysterious, wonderful, curious, strange; unthinkable, extravagant; suspicious; short for 不可思議 (fuka shigi): beyond human recognition or understanding; ineffable; a mystery, wonder; a miracle; an extravagance; curiosity; strangeness; a suspicion; to doubt, question; a female given name	N3
不自由	ふじゆう	inconvenient; impaired, disabled; inconvenience; impairment, disability	N3
夫人	ふじん	(another person's) wife, married lady; madam, Mrs.; wife of a nobleman; consort of the emperor	N3
婦人	ふじん	wife; madam; ma'am	N3
不正	ふせい	improper; unjust; fraudulent; dishonest; impropriety; injustice; fraud	N3
防ぐ	ふせぐ	defend (against); prevent (something)	N3
不足	ふそく	insufficient; unsatisfactory; insufficiency, shortage, deficiency, lack; dissatisfaction; to give out, to run short	N3
舞台	ぶたい	stage; setting of a story	N3
双子	ふたご	twins	N3
再び	ふたたび	again, once more; for the second time; a second time; rebirth, reincarnation, return	N3
普段	ふだん	everyday, informal, ordinary, usual case	N3
縁	ふち	hem; margin; reason; cause; karma; destiny; fate; fate, destiny; relationship; connection, bond, tie; 縁, 椽: (Japanese architecture) a veranda or terrace surrounding a house: engawa	N3
打つ	ぶつ	to hit, to beat, to strike; to give a speech	N3
物価	ぶっか	prices of goods in general, cost of living	N3
物質	ぶっしつ	material, substance	N3
物理	ぶつり	physics, the physical aspects of a phenomenon or a system; short for 物(ぶつ)理(り)学(がく) (butsurigaku); physics, the branch of science concerned with the study of the properties and interactions of space, time, matter and energy	N3
筆	ふで	a writing brush, a painting brush, a pen; writing:; the act of writing; something written; handwriting, how someone writes	N3
不図	ふと	unexpectedly, suddenly	N3
船	ふね	ship, vessel, large ship	N3
部分	ぶぶん	part, section, segment, portion	N3
不平	ふへい	discontent, complaint, dissatisfaction	N3
不満	ふまん	dissatisfied; dissatisfaction, discontent, disapproval	N3
プラス	ぷらす	an addition; of a number, being positive; a plus, a benefit, a gain, an asset; plus, an operator in arithmetic	N3
プラン	ぷらん	plan, a set of intended actions; plan, diagram, drawing, blueprint	N3
不利	ふり	disadvantageous; disadvantage	N3
振る	ふる	to shake; (of a hand or flag) to wave; (of a tail) to wag; (of a baseball bat) to swing; to move something back and forth in a circular motion; to point something in a new direction; to swing something around to (a direction); to sprinkle (something) on; to shake (something such as salt) on; to throw away; to discard; to reject someone; to jilt someone; to dump someone; to distribute; to divide among; to assign (to many people or places); to apply furigana or ruby; to replace; to change out	N3
震える	ふるえる	tremble; vibrate	N3
ブレーキ	ぶれーき	brake (device used to slow or stop a vehicle)	N3
触れる	ふれる	触れる: to touch; 触れる: to experience, come in contact with; 触れる: to press (a button); 触れる: to mention lightly; 触れる, 狂れる: to go crazy, to go mad; 偏れる: to veer, deflect, lean towards	N3
プロ	ぷろ	professional (プロフェッショナル); production (プロダクション); proletarian (プロレタリア, プロレタリアート); prostitute (プロスチチュート); proportion (プロポーション); propaganda (プロパガンダ); program (プログラム)	N3
分	ぶん	a part, a share, a portion	N3
文	ぶん	a sentence; writing, composition, text, a document; a design or pattern as decoration; literature, learning, scholarship; elegance, refinement (especially of writing or wording); a saying, an aphorism, a proverb	N3
雰囲気	ふんいき	mood; atmosphere; atmosphere (of the Earth or any astronomical body)	N3
分析	ぶんせき	analysis; to analyze	N3
文明	ぶんめい	civilization	N3
分野	ぶんや	field, sphere (of work), area (of study); the area of one person's focus of work or study	N3
塀	へい	wall; fence	N3
平均	へいきん	average, mean; balance, uniformity; balance (having equal weight on all sides); to average; to balance, to make uniform; to balance (prevent from falling)	N3
平和	へいわ	peaceful; calm; peace, a peaceful situation; calm, calmness; a female given name; a place name	N3
別に	べつに	nothing special; not really; especially, particularly	N3
減らす	へらす	to reduce, decrease, subtract	N3
減る	へる	To be reduced or decrease in size or quantity; to become fewer	N3
ベルト	べると	A belt (clothing)	N3
変化	へんか	change in society, climate, or condition, transformation, variety; variation; declension; a step to one side during the tachiai, the initial charge at the start of a sumo match; a sidestep; to change, to vary	N3
ペンキ	ぺんき	paint	N3
変更	へんこう	a change, alteration; to modify, alter, change	N3
ベンチ	べんち	a bench (long seat)	N3
弁当	べんとう	food brought on the go; bento (takeaway lunch served in a box); grains of rice stuck to one's face after eating; synonym of 執行猶予 (shikkō yūyo): a suspended sentence	N3
法	ほう	principle; law; code of law; method; etiquette; dharma; mood; divisor	N3
棒	ぼう	a staff, measuring 6 shaku (about 1.8 meters), used in martial arts such as 棒術 (bōjutsu); stick-like or long, cylindrical item: pointer, pole, rod, etc.; a straight line; bar; state of being in a \"straight line\"; continuous; taut leg muscles due to fatigue; staff used by practitioners of Zen Buddhism	N3
冒険	ぼうけん	adventure; to take a risk	N3
方向	ほうこう	direction; heading; course (in life etc.), goal	N3
報告	ほうこく	report, information; to release a report, to report; to advise, to inform a person	N3
宝石	ほうせき	gemstone	N3
豊富	ほうふ	plenteous, abundant, ample, bounteous, rich; plenty, abundance, ampleness, bounty, richness	N3
方法	ほうほう	way; method; manner	N3
方々	ほうぼう	here and there; serving here and there; wandering here and there; to serve here and there; to wander here and there	N3
訪問	ほうもん	a visit; visit; to call (at someone's house)	N3
吠える	ほえる	to bark, to howl (of beasts); to shout, to roar	N3
ボーイ	ぼーい	boy; bellboy, (male) bellhop, porter, page; waiter	N3
ボート	ぼーと	boat; rowboat	N3
ホーム	ほーむ	platform; home	N3
ボール	ぼーる	ball (sphere); ball (pitch that falls outside the strike zone); bowl; short for ボール紙 (bōru-gami): non-corrugated cardboard, pasteboard; short for 段ボール (danbōru): corrugated cardboard; ball (formal dance event)	N3
他	ほか	another, other, some other, the rest; 他(ほか)でもない (hoka de mo nai): “there isn't anything else” → “specifically what I want to say is...” (used to emphasize what one is about to say)	N3
外	ほか	outside; foreign; other; except; toilet; outside; external; except for; non-Buddhist teachings or texts; external	N3
誇り	ほこり	pride; stem or continuative form of 誇る (hokoru)	N3
埃	ほこり	dust	N3
保証	ほしょう	an assurance, a guarantee; a guarantee or warranty for a product; legal assumption of responsibility; to ensure, to attest, to stipulate, to vouch; to assume legal responsibility, to swear	N3
保存	ほぞん	preservation; to save, to preserve	N3
歩道	ほどう	walkway, pavement, sidewalk	N3
仏	ほとけ	a buddha (enlightened or awakened sentient being); a statue or image of any buddha; a departed soul, deceased; a term that a parent calls a child expressing parental affection, equivalent to “my dear”; Buddhism; performing a Buddhist memorial service; the Sakyamuni Buddha, Nepalese spiritual and philosophical teacher and founder of Buddhism: Siddhartha Gautama; any of the other buddhas named in Buddhist scriptures	N3
骨	ほね	bone	N3
炎	ほのお	a flame; an intense emotion, passion	N3
頬	ほほ	cheek (the side of the face)	N3
頬	ほお	cheek	N3
略	ほぼ	plan, strategy; to omit; to abbreviate; to invade; omission; abbreviation; short for	N3
微笑む	ほほえむ	to smile	N3
褒める	ほめる	to praise; to speak highly of	N3
濠	ほり	ditch, canal; moat	N3
本当	ほんと	true, proper, real; truth, reality	N3
本人	ほんにん	the person themselves, that person himself or herself, the person in question, the relevant person, the person concerned; the main person, the leader; a ringleader, the lead instigator or conspirator	N3
本物	ほんもの	the real thing; the genuine article; not a fake; being lifelike; state of being real	N3
ぼんやり	ぼんやり	absent-mindedly (absent in mind), vacantly; dimly, faintly; absent-mindedness	N3
間	ま	space; interval; among; between; extent; scope; hidden; invisible; alternative spelling of 閑 (kan, “free time”); interval; suffixes some expressions of time to tell duration rather than time or date	N3
まあ	まあ	oh! dear! (expression of surprise); come on (used to express encouragement or invitation); well, yes (used to express partial agreement); well, perhaps (used to express that the speaker has a different perspective); hum (used to express hesitation)	N3
マーケット	まーけっと	market (formally organized system of trading in specified goods or effects); market (spacious site for trading)	N3
マイク	まいく	clipping of マイクロフォン (maikurofon, “microphone”); a mic; clipping of マイクロホン (maikurohon, “microphone”); a mic	N3
迷子	まいご	lost child; stray child; lost person	N3
任せる	まかせる	entrust something to someone else, defer something to someone, leave something up to someone	N3
幕	まく	curtain; act (division of theatrical performance)	N3
負け	まけ	defeat; imperfective and stem (or continuative) forms of 負ける (makeru)	N3
孫	まご	grandchild	N3
まさか	まさか	unexpectedly, inconceivably, impossibly, surely; of course not, don't be silly; no way, come off it; no shit; an unexpected event	N3
まさに	まさに	正に: (chiefly literary) truly; indeed; without doubt; 将に: (chiefly literary) will; going to; soon; in the near future; 方に: (chiefly literary) just; just when; at the time when; just now; now	N3
真面目	まじめ	serious, earnest; honest; seriousness; honesty	N3
増す	ます	to increase; to rise	N3
貧しい	まずしい	poor (impoverished, lacking in wealth); lacking, scanty	N3
マスター	ますたー	a manager; a barkeeper, a landlord (of a pub); a storekeeper, shopkeeper; an owner; a master (a person with a master's degree); a master's degree; a master (a person in charge; a skilled person); a master (owner of an animal, slave, or maid or butler)	N3
ますます	ますます	even more	N3
未だ	まだ	unfinished; not done; somewhat better or superior	N3
街	まち	alternative spelling of 町	N3
間違い	まちがい	a mistake; an error by mistake, misjudgment, or misconception.; trouble; an accident; stem or continuative form of 間違う (machigau)	N3
松	まつ	a pine tree; a pine branch decorated for the celebration of New Year; the highest rank of a 3-tier ranking system; a 家紋 (“crest”) in the shape of pine branches or needles; the suit of pine in a hanafuda deck, representing the month of January and the number one; synonym of 松明 (taimatsu, “torch made of a pine branch”); synonym of 松茸 (“matsutake mushroom”); a surname	N3
真っ赤	まっか	extremely red, purely red, very red; bright red; flushed; deep red; outright, downright; extreme red, pure red, very red; bright red; outrightness	N3
真っ直ぐ	まっすぐ	straight, direct, right; upright, honest; straightness; honesty	N3
全く	まったく	at all; completely; truly; expresses exasperation: honestly	N3
祭	まつり	festival	N3
学ぶ	まなぶ	to study; to learn (by being taught); to learn (by imitating someone or something)	N3
真似	まね	imitation; mocking; to imitate; to mock	N3
招く	まねく	to beckon; to incur, to invite, to lead to, to bring about	N3
ママ	まま	mama, mamma, a childish form of mother, one's female parent; proprietress of a drinking establishment etc.; model illustrator (gender neutral)	N3
豆	まめ	the pulses; a bean; a pea; a soybean	N3
守る	まもる	護る: to protect, to defend; to watch carefully; to abide (by rules), to observe (regulations)	N3
丸	まる	any round object:; a circle; a sphere, ball; any non-perfectly round objects, such as an oval; the \"○\" symbol, equivalent to a check mark in some other languages; something correct, good, or right; money; enclosure inside a castle's walls; the 。 mark, or 句点 (kuten, “full stop, period”); the ゜ mark, or 半濁点 (handakuten, “semi-voicing mark”); the circular outline of a Japanese crest; a soft-shell turtle; term relating to completeness:; fullness, wholeness; meeting specific conditions; a Japanese unit of weight; a Japanese unit of counting washi; a day where prices are doubled in a red-light district; whole, complete; suffix for ship names; a surname; alternative spelling of 麻呂 (maru): attaches to names of persons or objects expressing dearness	N3
円	まる	alternative spelling of 丸 (“circle”); alternative spelling of 丸: prefix to numbers remaining constant; alternative spelling of 丸: prefix to noun to mean an object is completely in that noun; a unisex given name	N3
まるで	まるで	entirely, quite; completely; just like, so to speak, as though, as if	N3
回す	まわす	turn, spin, rotate; pass (something to another person); send something or refer someone to a place where they are needed; invest; record video, roll	N3
回り	まわり	回り, 廻り: rotation, circulation; function; 周り: circumference, perimeter, edge; 周り: surroundings; 回り, 廻り: round, regular visit; 回り, 廻り: transport route; 回り, 廻り: detour; 回り, 廻り: spreading, extending further; side dish; relating to something else; a little, a bit; circumference, perimeter; via, by way of a place; the round of something or someone; duodecennium, a period of twelve years, referring to the twelve zodiac animals that can be someone's birth year; unit of size in clothing; stem or continuative form of 回る (mawaru)	N3
万一	まんいち	perhaps; a quite rare case - literally, one for ten thousands.	N3
満足	まんぞく	happy, satisfying, sufficient, competent; satisfaction; being satisfied; to be satisfied, to be content	N3
身	み	a body; (by extension):; the main part of something; the blade of a sword (as opposed to the handle); meat, flesh (as opposed to skin and bone); wood (as opposed to the bark); oneself; one's position, one's social standing, one's circumstances	N3
実	み	fruit (a product of fertilization in a plant); seed; ingredients of soup (meat or vegetables); contents; substance; essence; good result	N3
見送り	みおくり	send-off, farewell, such as at an airport; defer, shelf a bill (so that it does not become law)	N3
味方	みかた	a friend; a supporter; an ally; stand by, support (to back a cause, party etc. mentally or with concrete aid)	N3
見事	みごと	spectacular, splendid, magnificent, wonderful; skillful, excellent, ingenious, clever; total, complete; excellently, skillfully, spectacularly; something that should be looked at, something worthy of looking at, a spectacle, a sight, a magnificent deed	N3
ミス	みす	mistake, error; Miss (term of address for a woman, especially an unmarried woman); an unmarried woman; a beauty pageant contestant; a beauty pageant; myth, legend	N3
満ちる	みちる	to be full; to wax (e.g. moon); to rise (e.g. tide); to mature, to expire	N3
密	みつ	something without breaks or openings, something dense; a secret, (especially) something done secretly; the teachings of esoteric Buddhism; dense, without breaks or openings; meticulous, carefully done, scrupulous; close, familiar, intimate	N3
認める	みとめる	to accept, admit, to approve, to allow; to recognize; to acknowledge; to concede; to appreciate, to witness; to observe or notice	N3
皆	みんな	all; every	N3
見舞い	みまい	visiting to ask after someone's health; letters or gifts presented when doing so	N3
土産	みやげ	a souvenir; a present	N3
都	みやこ	the place of residence of the emperor; a capital city; a capital (most important city in the field specified), an economic and political center, a metropolis; short for 都詰め (miyakozume): moving the 王将 (ōshō)/玉将 (gyokushō, “king”) to the center of the board with other pieces close together; a placename; a surname; a female given name	N3
妙	みょう	strange; excellent; excellence	N3
明後日	みょうごにち	the day after tomorrow	N3
未来	みらい	the future; the future, one of the three existences; the future tense; a unisex given name	N3
魅力	みりょく	allure, charm, glamour	N3
ミルク	みるく	milk, usually cow's milk; dairy products such as condensed milk or powdered milk	N3
無	む	nothing, nothingness; mu; the null set: neither yes nor no (in response to a koan or other question that mistakenly assumes an affirmative or negative answer).; non-, un-	N3
向かい	むかい	opposite side, across the street	N3
迎え	むかえ	meeting, greeting, welcoming	N3
向く	むく	turn toward, point, (move to) face; face, open on; be suitable for, be fit for	N3
向ける	むける	turn (something towards a direction); point (something at/to); aim (with something); channel (direct a flow); make something have a certain direction	N3
無視	むし	ignoring, neglect; to ignore, to neglect	N3
虫歯	むしば	a bad tooth, dental caries, a cavity	N3
寧ろ	むしろ	rather, instead	N3
結ぶ	むすぶ	to tie (a string, rope, sash, etc.); to connect; to be bound (by love, friendship, etc.); to enter a contract, to form an alliance; to wrap up, to wind up; to conclude, to end	N3
無駄	むだ	useless, pointless; meaningless; wasteful; uselessness; no good; being in vain; futility; waste	N3
夢中	むちゅう	absorbed (fully occupied with one's thoughts; engrossed); a trance, absorption in something or someone	N3
胸	むね	chest, breast; heart, inner thoughts; bosom, breasts	N3
無料	むりょう	free; at no cost	N3
芽	め	bud, sprout, shoot; bud; sprout; shoot	N3
明確	めいかく	clear, definite, precise; precision, accuracy	N3
命じる	めいじる	order, command	N3
名人	めいじん	a master, an expert; a title held by the strongest go player in Japan; a Japanese go tournament, and the title conferred to its winner; a Japanese shogi tournament, and the title conferred to its winner	N3
命令	めいれい	order, direction, instruction, commandment; decree from a court; to order, to command; to issue a decree	N3
迷惑	めいわく	annoying; nuisance; annoyance; be troubled, be annoyed	N3
飯	めし	cooked grains, especially cooked rice; a meal; a surname	N3
滅多に	めったに	rarely (with neg. verb),seldom	N3
メモ	めも	memo, memorandum (a short note)	N3
面	めん	face; surface; mask; page; side of a record or CD	N3
綿	めん	cotton (both the fiber and the cloth)	N3
免許	めんきょ	license	N3
面倒	めんどう	inconvenient, troublesome; inconvenience; burden; troublesome task; the looking after of	N3
メンバー	めんばー	member, a person who is in a group; participant, attendee at an event; member in object-oriented programming; suspect in a crime	N3
申し込む	もうしこむ	apply, submit an application; reserve; subscribe; request; propose marriage	N3
申し訳	もうしわけ	apology, excuse	N3
毛布	もうふ	wool fabric; a blanket	N3
燃える	もえる	to burn; to get fired up	N3
目的	もくてき	a purpose; a goal; an objective	N3
目標	もくひょう	goal, objective, target	N3
木曜	もくよう	planet Jupiter; Thursday	N3
文字	もじ	a letter or character (symbol for a sound or a word); script, writing system; a written mora, a kana; writing in general, written words; a document; reading and writing; studies; the tails side of a coin, the side with writing on it; a coin, money	N3
文字	もんじ	a letter, a character (symbol for a sound or a word); script, writing system; a written mora, a kana; writing in general, written words; a document; reading and writing; studies	N3
もしも	もしも	even if	N3
持ち上げる	もちあげる	to lift up, to raise up; to praise, to flatter	N3
用いる	もちいる	to use, make use of, utilize; to adopt, employ; to appoint, assign; to employ, hire; to need	N3
勿論	もちろん	of course, naturally, certainly	N3
尤も	もっとも	natural, understandable; for good reason, naturally; but then, though (of course), though (in fact), although; something quite right, plausible, understandable	N3
元	もと	cause, origin; basis, foundation; cost; capital; principal; former, erstwhile	N3
基	もと	alternative form of 元; a group; a radical	N3
素	もと	essence	N3
戻す	もどす	return, put back; restore, set back to a prior state; vomit	N3
基づく	もとづく	be based on	N3
求める	もとめる	to find; to seek, to look for; to desire, to wish; to demand, to sue, to compel	N3
者	もの	person	N3
物音	ものおと	some sound, the sound of something	N3
物語	ものがたり	a tale; a story	N3
物事	ものごと	things, everything	N3
模様	もよう	pattern; design; a large framework of potential territory	N3
貰う	もらう	to receive; to take	N3
文句	もんく	complaint; phrase, words	N3
やがて	やがて	eventually, finally, in the end; not before long, soon; almost, nearly (usually with time phrases); as it is, unchanging; immediately; exactly	N3
役	やく	role, service, use; yaku, scoring combination; a condition that scores points when met, usually in the form of a specific combination of cards or tiles.; playing the role of...	N3
約	やく	contract, promise; to contract, to shorten; approximately, roughly; about, approximately; Clipping of 約音 (yakuon)	N3
訳	やく	translation	N3
役割	やくわり	role	N3
家賃	やちん	rent	N3
厄介	やっかい	burdensome, troublesome; inconvenient; dependent; trouble, burden; inconvenience	N3
宿	やど	dwelling, house, home; lodging, inn	N3
雇う	やとう	hire	N3
屋根	やね	roof	N3
破る	やぶる	break, destroy, tear; break, violate, infringe; defeat, beat; crack, break a password	N3
辞める	やめる	to resign, to quit	N3
やや	やや	slightly; Interjection of surprise.; baby	N3
唯一	ゆいいつ	uniqueness	N3
勇気	ゆうき	courage	N3
有効	ゆうこう	effective; valid; available; effectiveness; validity; availability; yuko, the points awarded for a type of move in a judo match or the judge's call of yuko	N3
優秀	ゆうしゅう	excellent, superior, outstanding; excellence	N3
優勝	ゆうしょう	a first-place victory, particularly in a championship; winning the title; to win, to get first place or take the championship	N3
友情	ゆうじょう	friendship	N3
友人	ゆうじん	friend	N3
有能	ゆうのう	able, capable; skill	N3
郵便	ゆうびん	postal service; mail, postal matter	N3
夕べ	ゆうべ	evening; yesterday evening, last night	N3
ユーモア	ゆーもあ	humour (UK), humor (US)	N3
有利	ゆうり	advantageous; advantage	N3
床	ゆか	the floor (the bottom surface of a room); a bed; a raised area of a stage where a presenter or musician sits; a raised platform erected along the Kamo River in Kyōto in summer, used as an outdoor tea shop or restaurant	N3
愉快	ゆかい	pleasant, enjoyable; pleasure, comfort	N3
譲る	ゆずる	yield up, cede, give up possession; sell; concede, yield; postpone	N3
豊か	ゆたか	abundant, wealthy, plentiful, fully sufficient	N3
許す	ゆるす	to forgive, to pardon, to excuse; to allow, to permit	N3
夜	よ	night, evening	N3
夜明け	よあけ	dawn; daybreak	N3
様	よう	way, style, appearance; be like, look like, seem like, as if, having the likeness of; I hope; I pray; may; a female given name	N3
酔う	よう	to get drunk, become intoxicated or inebriated, fall under the influence of alcohol; to become drunk or intoxicated (exhilarated) by something; to get motion sickness (as in carsick, airsick, seasick, etc.); to get addicted; to get poisoned (from eating meat or fish); to get distracted by charm	N3
容易	ようい	easy, simple; ease, simplicity	N3
陽気	ようき	cheerful, lively, merry; the weather; cheerfulness, hilarity	N3
要求	ようきゅう	demand; firm request; requirement; to demand	N3
用心	ようじん	care; caution; to be careful; to be cautious	N3
様子	ようす	state of things; the situation; appearances; circumstances	N3
要するに	ようするに	in short, in a word	N3
要素	ようそ	component, element	N3
要点	ようてん	gist, main point	N3
曜日	ようび	day of the week	N3
ヨーロッパ	よーろっぱ	Europe (a continent located west of Asia and north of Africa)	N3
予期	よき	expectation; expect	N3
横切る	よこぎる	to traverse, to cross, to cut across	N3
予算	よさん	budget (amount of money or resources); a budget (an estimate of expenses); a budget bill, a budget created by a government	N3
止す	よす	to cease, to stop, to be given up	N3
予測	よそく	prediction; predict	N3
ヨット	よっと	a yacht (slick and light ship)	N3
夜中	よなか	late at night, the middle of the night; midnight	N3
世の中	よのなか	the society made of living people of the world:; the current world; the secular world; the world inhabited by ordinary people, as opposed to enlightment for monks; a society; the life and customs of the world; land; world; a range where influence or power is exhibited; an unchanged or ordinary state of the world; the state or condition of the world; a living; livelihood; the relations of male and female; a period where time passes:; the life of a person; the emperor's reign; the current days; nowadays; the environment surrounding the human world:; a spatial expanse that surrounds the human world; the weather (of a period); the growth of crops; a good harvest; ) which is unique to the world	N3
余分	よぶん	rest; remaining; extra; rest; remainder; excess; surplus; overage	N3
予報	よほう	forecast, prediction; weather forecast; forecast, predict	N3
予防	よぼう	prevention or protection, especially from disease or natural disasters; prevent disease or suffering due to natural disasters	N3
読み	よみ	reading; reading, pronunciation; understanding of something, speculation about something; judgment, as of a person's character or of a situation	N3
嫁	よめ	bride; daughter in law; wife; waifu or husbando	N3
余裕	よゆう	surplus; leeway, elbow room, margin, room; composure; time; flexibility; scope, rope, allowance	N3
因る	よる	to be due to; to be caused by, to arise from, to start from; to be by, to be from	N3
喜び	よろこび	delight, joy, congratulations	N3
宜しい	よろしい	good; fine, OK, will do	N3
宜しく	よろしく	well, acceptably; pleased to meet you; best regards; thanks in advance; thanks for your continued support	N3
来	らい	next..., coming...; since..., in...; a surname, especially of those descended from swordsmiths arriving from Goryeo around the mid-Kamakura period	N3
ライター	らいたー	a lighter (fire making device); a writer	N3
楽	らく	comfortable, enjoying; easy, simple; rich, wealthy; uncomplicated; comfort, ease, enjoyment; ease, simplicity; short for 千秋楽 (senshūraku): the end of a performance; a finale; the last or end of something; short for 楽焼き (Raku-yaki): rakuware; a male or female given name; a surname	N3
ラケット	らけっと	a racket; a paddle	N3
利益	りえき	benefit; profit	N3
理解	りかい	understanding, comprehension; appreciation; understand, comprehend; appreciate	N3
陸	りく	land (as opposed to sea or other bodies of water)	N3
利口	りこう	clever; shrewdness	N3
離婚	りこん	divorce; get a divorce	N3
理想	りそう	an ideal	N3
率	りつ	rate, ratio	N3
留学	りゅうがく	studying abroad; to study abroad	N3
流行	りゅうこう	fashion, vogue; prevalence (of disease); become epidemic, go around; become fashionable	N3
量	りょう	volume, amount; pramana	N3
両替	りょうがえ	exchange; to exchange (currency)	N3
料金	りょうきん	fee, charge, fare	N3
例	れい	a custom, usual practice, habit; a precedent; the aforementioned; a case, an instance, an illustration, an example	N3
礼	れい	a bow, the gesture of bending at the waist; an expression of thanks or gratitude	N3
礼儀	れいぎ	manners	N3
冷静	れいせい	calm, composed; calmness, composure	N3
列	れつ	line, row; a column of a matrix	N3
列車	れっしゃ	train	N3
連想	れんそう	association of ideas; associate, connect	N3
連続	れんぞく	The act of following in sequence; succession.; A sequence of things arranged in order; succession.; happen consecutively	N3
老人	ろうじん	old person; elderly	N3
労働	ろうどう	labor; labour; perform work, labor	N3
ロケット	ろけっと	a rocket (a rocket engine); a locket (chained ornament)	N3
論じる	ろんじる	to discus, to talk about, to deal with (a topic); to argue, to dispute; to take into consideration, to make an issue of	N3
論争	ろんそう	argument; argue, engage in argument	N3
論文	ろんぶん	thesis; dissertation; article	N3
輪	わ	ring; circle; linked network	N3
ワイン	わいん	wine	N3
わがまま	わがまま	selfish, egocentric, autocratic; willful; selfishness, egocentrism; willfulness	N3
別れ	わかれ	parting; farewell; goodbye; a breakup; imperfective and stem (or continuative) forms of 別れる (wakareru)	N3
脇	わき	the armpit, the underarm; the underarm area of clothing; 傍, 側: the side of something; a tangent, such as in a conversation; something in a secondary and supporting role:; in ancient Japan, an assistant to the 春宮坊 (Tōgūbō, rank title; responsible for administering eastern provinces); in the medieval period, old name for 関脇 (sekiwake, sumō rank); in 能楽 (nōgaku, “Noh theatre”), the supporting role played alongside the main protagonist; in 浄瑠璃 (jōruri, recitation accompanying a puppet show), the supporting reciter; in 邦楽 (hōgaku, traditional Japanese music), the accompaniment; something of lesser importance, something on the back burner (often used in constructions such as 脇にする (waki ni suru, “to put off to the side”), 脇になる (waki ni naru, “to become off to the side”).); short for 脇(わき)能(のう) (wakinō): a type of Noh theatre, performed first in a series of performances, wherein a god or spirit prays for a peaceful reign for the emperor; short for 脇(わき)句(く) (wakiku): the two seven-syllable lines of poetry following the 発句 (hokku, the first three lines of a renga, of 17 syllables and later serving as the haiku form); short for 脇(わき)百(びゃく)姓(しょう) (waki-byakushō): lower-ranking commoners in the Edo period and earlier; somewhere, someone, or something else	N3
分ける	わける	divide; sort out, separate; classify; share, let someone have; sell	N3
わざと	わざと	on purpose	N3
僅か	わずか	low in number or amount left; meager, little; faint, subtle; only (in reference to a meager amount); a small amount	N3
綿	わた	the cotton plant; raw cotton; batting or stuffing; the albedo of a citrus; or the pith/placenta of a pepper; the state of being exhausted or extremely tired (likely from the hard work required to pick cotton)	N3
話題	わだい	topic; subject of conversation	N3
笑い	わらい	laugh,laughter,smile	N3
割る	わる	to break (into separate pieces); to crack; to split; to cut (apart); to separate; to divide; divided by; to get warez.	N3
悪口	わるくち	speaking ill of people, verbal abuse	N3
我々	われわれ	we; us	N3
湾	わん	bay, gulf; bend, curve (replacing 彎); bay, gulf, inlet	N3
あいかわらず	あいかわらず	as ever,as usual,the same	N2
アイデア	あいであ	idea, invention	N2
アイディア	あいでぃあ	idea, invention	N2
曖昧	あいまい	ambiguous, obscure, unclear, vague; ambiguity, obscurity, opacity	N2
遭う	あう	alternative form of 会う	N2
扇ぐ	あおぐ	to fan; to blow	N2
青白い	あおじろい	pallid, wan, pale; bluish-white	N2
あかんぼう	あかんぼう	baby	N2
明き	あき	room,time to spare,emptiness	N2
あきれる	あきれる	to be amazed,to be shocked	N2
アクセント	あくせんと	accent (stronger articulation); intonation; accent, emphasis, stress; an accessory, an accent piece; accent (regional pronunciation)	N2
欠伸	あくび	yawning and stretching	N2
飽くまで	あくまで	to the end, to the last, persistently	N2
明け方	あけがた	dawn; daybreak	N2
揚げる	あげる	deep fry	N2
挙げる	あげる	raise; give (an example); put all of one's efforts into; nominate; hold a ceremony	N2
憧れる	あこがれる	long for, yearn for, have a romantic notion of; admire	N2
足跡	あしあと	footprint	N2
味わう	あじわう	savor; relish; enjoy the taste of; savor; relish; appreciate; enjoy (an experience); appreciate; understand (an experience); feel (the joy or pain of something)	N2
預かる	あずかる	take care of, hold on to; be entrusted with	N2
暖まる	あたたまる	to warm up,to get warm	N2
暖める	あたためる	warm a person or room	N2
あたりまえ	あたりまえ	usual,common,ordinary	N2
あちらこちら	あちらこちら	here and there	N2
厚かましい	あつかましい	shameless, brazen	N2
圧縮	あっしゅく	compression; compression of an archive; to compress, to condense; to compress an archive	N2
宛名	あてな	address (of a mail-receiver), addressee	N2
あてはまる	あてはまる	to be applicable,to come under (a category),to fulfill	N2
あてはめる	あてはめる	to apply, to adapt, to fit	N2
暴れる	あばれる	act violently, rage about, struggle, be riotous	N2
脂	あぶら	fat	N2
あぶる	あぶる	to scorch	N2
あふれる	あふれる	to flood,to overflow,to brim over	N2
雨戸	あまど	storm shutter, storm door	N2
甘やかす	あまやかす	to indulge (a child); to pamper	N2
余る	あまる	be left over	N2
編物	あみもの	knitting,web	N2
編む	あむ	knit; braid; weave	N2
危うい	あやうい	dangerous, critical, serious; uncertain, unreliable, insecure; limping, narrow, close	N2
怪しい	あやしい	suspicious, shady; fumbling, unsteady, awkward; suspect, doubtful; 妖しい: eerie, uncanny, mysterious; 奇しい: unusual, out of the ordinary, strange	N2
荒い	あらい	rough, harsh, intense (in regards to motion or movement)	N2
粗い	あらい	coarse; rough (in regards to physical attributes such as texture)	N2
あらすじ	あらすじ	outline,summary	N2
争う	あらそう	compete, contest; argue, dispute	N2
改めて	あらためて	again; later, some other time	N2
改める	あらためる	改める, 革める, 更める: renew; 改める, 革める: reform; 改める, 検める: examine, inspect	N2
著す	あらわす	to write, to publish	N2
有難い	ありがたい	grateful,thankful,welcome,appreciated,evoking gratitude	N2
在る	ある	to exist, to be, to have; 有る: (inanimate) to exist, be in existence; 在る: (inanimate) to be at a location; to be located; 有る: (animate) to exist, with the existence considered objective and abstract; 有る: to happen, occur; to be performed, carried out; 在る: to be put in a certain location, position or situation; 有る: to have a certain number, amount, size, etc.; 有る: (of time) to pass, go by; 有る: (of a matter or state) to be recognized, be acknowledged; 在る: to depend on, lie in, be influenced by; 在る, 存る: to be alive, surviving; to have; 有る: to be owned, be possessed; 有る: to be a characteristic or ability; to be included as a part; 有る: (of thoughts, emotions or sensations) to be felt; Indicating that something has a particular quality or is in a particular state; Indicating that the result of a certain action or behavior has continued until now.; Indicating that something is done in advance; Indicating that the action or effect is currently ongoing.; Judging that something has a certain nature or state based on its explanation; or simply expressing assertion (see: である (de aru)); Expressing respect toward the person performing the action; certain, one, some	N2
あれこれ	あれこれ	this way and that way	N2
あわただしい	あわただしい	busy,hurried,confused,flurried	N2
あわてる	あわてる	to become confused	N2
安易	あんい	easy; easygoing; ease; being easygoing	N2
案外	あんがい	unexpectedly; unexpected; unexpectedness	N2
アンテナ	あんてな	antenna (device to receive or transmit radio signals); short for アンテナサイト (antena saito)	N2
言い出す	いいだす	speak out, broach, bring up; suggest, propose	N2
言い付ける	いいつける	alternative form of 言いつける	N2
意義	いぎ	significance	N2
生き生き	いきいき	vividly; lively; look fresh; be full of life	N2
いきなり	いきなり	(uk) abruptly,suddenly,all of a sudden,without warning	N2
育児	いくじ	bringing up children, childcare; to bring up children	N2
幾分	いくぶん	somewhat; some portion	N2
生け花	いけばな	flower arrangement, →ikebana; the discipline of flower arrangement, as something to be studied and practiced	N2
以後	いご	from now on; from... on	N2
以降	いこう	on and after; onward	N2
イコール	いこーる	equal, equivalent, the same; the equals sign, =; equals, is equal to, is equivalent to, entails	N2
勇ましい	いさましい	courageous	N2
衣食住	いしょくじゅう	clothing, food, and shelter; basic living requirements	N2
意地悪	いじわる	mean-spirited; mean; nasty; vicious; meanness; unkindness; spite	N2
いちいち	いちいち	one by one,separately	N2
一応	いちおう	just to make sure; just in case; temporarily, for the present, for the time being; tentatively; by and large, for the most part; once	N2
一段	いちだん	greater,more,further,still more	N2
一流	いちりゅう	first class, first rate; unique, peculiar (to) characteristic (of)	N2
佚	いつ	ease	N2
一昨日	いっさくじつ	the day before yesterday, two days ago	N2
一昨年	いっさくねん	the year before last, two years ago	N2
一斉	いっせい	simultaneous	N2
一旦	いったん	once; temporarily; one time	N2
一定	いってい	something that is set one way and will not change; something that is fixed; something that is regular; be fixed, equal	N2
いってらっしゃい	いってらっしゃい		N2
いってまいります	いってまいります	行って参ります, 行ってまいります: (humble) alternative form of いってきます (itte kimasu)	N2
いつのまにか	いつのまにか	before one knows,unnoticed,unawares	N2
移転	いてん	a transfer; to transfer, to move, to relocate	N2
井戸	いど	well (water source)	N2
緯度	いど	a latitude (angular distance)	N2
従姉妹	いとこ	a female cousin	N2
威張る	いばる	be proud	N2
嫌がる	いやがる	to be annoyed, hate	N2
いよいよ	いよいよ	more and more; increasingly; finally; at last; indeed; really; no doubt	N2
煎る	いる	fry, broil	N2
炒る	いる	to exist, to be; to have; Used as a 補助動詞 (hojo dōshi), after a verb in the て (-te) conjunctive form. Note that ている (-te iru) colloquially shortens to てる (-teru), ていた (-te ita) colloquially shortens to てた (-teta), etc.; Indicates a progressive or continuative tense: to be doing; Indicates a regular, repetitive action.; Indicates a state resulting from the action.; to sit	N2
入れ物	いれもの	container, case, receptacle	N2
インキ	いんき	ink	N2
インタビュー	いんたびゅー	an interview	N2
引力	いんりょく	attractive force, attraction, affinity, magnetism, gravitation; attractiveness, allure, magnetism	N2
ウーマン	うーまん	woman	N2
ウール	うーる	wool	N2
ウエートレス	うえーとれす	alternative form of ウェイトレス	N2
植木	うえき	a planted tree or shrub, as in a garden or pot; a bonsai; a live tree in general, not necessarily in a garden or pot; a surname	N2
飢える	うえる	to starve, to be hungry	N2
浮ぶ	うかぶ	to float,to rise to surface,to come to mind	N2
浮かべる	うかべる	float; express, look a certain feeling; potential form of 浮かぶ (ukabu)	N2
浮く	うく	to float; to be loose; to unfasten; to be excited; to have left-over money; to appear on the surface	N2
承る	うけたまわる	to receive; to read, to look over (from the sense of receiving a letter or document); to hear, to listen to, to be told; to consent to, to agree to, to accept (such as a command or instruction); to speak, to say (said of someone else, never of oneself)	N2
受取	うけとり	receipt	N2
受け持つ	うけもつ	take charge of, be in charge of	N2
薄暗い	うすぐらい	gloomy, dim	N2
薄める	うすめる	dilute	N2
打合せ	うちあわせ	meeting; talks; arrangements; to have a meeting; to make arrangements; imperfective and stem (or continuative) forms of うちあわせる (uchiawaseru)	N2
打ち消す	うちけす	deny; totally drown out, cancel out a sound	N2
討つ	うつ	to attack; to avenge	N2
うっかり	うっかり	carelessly; be careless	N2
映す	うつす	to project, to display	N2
写る	うつる	to be photographed, to be taken in a picture; for a picture to come out	N2
映る	うつる	to be reflected in, to be reflected on; to be seen, to be visible, to be displayed	N2
うどん	うどん	udon (a type of Japanese wheat noodle)	N2
有無	うむ	existence, presence or absence	N2
埋める	うめる	to bury; to fill up	N2
敬う	うやまう	respect, honor, revere, venerate	N2
裏返す	うらがえす	to reverse something, to turn something over, to flip something over; to turn something inside out; to view or consider something from a completely different perspective	N2
裏口	うらぐち	back door	N2
占う	うらなう	tell someone's fortune, divine	N2
恨み	うらみ	resentment; stem or continuative form of 恨む (uramu)	N2
恨む	うらむ	to hold a grudge, to resent	N2
羨ましい	うらやましい	enviable; jealous, envious	N2
羨む	うらやむ	to envy, to be jealous of	N2
売上	うりあげ	amount sold,proceeds	N2
売り切れ	うりきれ	sold out	N2
売り切れる	うりきれる	be sold out	N2
売行き	うれゆき	sales	N2
うろうろ	うろうろ	aimlessly, loiteringly; wander, hang around	N2
運河	うんが	canal	N2
うんと	うんと	a great deal	N2
英文	えいぶん	a sentence in English; text in English; short for 英文学	N2
英和	えいわ	English–Japanese, English-to-Japanese	N2
ええと	ええと	alternative form of ええっと (ētto)	N2
液体	えきたい	a liquid	N2
エチケット	えちけっと	etiquette	N2
絵の具	えのぐ	paints, coloring material (of an artist)	N2
エプロン	えぷろん	an apron (clothing); an apron (the paved area of an airport)	N2
偉い	えらい	noble, honorable, admirable, great; noble, superior; serious, terrible; terribly, very; tired, hard	N2
宴会	えんかい	banquet	N2
園芸	えんげい	horticulture	N2
演劇	えんげき	theatrical play	N2
円周	えんしゅう	circumference	N2
遠足	えんそく	excursion; to go on an excursion	N2
延長	えんちょう	An extension of length or period; lengthening; An extension of a rail line, road, etc.; To extend a length or period; to lengthen; the Enchō era, 923-931	N2
煙突	えんとつ	chimney, smokestack	N2
追い掛ける	おいかける	to chase, run after; to happen after, to follow	N2
追い越す	おいこす	pass, overtake	N2
オイル	おいる	oil; kerosene; engine oil for lubrication	N2
応援	おうえん	support; cheering; aid, back up, support; cheer, root for	N2
王女	おうじょ	a princess (king's daughter)	N2
応ずる	おうずる	answer, reply to; consent, obey; be in proportion to, depend on	N2
応接	おうせつ	reception of guests; to receive guests	N2
応対	おうたい	reception (of guests), receiving, dealing (with); to receive, to deal (with), to interact, to serve, wait on (customers)	N2
往復	おうふく	a round trip, going back and forth; an exchange (of conversations, letters, etc.); coming and going; to make a round trip, go back and forth; to exchange (conversations, letters, etc.); to come and go	N2
欧米	おうべい	Modern Western developed nations (Western Europe and North America)	N2
応用	おうよう	application; to apply	N2
オーケストラ	おーけすとら	orchestra	N2
おおざっぱ	おおざっぱ	rough (not precise),broad,sketchy	N2
大通り	おおどおり	Main Street	N2
オートメーション	おーとめーしょん	automation	N2
オーバーコート	おーばーこーと	overcoat	N2
大凡	おおよそ	approximate; approximately, more or less; ballpark figure	N2
お帰り	おかえり	ellipsis of お帰りなさい (“welcome home”); someone's return	N2
おかけください	おかけください		N2
おかげさまで	おかげさまで	Thanks to god,thanks to you	N2
おかず	おかず	a side dish; fill-in (drums); wank material; things to masturbate to	N2
拝む	おがむ	to bow in a sign of reverence; to bring one's hands together and pray; to see	N2
お代わり	おかわり	second helping	N2
補う	おぎなう	to supplement	N2
おきのどくに	おきのどくに		N2
屋外	おくがい	outdoor	N2
おくさん	おくさん	(hon) wife,your wife,madam	N2
送り仮名	おくりがな	okurigana	N2
元気でね	げんきでね		N2
怠る	おこたる	be negligent	N2
押える	おさえる	to stop,to restrain,to seize,to repress,to suppress,to press down	N2
おさきに	おさきに	before,ahead,previously	N2
納める	おさめる	to obtain,to reap,to pay,to supply,to accept	N2
治める	おさめる	dominate, rule, govern; tranquilize, pacify; suppress	N2
惜しい	おしい	unfortunate, regrettable; a waste, too good for; precious; close; almost; close but no cigar; barely and unfortunately/regrettably missing the mark	N2
御辞儀	おじぎ	bow	N2
伯父さん	おじさん	uncle who is older than one's parents	N2
小父さん	おじさん	man; Mister, Uncle (used vocatively)	N2
叔父さん	おじさん	uncle who is younger than one's parents	N2
おしゃれ	おしゃれ	smartly dressed,someone smartly dressed,fashion-conscious	N2
おじゃまします	おじゃまします	Excuse me for disturbing you	N2
教わる	おそわる	to be taught	N2
おだいじに	おだいじに	Take care of yourself	N2
落着く	おちつく	to calm down,to settle down	N2
御手洗	みたらし	purifying water at the entrance of a shrine	N2
お出掛け	おでかけ	a polite term for going out or leaving	N2
お手伝いさん	おてつだいさん	maid	N2
おどかす	おどかす	to threaten,to coerce	N2
落し物	おとしもの	lost property	N2
おととい	おととい	day before yesterday	N2
おととし	おととし	year before last	N2
おとなしい	おとなしい	obedient,docile,quiet	N2
驚かす	おどろかす	to frighten	N2
おねがいします	おねがいします	please	N2
各々	おのおの	each, every	N2
叔母さん	おばさん	an aunt who is younger than one's parent	N2
おはよう	おはよう	good morning	N2
お参り	おまいり	visit (to a shrine, temple, grave, etc.); to visit (to a shrine, temple, grave, etc.)	N2
おまたせしました	おまたせしました	Sorry to have kept you waiting	N2
おまちどおさま	おまちどおさま	Sorry to have kept you waiting	N2
おめでたい	おめでたい	happy event,matter for congratulation,auspicious event,pregnancy	N2
思い掛けない	おもいがけない	unexpected,casual	N2
思い込む	おもいこむ	be convinced that, be sure that; have one's mind made up	N2
思いっ切り	おもいっきり	alternative form of 思い切り	N2
思い付く	おもいつく	to think of; to hit upon	N2
重たい	おもたい	heavy	N2
おやすみ	おやすみ	(1) holiday,absence,rest,(2) (exp) Good night	N2
おやつ	おやつ	(1) between meal snack,afternoon refreshment	N2
親指	おやゆび	a thumb (digit)	N2
オルガン	おるがん	organ (musical instrument)	N2
卸す	おろす	to sell wholesale; to grate (vegetables, fruit, etc.); to cut (fish or meat) into pieces	N2
恩恵	おんけい	favour; blessings	N2
温室	おんしつ	a greenhouse (building in which plants are grown more quickly than outside); a hot bathhouse in a Buddhist temple	N2
温泉	おんせん	a hot spring; a spa, an onsen	N2
温帯	おんたい	temperate zone	N2
御中	おんちゅう	a meal, especially of rice (from the way that the main serving dish would be placed in the 中 (naka, “middle”) of the table); cotton batting (from the way that batting was used in the 中 (naka, “inside”) of cushions and quilts); the title of a maid working in the inner part of a samurai family's house during the Muromachi period; dear sirs, Messrs. (form of address used in formal letters, placed after the name of the organization to address members of that organization); a kind of hairstyle worn by women of the nobility in the late Edo period as a simplification of the 大垂髪 (ōsuberakashi) style, with no 簪 (kanzashi, “ornamental hairpin”) or other adornment, and with the long hair of an additional hairpiece allowed to hang loose in back	N2
女の人	おんなのひと	a woman, a female adult person	N2
蚊	か	mosquito	N2
カーブ	かーぶ	a curve; a turn; a curve ball	N2
貝	かい	an aquatic shellfish (generally limited to mollusks with calcareous shells such as clams or snails, and excluding crustaceans such as shrimp or crabs)	N2
開会	かいかい	opening of a 会 (kai) — meeting (会議), legislature (議会), sporting event (競技会), etc.; to start a 会 (kai); for a 会 (kai) to begin	N2
会館	かいかん	building that hosts Chinese hometown associations; kongsi; meeting hall, place of assembly	N2
改札	かいさつ	examination of tickets; wicket, ticket gate, ticket barrier; to examine tickets	N2
解散	かいさん	dispersal; scattering; dissolution; disperse, scatter; dissolve	N2
海水浴	かいすいよく	sea bathing	N2
回数	かいすう	number of times	N2
回数券	かいすうけん	book of tickets	N2
改正	かいせい	amendment; amend, revise	N2
快晴	かいせい	clear weather	N2
解説	かいせつ	explanation; to give an explanation	N2
改造	かいぞう	remodelling; reorganization; hack (of a ROM, save file, etc.); remodel; reorganize, reshuffle; to hack (a ROM, save file, etc.)	N2
開通	かいつう	opening to traffic; open to traffic	N2
回転	かいてん	rotation; revolution; to rotate, spin; to revolve	N2
解答	かいとう	answer, solution; give an answer; solve	N2
回答	かいとう	reply, response, answer; to answer, to respond, to reply	N2
外部	がいぶ	the outside	N2
解放	かいほう	liberation, absolution; to release, to unleash, to set free, to absolve	N2
開放	かいほう	openness, not being closed; openness, allowing free entry and exit; openness, frankness; open a door etc.; open, allow freedom of entry and exit; be open and frank	N2
海洋	かいよう	main sea, ocean	N2
概論	がいろん	outline of, introduction to	N2
帰す	かえす	send someone home	N2
却って	かえって	on the contrary; rather; all the more	N2
代える	かえる	substitute, use in place of, replace with, replace something with another	N2
反る	かえる	come back	N2
家屋	かおく	house, dwelling, residence.	N2
係わる	かかわる	to concern oneself in,to have to do with,to affect,to influence,to stick to (opinions)	N2
書留	かきとめ	short for 書留郵便	N2
書取	かきとり	writing down speech, dictation; transcription	N2
垣根	かきね	hedge; barrier, wall	N2
掻く	かく	to scratch (e.g. one's head); Dummy verb for various nouns, often with a meaning similar to \"to present\" or \"to give the impression of\".	N2
嗅ぐ	かぐ	sniff, smell	N2
架空	かくう	fictitious; overhead, aerial; fiction	N2
各自	かくじ	each person, everyone	N2
拡充	かくじゅう	expansion; expand, enlarge	N2
学術	がくじゅつ	learning, scholarship; science, technical studies	N2
各地	かくち	many places, everywhere, all over	N2
拡張	かくちょう	An expansion or extension of range, scale or influence.; To extend a range, scale or influence.	N2
角度	かくど	angle (measure, figure); angle (viewpoint)	N2
学年	がくねん	year in school, grade in school	N2
学部	がくぶ	university department	N2
格別	かくべつ	exceptional, special, particular; exceptionally, particularly; exceptionality	N2
確率	かくりつ	probability	N2
学力	がくりょく	scholarly ability, scholarship	N2
掛け算	かけざん	multiplication	N2
可決	かけつ	approval, adoption of a motion, passage of a bill; to pass, to adopt, to approve	N2
火口	かこう	a crater; the firedoor of a boiler	N2
下降	かこう	descent, fall; descend, fall	N2
重なる	かさなる	to link together, connect together; to line up especially in an orderly fashion; to pile up, heap up, accumulate; to become more abundant or deeper; to happen at the same time	N2
重ねる	かさねる	to pile, to add layers, to stack, to heap, to overlay; 襲ねる: to wear layers of clothes; to repeat	N2
飾り	かざり	decoration	N2
火山	かざん	a volcano	N2
かしこまりました	かしこまりました	畏まりました: (humble) formal perfective form of verb 畏まる: understood, acknowledged	N2
貸し出し	かしだし	lending; a loan; lend	N2
過失	かしつ	error, fault; negligence	N2
果実	かじつ	fruit; nut; berry	N2
貸間	かしま	room for rent	N2
貸家	かしや	house for rent	N2
個所	かしょ	alternative form of 箇所	N2
過剰	かじょう	too many; too much; excess, nimious, superfluous; excess, redundancy	N2
かじる	かじる	to chew,to bite (at),to gnaw,to nibble	N2
課税	かぜい	taxation; tax, impose a tax	N2
下線	かせん	an underline	N2
カセット	かせっと	cassette tape; ROM cartridge	N2
加速	かそく	acceleration; to accelerate, to speed up, to gain speed	N2
加速度	かそくど	acceleration (amount); acceleration	N2
片仮名	かたかな	Katakana, a set of Japanese syllabary characters, secondary to hiragana, derived from portions of Chinese characters whose sounds approximate the Japanese sound being represented. Chiefly thought of as being used for loanwords (cf. カタカナ語 (“loanword”, literally “katakana word”)), it has a number of other uses too, complementing hiragana; see Katakana on Wikipedia.Wikipedia	N2
片付く	かたづく	to be tidied up; to be put in order; to be settled; to be solved; to be married off; to accompany someone else; to get touched by one side (片 + 付く)	N2
塊	かたまり	lump, mass, chunk, clod	N2
固まる	かたまる	harden, become firm; to freeze (become unresponsive)	N2
片道	かたみち	one-way; one-sided; one-way ticket, short for 片道切符	N2
傾く	かたむく	to tilt, lean, incline; to favor; to wane; to lose force, power, or momentum; to set in the west, setting of the sun or moon	N2
片寄る	かたよる	lean, incline; be biased, be prejudiced	N2
学科	がっか	a subject (a particular area of study); a department in a university	N2
学会	がっかい	academic society, academic conference	N2
楽器	がっき	musical instrument	N2
学級	がっきゅう	class (in school)	N2
担ぐ	かつぐ	shoulder, carry on the shoulder; deceive	N2
括弧	かっこ	a parenthesis; a bracket (either of a pair of brackets ( )); a bracket (generically any of \"(\", \")\", \"[\", \"]\", \"{\", \"}\", \"<\" and \">\"); to put in parentheses	N2
活字	かつじ	movable type; printed text	N2
活躍	かつやく	activity, action; to be active (in), to participate actively (in)	N2
活力	かつりょく	energy	N2
仮定	かてい	assumption; to suppose; to assume	N2
過程	かてい	process	N2
課程	かてい	course; curriculum	N2
仮名	かな	a category of Japanese syllabary scripts: kana; a syllabogram, an individual character belonging to one of the syllabaries: kana	N2
仮名遣い	かなづかい	kana usage (orthography); how letters or characters are read or pronounced (\"used\"); a method of writing (or \"using\") letters or characters	N2
鐘	かね	bell	N2
加熱	かねつ	heating; to heat	N2
兼ねる	かねる	serve as one thing and another at once; to take something else into concern; to further consider (something); find it difficult to do, be unable to do	N2
カバー	かばー	material to cover with (such as a cosy); cover song	N2
過半数	かはんすう	a number exceeding more than half; a majority	N2
被せる	かぶせる	to cover with; to put on; to pour (liquid); to add (to color, sound, etc.); to interrupt; to chip in; to continue talking without a pause; to charge; to accuse	N2
釜	かま	an iron pot, a kettle	N2
紙屑	かみくず	wastepaper	N2
神様	かみさま	an honorific reference to any god or deity, including the God of the Abrahamic religions; someone who is remarkably strong or skillful at something; god; gods; goddess; goddesses	N2
剃刀	かみそり	razor	N2
ガム	がむ	short for チューインガム (chūin gamu, “chewing gum”)	N2
貨物	かもつ	freight, cargo	N2
かゆい	かゆい	itchy,itching	N2
歌謡	かよう	song; ballad	N2
殻	から	shell, crust, chaff; husk, hull	N2
カラー	からー	color; character, quality; collar	N2
からかう	からかう	to make fun of, to tease, to kid; to resist; to be irresolute; to quarrel	N2
空っぽ	からっぽ	empty	N2
かるた	かるた	歌る多, 歌留多: a female given name; カルタ: a traditional Japanese game	N2
枯れる	かれる	涸れる: to dry up; 枯れる: of a plant: to wither; to wilt; to die; 枯れる, 嗄れる: of one's voice: to become husky; to become hoarse	N2
カロリー	かろりー	calorie	N2
かわいがる	かわいがる	to love,to be affectionate	N2
乾かす	かわかす	dry (something); make dry; desiccate	N2
渇く	かわく	to be thirsty	N2
為替	かわせ	money order; money exchange	N2
瓦	かわら	roof tile	N2
代る	かわる	変わる, 変る: change, be changed; 替わる, 替る: substitute, be substituted, take one's place; 代わる, 代る: take one's place; 換わる, 換る: be replaced	N2
間隔	かんかく	interval, space (spacial distance or time interval between two or more things or events); space (a piece of type used to separate words)	N2
換気	かんき	ventilation; ventilate	N2
感激	かんげき	deep emotion; to be moved, to be touched (emotionally)	N2
関西	かんさい	Kansai (a traditional region in central Japan, that includes the cities of Osaka, Kyoto and Nara, their associated urban prefectures, and the surrounding prefectures of Hyogo, Wakayama, Mie, and Shiga); the area west of 逢坂の関 (Ōsaka-no-seki, “tollgate of Ōsaka-yama”)	N2
鑑賞	かんしょう	appreciation, enjoyment, especially of art, music, etc.; to appreciate, to enjoy	N2
感ずる	かんずる	feel, sense	N2
間接	かんせつ	indirectness	N2
乾燥	かんそう	aridity, dehydration, desiccation; to dry, to dehydrate, to desiccate	N2
感想	かんそう	impressions, thoughts	N2
観測	かんそく	observation, expedition; view, prediction; to observe	N2
寒帯	かんたい	frigid zone or belt	N2
官庁	かんちょう	government office	N2
勘違い	かんちがい	misunderstanding, misconception; be under a misconception, mistake for, be misguided	N2
缶詰	かんづめ	canned food, tinned food	N2
乾電池	かんでんち	dry cell	N2
関東	かんとう	Kantō (a geographical region in eastern Japan, that includes the capital city of Tokyo and the surrounding prefectures of Chiba, Gunma, Ibaraki, Kanagawa, Saitama and Tochigi); the area east of 逢坂の関 (Ōsaka-no-seki, “tollgate of Ōsaka-yama”) or later, east of 箱根の関 (Hakone-no-seki, “tollgate of Mount Hakone”); the area to the east of 函谷関 (Kankoku-kan, “Hangu Pass”); the area to the east of 山海関 (Sankai-kan, “Shanhai Pass”); a surname	N2
観念	かんねん	idea, concept; sense; resignation, acceptance; to resign to	N2
乾杯	かんぱい	to drink a glass dry; to toast; cheers! bottoms up! (toast)	N2
看板	かんばん	signboard; feature, highlight; reputation, public trust of a shop; name, public appearance; closing time of a shop	N2
看病	かんびょう	nursing for a patient, taking care of a patient; to nurse	N2
冠	かんむり	a crown (royal headdress); a type of traditional cap; name; title; named sponsorship of a program, event, team, etc.; the top radical of a kanji, such as 冖 as in 冠 itself; a female given name; a surname	N2
漢和	かんわ	China and Japan; Sino-Japanese; Chinese and Japanese languages; short for 漢和辞典 (“Chinese–Japanese dictionary”)	N2
気圧	きあつ	atmospheric pressure	N2
器械	きかい	機械, 器械: any powered mechanical device for performing work; a device, an appliance, a mechanism; 機械: a machine, equipment, an apparatus; a utensil, a tool, an instrument; a tool for conducting a test or experiment or for measurement; 機械, 器械: (archaic) a clockwork, a mechanism, especially one using strings and pulleys; 機械: (uncommon, biology) an internal organ, biological machinery; 機械: (uncommon) a means for accomplishing a goal; manipulation or control of another person's behavior to act according to one's own will; a person so controlled; a weapon	N2
着替え	きがえ	changing clothes; a change of clothes; change clothes	N2
機関車	きかんしゃ	locomotive	N2
飢饉	ききん	famine; dearth	N2
器具	きぐ	utensil, piece of equipment, device, gadget	N2
期限	きげん	time limit, deadline, cutoff; time frame	N2
記号	きごう	symbol, mark	N2
刻む	きざむ	to chop, mince; to carve, to cut; to tick away, to keep time	N2
儀式	ぎしき	ritual; ceremony	N2
基準	きじゅん	standard, basis, criterion, norm, guideline, yardstick	N2
規準	きじゅん	standards, examples or models on which actions or decisions are based	N2
起床	きしょう	getting out of bed; get up; get out of bed	N2
着せる	きせる	to put clothes on someone, to dress someone, to have someone wear clothing; to coat something with a layer, to plate, to cover something; to impose an obligation on someone, often improperly, to charge someone with a crime, to pin the blame on someone	N2
基礎	きそ	base, basis, foundation, ground, root; foundation	N2
気体	きたい	a gas	N2
基地	きち	base (e.g. military, research); clipping of 基地外 (kichigai, “madness; insanity; enthusiasm”)	N2
きっかけ	きっかけ	chance,start,cue,excuse	N2
ぎっしり	ぎっしり	tightly	N2
基盤	きばん	base, foundation, basis; platform; alternative spelling of 基板 (kiban, “circuit board”)	N2
客席	きゃくせき	guest seating, seating for a guest for an audience; an audience	N2
客間	きゃくま	guest room, parlor	N2
ギャング	ぎゃんぐ	gang	N2
キャンパス	きゃんぱす	a campus	N2
休業	きゅうぎょう	temporary business closure; be closed for business, shut down	N2
休講	きゅうこう	cancellation of a lecture; cancel a lecture, cancel a class	N2
休息	きゅうそく	rest (any relief from exertion); to take a rest	N2
給与	きゅうよ	salary; an allowance, a grant; be supplied, be allowed	N2
休養	きゅうよう	rest, time off from work; recuperation; to rest; to recuperate	N2
清い	きよい	clean, clear; pure; noble	N2
強化	きょうか	strengthening, intensification, buildup, reinforcement, augmenting; to strengthen	N2
境界	きょうかい	boundary (of two lands etc.)	N2
行事	ぎょうじ	function, event	N2
恐縮	きょうしゅく	feeling thankfulness; feeling awfulness; feeling pity or sorry; feeling shame; an attitude of feeling thankfulness; an attitude of feeling awfulness; an attitude of feeling pity or sorry; an attitude of feeling shame; To feel thankfulness; To feel awfulness; To feel pity or sorry; To feel shame	N2
教養	きょうよう	cultivation, refinement, education; to edify	N2
行列	ぎょうれつ	a line or queue, a procession in single file; a ceremonial procession; a matrix; to form a line, to proceed in single file	N2
漁業	ぎょぎょう	fishing industry, fishery	N2
曲線	きょくせん	curve	N2
規律	きりつ	discipline, order; regulation, rule	N2
斬る	きる	alternative spelling of 切る: to cut; to kill with a sword; to put to the sword; to cut down; to criticize	N2
気を付ける	きをつける	be careful, watch out; take care	N2
金魚	きんぎょ	a goldfish	N2
区域	くいき	area, district, section, zone	N2
偶数	ぐうすう	even number	N2
空想	くうそう	fantasy, daydream; something imagined; thought that exhibits attachment to sunyata; to fantasize; to think in a way that exhibits attachment to sunyata	N2
空中	くうちゅう	midair; the air; the sky	N2
クーラー	くーらー	air conditioner emitting cold air; icebox	N2
釘	くぎ	a nail; a spike made of metal or hard material used to stick something	N2
区切る	くぎる	to mark off, to demarcate, to delimit; 句切る: to punctuate; to put an end to (e.g. a sentence); to insert pauses or breaks (e.g. when reading aloud)	N2
櫛	くし	comb	N2
くしゃみ	くしゃみ	sneeze	N2
苦情	くじょう	complaint, grievance	N2
苦心	くしん	pains, efforts, hard work; make strenuous efforts, be at pains to, struggle to	N2
屑	くず	scrap, waste, bit; human trash, or a scumbag	N2
崩す	くずす	destroy; disturb an erect posture; change money into smaller denominations, break a bill	N2
薬指	くすりゆび	a ring finger	N2
崩れる	くずれる	to collapse, to fall, to be destroyed, to become ruined, to crumble	N2
砕く	くだく	to smash, to crush, to fracture, to break; to grind, to chew; to dash someone's hopes	N2
砕ける	くだける	to break, to crumble; to weaken; to be casual, to informal, to plain	N2
くたびれる	くたびれる	to get tired,to wear out	N2
くだらない	くだらない	good-for-nothing,stupid,trivial,worthless	N2
下る	くだる	descend; hand down an order, issue, sentence; surrender; have diarrhea	N2
唇	くちびる	lips	N2
口紅	くちべに	lipstick	N2
くっつく	くっつく	くっ付く: keep close to, stick to; follow; go out with	N2
くっつける	くっつける	to attach	N2
くどい	くどい	verbose,importunate,heavy (taste)	N2
句読点	くとうてん	punctuation marks	N2
配る	くばる	to distribute, to deliver	N2
工夫	くふう	device; scheme; devising; scheming; dedication to spiritual improvement (especially through Zen meditation); devise, come up with, contrive	N2
区分	くぶん	division; classification; to divide; to classify, to sort	N2
組合せ	くみあわせ	a combination	N2
組み立てる	くみたてる	assemble, construct	N2
汲む	くむ	scoop, ladle, draw water; guess	N2
酌む	くむ	to serve sake	N2
悔しい	くやしい	regrettable, frustrating, vexing	N2
悔やむ	くやむ	regret; mourn	N2
クリーニング	くりーにんぐ	dry cleaning	N2
くるむ	くるむ	to be engulfed in,to be enveloped by,to wrap up	N2
くれぐれも	くれぐれも	repeatedly,sincerely,earnestly	N2
咥える	くわえる	to hold between one's teeth; to take along with	N2
郡	ぐん	county, district	N2
稽古	けいこ	training; to practice	N2
敬語	けいご	respectful or honorific language	N2
蛍光灯	けいこうとう	fluorescent lamp	N2
形式	けいしき	format	N2
継続	けいぞく	continuation; continue; proceed	N2
毛糸	けいと	woolen yarn, such as for knitting	N2
経度	けいど	a longitude (angular distance)	N2
系統	けいとう	system; genealogy	N2
芸能	げいのう	public entertainment, performing art	N2
競馬	けいば	horse racing	N2
警備	けいび	security guard; patrol; defense, guard, guarding, policing, security; keep guard, stand guard, defend	N2
形容詞	けいようし	an -i adjective: specific to Japanese grammar, an adjective with an attributive form that ends in い (-i); (more generally, such as in another language) an adjective	N2
形容動詞	けいようどうし	な-adjective: specific to Japanese grammar, an adjective with an attributive form that ends in な (-na)	N2
外科	げか	surgery (medical specialty); surgical department (of a hospital, etc.)	N2
毛皮	けがわ	fur, pelt; the 皮 radical (portion of a kanji character)	N2
激増	げきぞう	sudden increase; show a sudden increase	N2
下車	げしゃ	alighting; to disembark a train or other vehicle; to exit a vehicle	N2
下旬	げじゅん	the last 10 days of the month	N2
下水	げすい	sewage; ditch; culvert; slop bowl; menstruation	N2
削る	けずる	to shave; to plane; to delete; to cut off	N2
桁	けた	girder, crossbeam; the rod that goes through the beads of an abacus; digit (a numeral used in a positional numeral system)	N2
下駄	げた	geta: a kind of wooden clog with at least one, more commonly two, stilts or “teeth”; the geta symbol, 〓 (Unicode value 3013): a typographic mark indicating unavailability of a glyph, such as when a character cannot be displayed on a computer; so called for the similarity to a geta clog footprint; a stone placed not adjacent to the opponent's stone, but in such a way as to block the opponent's formation from escaping	N2
血圧	けつあつ	blood pressure	N2
血液	けつえき	blood	N2
月給	げっきゅう	monthly income	N2
傑作	けっさく	masterful; masterpiece	N2
月末	げつまつ	the end of the month	N2
気配	けはい	appearance, sign, hint, air, promise, shadow or presence; the state, feeling, or sentiment of a market; a sort of “aura” or “chi” radiated from people or things that denotes their nearby presence	N2
下品	げひん	beastly, primitive; mean, vile, ignoble, despicable, vulgar, disgusting	N2
煙い	けむい	smoky	N2
蹴る	ける	to kick (something); to leave a place, particularly in a wild, angry, or violent fashion: to storm out (in the form 席を蹴る (seki o keru, “to kick one's seat”)); to reject	N2
険しい	けわしい	steep, rugged; grim, stern	N2
見学	けんがく	inspection; learning via observation; field trip; sitting out class; to inspect; to learn via observation; to go on a field trip; to sit out class	N2
謙虚	けんきょ	modest; modesty	N2
原稿	げんこう	manuscript; script; draft	N2
原産	げんさん	place of origin	N2
原始	げんし	primal, primeval; source (data etc.)	N2
研修	けんしゅう	work-related, in-service study and training; study and train for work	N2
厳重	げんじゅう	strict; rigor	N2
謙遜	けんそん	humility; speak with humility; humble	N2
県庁	けんちょう	prefectural office	N2
限度	げんど	A capacity of limitation; a limit, a limitation.	N2
現に	げんに	actually	N2
顕微鏡	けんびきょう	microscope	N2
原理	げんり	Principle.; A fundamental truth that bases on.; An eternal law that is common over lots of fact.; A basic fact which explains why something exists.; A basic scientific law which explains how a thing works, especially, that is quite primitive and have been found at very long ago; a principle.	N2
原料	げんりょう	raw material	N2
碁	ご	go (board game)	N2
恋しい	こいしい	longed for, missed, felt homesick for	N2
請う	こう	to ask, beg, request, entreat, appeal, solicit	N2
工員	こういん	factory worker	N2
強引	ごういん	coercive, forceful, pushy, aggressive, strong-arm; coercion, forcefully making someone or something act in a certain way	N2
公害	こうがい	pollution; public nuisance	N2
高級	こうきゅう	high-class; luxury; exclusive; high-ranking; high class, luxury; a high rank	N2
公共	こうきょう	public	N2
工芸	こうげい	industrial arts	N2
孝行	こうこう	filial piety; dutiful; to be good to one's parents	N2
交差	こうさ	crossing, intersection; crossover; cross, intersect	N2
講師	こうし	lecturer	N2
工事	こうじ	construction work; roadwork; do construction work; work on the roads	N2
公式	こうしき	formality, officiality; formula	N2
口実	こうじつ	excuse, pretext	N2
こうして	こうして	thus	N2
校舎	こうしゃ	school building, schoolhouse	N2
公衆	こうしゅう	public	N2
香水	こうすい	perfume, cologne	N2
公正	こうせい	fair; just; fairness; justice	N2
功績	こうせき	attainment, performance, achievement	N2
光線	こうせん	a ray of light; a spectrum	N2
高層	こうそう	being extremely high; being multistoried and tall	N2
構造	こうぞう	structure; construction	N2
交替	こうたい	alternation,change,relief,relay,shift	N2
耕地	こうち	arable land	N2
交通機関	こうつうきかん	transportation facilities	N2
校庭	こうてい	schoolyard	N2
肯定	こうてい	affirmation; affirm, answer yes	N2
高度	こうど	high-class, advanced; height, altitude; high class, high grade, high degree	N2
高等	こうとう	higher, advanced; high class; high grade	N2
合同	ごうどう	union, combination; congruence (of matrix, integer, shape); ellipsis of 合同誌; combine	N2
後輩	こうはい	a member of a younger class; someone born later, junior member of a group, kohai; the people towards the rear of a group	N2
公表	こうひょう	official announcement, proclamation; publication; to announce, to proclaim; to publish	N2
鉱物	こうぶつ	minerals	N2
公務	こうむ	public duty, official business	N2
項目	こうもく	item; article	N2
紅葉	こうよう	the turning (coloring) of leaves, especially in autumn; the colored leaves themselves; to turn (change color), especially during autumn; a female given name	N2
合理	ごうり	rationality, being rational	N2
交流	こうりゅう	exchange, interchange, intermingling with members of other groups, such as other cultures; alternating current; mingle, exchange, especially with members of other groups	N2
合流	ごうりゅう	confluence, merger; regrouping; come together, merge; regroup	N2
効力	こうりょく	effect	N2
超える	こえる	to exceed,to cross over,to cross	N2
コース	こーす	itinerary; course (stage of a meal); racecourse	N2
コーラス	こーらす	chorus	N2
焦がす	こがす	burn, char, scorch, sear	N2
国王	こくおう	king	N2
国籍	こくせき	nationality	N2
国立	こくりつ	national, nationally-owned (park, university, etc.)	N2
ごくろうさま	ごくろうさま	Thank you very much for your....	N2
焦げる	こげる	be burned	N2
凍える	こごえる	to freeze, to be cold	N2
心当たり	こころあたり	inkling (knowledge)	N2
心得る	こころえる	understand; be aware of; certainly	N2
腰掛け	こしかけ	seat; temporary job while looking for a better job or until one marries	N2
腰掛ける	こしかける	to sit down	N2
五十音	ごじゅうおん	all Japanese morae that can be spelled with 45 single modern kana and 2 historical kana (ゐ/ヰ and ゑ/ヱ) customarily without diacritical marks (゛ and ゜), excluding っ and ん, arranged in a 5x10 table (五十音図 (gojūonzu, literally “table of the fifty sounds”)), used for phonological and grammatical analysis	N2
胡椒	こしょう	pepper	N2
こしらえる	こしらえる	拵える: make; prepare; manufacture	N2
超す	こす	alternative form of 越す	N2
擦る	こする	to rub; to scrub, to scour; to scrape, to scratch	N2
個体	こたい	an individual living thing; the individual	N2
御馳走	ごちそう	treat, banquet, feast	N2
ごちそうさま	ごちそうさま	feast	N2
こちらこそ	こちらこそ	I'm the one that should really be saying that.	N2
小遣い	こづかい	clipping of 小遣い銭: pocket money	N2
コック	こっく	chef; cook; cock; tap, valve, spigot; male bird, rooster; penis	N2
こっそり	こっそり	stealthily, in secret	N2
古典	こてん	a classic	N2
琴	こと	koto: a Japanese zither derived from the Chinese guzheng; guzheng: a Chinese zither on which the koto was based; a female given name; a surname	N2
言付ける	ことづける	alternative form of 言いつける	N2
言葉遣い	ことばづかい	expression, wording, way of speaking	N2
こないだ	こないだ	contraction of このあいだ (kono aida): the other day, a recent time	N2
御無沙汰	ごぶさた	not writing or contacting for a while	N2
こぼす	こぼす	to spill	N2
零れる	こぼれる	to spill; to scatter; to roll; to overflow; to escape	N2
ゴム	ごむ	rubber (pliable material derived from the sap of the rubber tree); short for 消しゴム (keshi-gomu, “rubber (eraser)”); short for ヘアゴム (hea-gomu, “hair tie, scrunchie”); condom; Qom (a city in Iran); Qom (a province of Iran)	N2
御免	ごめん	something one wants to have no involvement in; clipping of 御免なさい (gomennasai, “I'm sorry”)	N2
ごめんください	ごめんください	May I come in?	N2
小指	こゆび	a little finger	N2
こらえる	こらえる	bear, put up with, stand, endure	N2
娯楽	ごらく	entertainment	N2
御覧	ごらん	(hon) look,inspection,try	N2
コレクション	これくしょん	collection	N2
転がす	ころがす	roll	N2
転がる	ころがる	roll over, turn over, roll	N2
紺	こん	navy blue, dark blue	N2
コンクール	こんくーる	contest	N2
コンクリート	こんくりーと	concrete (building material)	N2
混合	こんごう	mixture, blend; to mix, to blend, to meld	N2
コンセント	こんせんと	a wall socket; an outlet	N2
献立	こんだて	menu (of food); schedule, program	N2
こんばんは	こんばんは	good evening	N2
サークル	さーくる	circle (geometric shape); circle (group of people with a common goal or interest); circle (group that produces dōjin works)	N2
在学	ざいがく	current enrollment in school; to be currently enrolled in school	N2
再三	さいさん	again and again	N2
祭日	さいじつ	national holiday	N2
催促	さいそく	demand; urging; to demand; to urge	N2
採点	さいてん	marking, scoring; to mark, to score	N2
災難	さいなん	disaster	N2
裁縫	さいほう	needlework; sewing	N2
材木	ざいもく	material wood, (UK) timber, (US) lumber – wood that has been pre-cut and is ready for use in construction.	N2
サイレン	さいれん	siren (device for making a sound alarm)	N2
逆さ	さかさ	backwards, upside-down, inverted, reversed	N2
逆様	さかさま	upside down, topsy turvy; inversion	N2
捜す	さがす	探す: search - common; 捜す: search, investigate - police investigation, rescue, etc.	N2
遡る	さかのぼる	go back, extend back (in time), stretch back; advance against the flow of water; go upstream	N2
酒場	さかば	a bar, a saloon, a pub	N2
さきおととい	さきおととい	two days before yesterday	N2
先程	さきほど	先ほど, 先程: just now	N2
裂く	さく	to tear; to cut open	N2
索引	さくいん	index, indices, indexes	N2
作者	さくしゃ	the creator of a work, such as an author, writer, poet, or artist	N2
削除	さくじょ	deletion, erasure, removal; deletion; delete, erase, remove; delete	N2
作成	さくせい	production, creation; to produce, to create, to draw up, to prepare	N2
作製	さくせい	manufacture	N2
探る	さぐる	fumble for, feel around for; search, investigate; enjoy the scenery	N2
囁く	ささやく	to whisper; to murmur	N2
刺さる	ささる	to protrude, to stick out; to stick into/pierce something; to deeply impress or influence someone's mind	N2
匙	さじ	spoon, scoop used for food; more specifically, a spoon or scoop used for compounding medicine; by extension, medicine; by further extension, a doctor	N2
座敷	ざしき	a traditional Japanese-style room with tatami flooring, or in older times, with wood flooring and mats or cushions for sitting upon; such a room used as a parlor to receive guests; by extension from the meaning of entertaining guests:; a seat at a feast or party; an invitation to a feast or party; a feast or party; used by geisha and other entertainers, meaning a customer or patron; the audience of a Noh performance	N2
差し支え	さしつかえ	hindrance; obstruction; inconvenience	N2
差し引き	さしひき	deduction,subtraction,balance,ebb and flow,rise and fall	N2
刺身	さしみ	sashimi, a dish of sliced raw fish or meat.	N2
刺す	さす	pierce; stab; stick; sting; bite; cause a sharp or stabbing sensation in (such as pain or smell); tag out	N2
挿す	さす	insert	N2
注す	さす	pour; serve drinks; alternative form of 差す	N2
射す	さす	to shine (in, into)	N2
流石	さすが	as one would expect; Used to describe actions.; Used to praise (or satirically criticize).; even so, nevertheless, with that said; even, as ... as it is	N2
撮影	さつえい	filming, photographing; to shoot (a film), to photograph	N2
雑音	ざつおん	noise; murmur	N2
さっさと	さっさと	quickly	N2
早速	さっそく	immediately; promptly	N2
錆	さび	rust	N2
錆びる	さびる	to rust	N2
座布団	ざぶとん	Japanese cushion	N2
冷ます	さます	cool	N2
妨げる	さまたげる	obstruct, prevent, hinder, disturb	N2
冷める	さめる	to cool down; to lose romantic interest	N2
さようなら	さようなら	a final expression of departure; farewell, so long, adieu, goodbye; a non-final expression of departure: goodbye, au revoir; a farewell, a goodbye	N2
再来月	さらいげつ	the month after next	N2
再来週	さらいしゅう	the week after next	N2
再来年	さらいねん	the year after next	N2
サラリーマン	さらりーまん	a salaryman (male office worker)	N2
騒がしい	さわがしい	noisy; bustling	N2
さわやか	さわやか	fresh,refreshing,invigorating	N2
三角	さんかく	triangle	N2
算数	さんすう	arithmetic; calculation; to do arithmetic; to calculate	N2
酸性	さんせい	acidity	N2
産地	さんち	place of production; birthplace	N2
サンプル	さんぷる	sample	N2
山林	さんりん	mountains and forests; mountain forest	N2
仕上がる	しあがる	to be done, to be finished	N2
しあさって	しあさって	明明後日, 明々後日: two days after tomorrow	N2
シーズン	しーずん	season (a given period for sports, celebration, etc.); season (a group of episodes)	N2
シーツ	しーつ	bed sheet	N2
寺院	じいん	Buddhist temple, wat	N2
しいん	しいん	silent (as the grave),(deathly) quiet	N2
自衛	じえい	self-defense; to defend oneself on one's own from attack etc.	N2
塩辛い	しおからい	salty	N2
司会	しかい	chairperson; emcee; host; to serve as chairperson	N2
四角	しかく	square, rectangle; square, rectangular	N2
四角い	しかくい	square; rectangular; stilted, excessively formal, overly serious, as of speech	N2
時間割	じかんわり	timetable	N2
四季	しき	The four seasons	N2
敷地	しきち	site, premises, ground	N2
至急	しきゅう	forthwith, ASAP; emergency, urgent case	N2
敷く	しく	to spread, to lay; to install; to equal; to match; to be comparable with; to rival	N2
茂る	しげる	grow thickly, be luxurious	N2
持参	じさん	carrying, bringing, taking; to bring, to carry, to take	N2
磁石	じしゃく	magnet	N2
四捨五入	ししゃごにゅう	rounding to the closest number (in the decimal notation, .4 being rounded down, .5 being rounded up)	N2
始終	しじゅう	beginning to end, continuously; finally; the beginning and the end; conclusion	N2
自習	じしゅう	self-study; teaching oneself (while the teacher is not present); to study by oneself (while the teacher is not present)	N2
静まる	しずまる	quiet down	N2
姿勢	しせい	posture (how one holds one's body)	N2
自然科学	しぜんかがく	natural science	N2
時速	じそく	speed per hour	N2
子孫	しそん	descendant, scion	N2
死体	したい	a dead body; a cadaver	N2
下書き	したがき	下書き, 下書: rough draft of a text; 下描き, 下描: rough sketch of a drawing; 下書き, 下書: to make a rough draft of a text; 下描き, 下描: to make a rough sketch of a drawing	N2
下町	したまち	a low-lying area of a city; a traditionally working-class area of Tokyo including Asakusa, Shitaya, Kanda, Nihombashi, Kyobashi, Honjo, and Fukagawa	N2
自治	じち	self-government	N2
実感	じっかん	actual feeling; the feeling when it hits one, the feeling of something when it sinks in or registers	N2
湿気	しっけ	humidity	N2
湿気	しっき	humidity	N2
しつこい	しつこい	very thick (used for the flavor, smell, etc. of something); persistent; nagging	N2
実習	じっしゅう	practice; training; drill	N2
実績	じっせき	achievements; actual results	N2
湿度	しつど	level of humidity	N2
執筆	しっぴつ	professional writing; write, contribute to a publication	N2
実物	じつぶつ	real thing; original	N2
しっぽ	しっぽ	tail (animal)	N2
実用	じつよう	practical use; utility	N2
実力	じつりょく	merit, true ability; force	N2
実例	じつれい	example; illustration	N2
失恋	しつれん	unrequited love, a broken heart; hopeless romantic; to suffer a broken heart	N2
指定	してい	naming; designation; specification; to name; to designate; to specify	N2
私鉄	してつ	private railway	N2
児童	じどう	pupil, student (a child who goes to elementary school); minor, child, juvenile; person under 18 years of age under the Japanese Child Welfare Law; person under 20 years of age under the Japanese Mother and Child, Father and Child, and Widows Welfare Law	N2
縛る	しばる	to bind, to tie, to gird	N2
地盤	じばん	stronghold; base; (the) ground	N2
しびれる	しびれる	to become numb,to go to sleep (i.e., a limb)	N2
紙幣	しへい	paper money; bill, note, banknote	N2
しぼむ	しぼむ	萎む, 凋む: wither, fade, wilt, sag	N2
絞る	しぼる	to wring, press, squeeze; to reduce/lower loudness of a sound	N2
縞	しま	stripe	N2
地味	じみ	plain, simple; quiet, subdued; plainness; quietness	N2
しみじみ	しみじみ	keenly,deeply,heartily	N2
氏名	しめい	a full name	N2
締切	しめきり	closing day, deadline; Closed, No Entrance	N2
締め切る	しめきる	to shut up (a door, window, etc.); to end; to close; to terminate (due to a deadline, etc.)	N2
湿る	しめる	be damp, be wet	N2
ジャーナリスト	じゃーなりすと	journalist	N2
社会科学	しゃかいかがく	social science	N2
しゃがむ	しゃがむ	to crouch (down), to squat (down)	N2
蛇口	じゃぐち	a tap; a faucet	N2
弱点	じゃくてん	weak point, weakness, shortcoming	N2
車庫	しゃこ	garage	N2
車掌	しゃしょう	train conductor	N2
写生	しゃせい	sketch; to sketch	N2
社説	しゃせつ	editorial	N2
しゃっくり	しゃっくり	hiccough,hiccup	N2
シャッター	しゃったー	camera shutter; window shutter or roll-up door	N2
しゃぶる	しゃぶる	suck	N2
車輪	しゃりん	wheel	N2
洒落	しゃれ	wittiness, refinement, stylishness, easygoing-ness; stylish and fashionable dress, good style in one's clothing; short for 洒落女 (share onna): an unlicensed prostitute during the Edo period; a witticism, a bon mot, a joke; playing around in a red-light district; playing around in general, jesting, joshing; something attractive, cool, interesting (compare English shiny)	N2
じゃんけん	じゃんけん	(n) rock-scissors-paper game	N2
集会	しゅうかい	assembly, congregation; assemble	N2
住居	じゅうきょ	dwelling; house; residence; address; living at; dwelling; residing; to live at; to dwell; to reside	N2
集金	しゅうきん	collection of money; collect money, collect a bill	N2
集合	しゅうごう	gathering, assembly; an assortment; set; gather, assemble, aggregate	N2
習字	しゅうじ	calligraphy practice	N2
修繕	しゅうぜん	repair; mend; renovate	N2
重体	じゅうたい	seriously ill; serious illness, serious condition, critical state	N2
絨毯	じゅうたん	carpet, rug	N2
終点	しゅうてん	terminus, terminal station, last stop	N2
重点	じゅうてん	important point	N2
就任	しゅうにん	inauguration; be inaugurated, assume office	N2
周辺	しゅうへん	periphery, outskirts, circumference, surrounding portion, edges; peripheral; circumference	N2
重役	じゅうやく	director,high executive	N2
終了	しゅうりょう	end; conclusion; finish; to end; to conclude; to close; to finish	N2
重量	じゅうりょう	weight	N2
重力	じゅうりょく	gravity, gravitational force; considerable strength or power	N2
熟語	じゅくご	a kanji compound made by combining two or more kanji characters; a Sino-Xenic term; a compound word made by combining two or more words; idiom	N2
祝日	しゅくじつ	national holiday	N2
縮小	しゅくしょう	minification, condensation; shortening; reduction, curtailment, cut; minify, condense; shorten; reduce, curtail, cut down	N2
受験	じゅけん	taking an exam, especially an entrance exam; take an exam, especially an entrance exam	N2
主語	しゅご	subject	N2
出勤	しゅっきん	going to work; to go to work	N2
述語	じゅつご	predicate	N2
出張	しゅっちょう	business trip; to go somewhere on business	N2
寿命	じゅみょう	age (whole duration of a being), lifespan; being at the end of one's lifespan	N2
主役	しゅやく	leading role, leading part; leading actor, star	N2
受話器	じゅわき	telephone receiver	N2
循環	じゅんかん	circulation; circulation of blood etc.; circulate; for blood to circulate	N2
巡査	じゅんさ	police officer (lowest police rank)	N2
順々	じゅんじゅん	(in) turn, (in) order	N2
順序	じゅんじょ	order, sequence; system, procedure	N2
純情	じゅんじょう	innocent, pure in heart; innocence, purity of heart	N2
純粋	じゅんすい	pure, unmixed, genuine; selfless, pure; innocent; purity; selflessness, purity; innocence	N2
消化	しょうか	digestion; assimilation; consumption; to digest	N2
小学生	しょうがくせい	schoolchildren, schoolboy, schoolgirl (specifically those who attend elementary school)	N2
しょうがない	しょうがない	of no use, impossible; hopeless, doomed, screwed; unavoidable, inevitable; impossible or difficult (to deal with); too, simply, so; impossibly, overwhelmingly; it can't be helped; that's life	N2
将棋	しょうぎ	shogi (Japanese chess); any of several shogi variants that are (or have been) played in Japan and elsewhere; 象棋: xiangqi, Chinese chess; any other chess variant, such as Western chess, chaturanga, janggi (Korean chess), shatranj, makruk, etc.	N2
蒸気	じょうき	vapor; vapour; steam (water vapor)	N2
定規	じょうぎ	straightedge (instrument for drawing lines)	N2
上級	じょうきゅう	superiority; upper class; advanced level	N2
商業	しょうぎょう	commerce; business; trade	N2
消極的	しょうきょくてき	passive, inactive, timid	N2
賞金	しょうきん	prize money	N2
上下	じょうげ	the high and the low, the upper and the lower; a suit, a set of clothing consisting of garments for the upper and lower body; rising and falling, ascent and descent; the city and the country (the city is considered “up”); north and south (north is considered “up”); volumes one and two of a two-volume book or other document; roundtrip travel on a river, going both upstream and downstream; high rank and low rank; the nobility and the commoners; the lord and the ministers; the old and the young; an exchange of words, a discussion, question and answer; to rise and fall, to ascend and descend; to travel roundtrip on a river, going both upstream and downstream; to exchange words, to discuss, to question and answer	N2
障子	しょうじ	paper sliding doors	N2
商社	しょうしゃ	trading company	N2
乗車	じょうしゃ	getting on a train, bus, or getting in car; boarding; get on a train, bus, or get in a car	N2
上旬	じょうじゅん	the first 10 days of the month	N2
生ずる	しょうずる	sprout; produce, yield	N2
小数	しょうすう	decimal fraction, decimal, fraction	N2
商店	しょうてん	shop; store; retail shop	N2
焦点	しょうてん	focal point	N2
消毒	しょうどく	disinfection	N2
勝敗	しょうはい	victory or defeat, the outcome	N2
蒸発	じょうはつ	evaporation; vaporization; sudden disappearance of a person; to evaporate; to vaporize; of a person, to suddenly disappear	N2
賞品	しょうひん	prize, trophy	N2
勝負	しょうぶ	a competition; a game; a match; victory or defeat, the outcome of a match; compete; have a match	N2
小便	しょうべん	urine, piss, pee; to urinate	N2
消防署	しょうぼうしょ	fire station, fire department, firehouse	N2
正味	しょうみ	net (weight, price)	N2
正面	しょうめん	front, façade (as of a building); direct front side of something; straightforwardness, directness (especially in dealing with something); the front of the main stage; the north side of the 土俵場 (dohyōba, “the raised square wrestling ring”); in the Shinagawa area of Edo, the front area of a brothel where prostitutes would show off and attract customers	N2
消耗	しょうもう	dissipation, exhaustion; wearing out; to consume, to use up, to exhaust (resources); to wear out	N2
醤油	しょうゆ	soy sauce	N2
省略	しょうりゃく	omission, deletion; abbreviation, shortening; to omit, to delete; to abbreviate, to shorten	N2
初級	しょきゅう	elementary level, beginning grade, beginner's class	N2
助教授	じょきょうじゅ	assistant professor	N2
食塩	しょくえん	table salt	N2
職人	しょくにん	craftsperson, artisan, worker	N2
初旬	しょじゅん	first 10 days of the month	N2
書籍	しょせき	book	N2
食器	しょっき	tableware	N2
ショップ	しょっぷ	a shop	N2
書店	しょてん	bookstore, bookshop; book publisher	N2
書道	しょどう	Japanese calligraphy	N2
白髪	しらが	white hair, grey hair	N2
知合い	しりあい	alternative form of 知り合い	N2
シリーズ	しりーず	series	N2
私立	しりつ	private (e.g. institution)	N2
資料	しりょう	written resources, data, documents, information	N2
汁	しる	juice; soup; alternative form of しろ (imperative of する)	N2
素人	しろうと	amateur, novice; respectable woman (one who is not a prostitute, geisha, or hostess); unlicensed prostitute	N2
芯	しん	core, heart; pencil lead; wick	N2
新幹線	しんかんせん	shinkansen (Japanese high-speed railway line); shinkansen (high-speed passenger train which runs on such a line; a bullet train)	N2
真空	しんくう	vacant, empty; vacuum: a region of space that contains no matter, a void; a blank, an empty slate; sunyata: void, emptiness, non-existence; also, in the early Buddhist schools, enlightenment, nirvana	N2
信ずる	しんずる	believe, put trust in	N2
心身	しんしん	mind and body; psychosomatic.	N2
申請	しんせい	application; apply	N2
人造	じんぞう	artificial, man-made, synthetic	N2
寝台	しんだい	bed; berth	N2
診断	しんだん	diagnosis; to diagnose, to make a diagnosis	N2
侵入	しんにゅう	penetration; invasion; trespassing; to invade; to break in; to trespass	N2
人文科学	じんぶんかがく	social sciences,humanities	N2
人命	じんめい	human life	N2
深夜	しんや	midnight, late night	N2
森林	しんりん	forest, timber	N2
親類	しんるい	relative, kin	N2
針路	しんろ	course, bearing	N2
神話	しんわ	myth; mythology (divine story); myth (baselessly absolutized concept)	N2
酢	す	vinegar	N2
水産	すいさん	marine products; fisheries	N2
炊事	すいじ	cooking; cook	N2
水蒸気	すいじょうき	water vapor, water vapour; steam	N2
水素	すいそ	hydrogen (chemical element); hydrogen (molecular hydrogen)	N2
垂直	すいちょく	vertical, perpendicular; the vertical	N2
推定	すいてい	estimation; inference, presumption; estimate; infer, presume	N2
水滴	すいてき	drop of water	N2
水筒	すいとう	water bottle; canteen	N2
随筆	ずいひつ	an essay	N2
水分	すいぶん	moisture	N2
水平	すいへい	lateral; horizontal; level; horizontality	N2
水平線	すいへいせん	horizon on water; a horizontal or level line (perpendicular to the force of gravity)	N2
水曜	すいよう	planet Mercury; Wednesday	N2
ずうずうしい	ずうずうしい	impudent,shameless	N2
ずうっと	ずうっと		N2
末っ子	すえっこ	youngest child	N2
スカーフ	すかーふ	light scarf, usually rectangular	N2
図鑑	ずかん	an illustrated reference book such as a field guide, bestiary, guide book, or picture book	N2
杉	すぎ	Japanese cedar (Cryptomeria japonica); a surname; alternative spelling of 過ぎ (“excessively, form of 過ぎる (sugiru)”)	N2
好き嫌い	すききらい	likes and dislikes; pickiness	N2
好き好き	すきずき	matter of taste	N2
透き通る	すきとおる	to be transparent, can be seen through	N2
隙間	すきま	crevice, crack, gap	N2
スクール	すくーる	school (a place of learning); school (a particular doctrine)	N2
すくなくとも	すくなくとも	少なくとも: at least	N2
図形	ずけい	figure, diagram; graph; figure	N2
スケジュール	すけじゅーる	schedule	N2
鈴	すず	a bell, chime; synonym of 駅鈴 (ekirei): station bells issued to 駅使 (ekishi); 鐸: a large wind chime, a hanging bell with a clapper; a female given name; a surname	N2
涼む	すずむ	cool off, cool down	N2
スタート	すたーと	a start; start! begin!	N2
スチュワーデス	すちゅわーです	a stewardess (female flight attendant)	N2
すっきり	すっきり	refreshed; clean, clear, neat way; feel refreshed, feel better; be clean, neat, clear, tight	N2
すっぱい	すっぱい	sour,acid	N2
ステージ	すてーじ	stage, a place for performance; performance on stage; stage, level	N2
棄てる	すてる		N2
ストッキング	すとっきんぐ	stocking (garment)	N2
ストップ	すとっぷ	stoppage; a stop or register in an organ or similar musical instrument; stop!	N2
素直	すなお	honest, direct, frank; tractable, flexible (personality); mildness; tractability, obedience	N2
頭脳	ずのう	brains (intellect)	N2
スピーカー	すぴーかー	speaker, a person giving a talk; speaker, an electronic device	N2
図表	ずひょう	chart	N2
スマート	すまーと	slim, trim, slender; stylish	N2
住まい	すまい	residence, dwelling, one's shelter; life, habitation, the act of living in a place	N2
すまない	すまない	sorry (phrase)	N2
墨	すみ	inkstick; ink; India ink	N2
澄む	すむ	become clear, become transparent; for the weather to clear up; for sound to become clear; for emotions to become tranquil	N2
清む	すむ		N2
相撲	すもう	sumo (Japanese traditional wrestling); short for 相撲取り (sumōtori): a sumo wrestler; short for 相撲の節 (Sumō no Sechi) or 相撲の節会 (Sumō no Sechie): in the Heian period, a special ceremonial sumo match held in July to help ensure a good harvest; a surname	N2
スライド	すらいど	a slide, a slip; a change in value; slide for a microscope	N2
ずらす	ずらす	to shift, to move	N2
ずらり	ずらり		N2
刷る	する	print	N2
狡い	ずるい	sly, crafty, dishonest, sneaky; unfair	N2
すれちがう	すれちがう	to pass by one another,to disagree	N2
ずれる	ずれる	slip, get out of alignment	N2
寸法	すんぽう	dimensions, size, magnitude	N2
姓	せい	surname, family name; clan	N2
税関	ぜいかん	customs house; customs (government department)	N2
製作	せいさく	manufacture; produce, make, manufacture	N2
制作	せいさく	production; produce	N2
性質	せいしつ	a person's nature or disposition; original characteristic of a thing; a property; a nature	N2
清書	せいしょ	rewriting of handwritten drafts; rewriting in a cleaner hand; copy out, write the final copy; rewrite in a cleaner hand	N2
青少年	せいしょうねん	a youth or young person	N2
整数	せいすう	an integer	N2
清掃	せいそう	cleaning; clean	N2
生存	せいぞん	living, life; live, exist	N2
生長	せいちょう	growth, development; to grow, to develop	N2
政党	せいとう	a political party	N2
生年月日	せいねんがっぴ	date of birth	N2
性能	せいのう	performance, efficiency	N2
整備	せいび	improvement; outfitting, being equipped for; service, maintenance; to equip, to provide with; to put in good condition; to service	N2
成分	せいぶん	ingredient; entity	N2
性別	せいべつ	sex, gender	N2
正方形	せいほうけい	regular square, regular tetragon	N2
正門	せいもん	the main gate	N2
成立	せいりつ	birth; formation; coming into existence; approval; to form; to be born; to come into existence; to gain approval	N2
西暦	せいれき	the western calendar; anno Domini, AD; Common Era, CE	N2
背負う	せおう	to be burdened with, to carry on back or shoulder	N2
赤道	せきどう	equator	N2
折角	せっかく	at great pains, going to great trouble	N2
接近	せっきん	getting closer, approaching; to get close, to approach	N2
接する	せっする	to come in contact with, to touch; to attend to	N2
せっせと	せっせと	diligently; persistently; assiduously; industriously; continually	N2
接続	せつぞく	connection; clipping of 接続詞: conjunction; connect	N2
瀬戸物	せともの	earthenware, china	N2
ぜひとも	ぜひとも	是非とも, 是非共: by all means (with the sense of not taking \"no\" for an answer)	N2
迫る	せまる	to approach, reduce spatial or temporal distance; to press, compel, urge	N2
ゼミ	ぜみ	short for ゼミナール (zemināru, “seminar”)	N2
せめて	せめて	at least	N2
攻める	せめる	to attack; to assault; to take a risky and bold approach	N2
セメント	せめんと	cement (a powdered substance)	N2
栓	せん	stopper; cork; bung; plug	N2
前後	ぜんご	front and behind; right before and after; consequences; about, around; to invert the order	N2
洗剤	せんざい	detergent	N2
全集	ぜんしゅう	complete works (of someone)	N2
全身	ぜんしん	the whole body, head to toe	N2
扇子	せんす	a hand-held folding fan: a hand-held device consisting of concertinaed material, or slats of material, gathered together at one end, that may be opened out into the shape of a sector of a circle and waved back and forth to generate a breeze	N2
専制	せんせい	despotism, autocracy (government by a singular authority)	N2
先々月	せんせんげつ	the month before last; two months ago	N2
先々週	せんせんしゅう	the week before last; two weeks ago; the week before last	N2
先祖	せんぞ	ancestor	N2
先端	せんたん	pointed end; the tip	N2
センチ	せんち	centi-; clipping of センチメートル (senchimētoru, “centimeter”); clipping of センチメンタル (senchimentaru, “sentimental”)	N2
宣伝	せんでん	advertisement, publicity; propaganda; to advertise	N2
先頭	せんとう	head, front, lead, first	N2
全般	ぜんぱん	something as a whole	N2
扇風機	せんぷうき	a fan (electrical device)	N2
線路	せんろ	railway, railroad	N2
相違	そうい	incompatibility, discrepancy, difference; be incompatible; be different from, disagree with	N2
そういえば	そういえば	come to mention it	N2
雑巾	ぞうきん	cleaning cloth	N2
増減	ぞうげん	increase and decrease, fluctuation; fluctuate	N2
倉庫	そうこ	warehouse	N2
相互	そうご	mutual, reciprocal	N2
創作	そうさく	creation, especially a literary or otherwise artistic work; fully original work, as opposed to a derivative fanwork; to compose, to create, to produce, to invent	N2
葬式	そうしき	funeral (ceremony to honour a deceased person)	N2
造船	ぞうせん	shipbuilding; to build a ship	N2
騒々しい	そうぞうしい	noisy, boisterous	N2
増大	ぞうだい	increase (increased amount), enlargement; increase (become larger)	N2
そうっと	そうっと		N2
送別	そうべつ	farewell, send-off	N2
草履	ぞうり	a type of flat, thonged sandal	N2
総理大臣	そうりだいじん	prime minister of Japan	N2
送料	そうりょう	postage, cost of shipping	N2
属する	ぞくする	entrust; fall under	N2
続々	ぞくぞく	簇簇: (rare reading) grouped together, bunched up; shiveringly, with a shudder; to shiver, to feel a chill, as from cold or fear; to be vibrating as from joy or excitement; to shudder from fear, to have the creeps; 続々, 続続: successively, one after another	N2
速達	そくたつ	express delivery; deliver express	N2
測定	そくてい	measurement; measure	N2
測量	そくりょう	measurement; surveying; to survey; to measure	N2
速力	そくりょく	speed	N2
素質	そしつ	the makings, personal qualities, talents, tendencies	N2
祖先	そせん	ancestor	N2
そそっかしい	そそっかしい	careless, thoughtless	N2
卒直	そっちょく	frankness,candour,openheartedness	N2
具える	そなえる	alternative form of 備える	N2
そのうえ	そのうえ	in addition; furthermore; on top of (which)	N2
そのころ	そのころ		N2
そのため	そのため	hence,for that reason	N2
そのほか	そのほか	otherwise	N2
蕎麦	そば	buckwheat; soba, soba noodle, a variety of Japanese noodle made from buckwheat; a kind of low, flat, broad tea bowl, originally produced on the Korean peninsula and favored in tea ceremony, so called for the color of the glaze; a night-time streetwalker (specifically an unlicensed prostitute); from the way that night-time sellers of soba noodles via food carts would walk the streets in search of customers; sixteen of something (when counting); from the way that a length of 16 文 (mon, a traditional Japanese unit of length; 1 mon = approximately 2.4cm) worth of soba noodles would fill a single serving bowl	N2
剃る	そる	shave facial hair or body hair	N2
それなのに	それなのに		N2
逸れる	それる	to go astray, to miss	N2
揃う	そろう	be all together in one place; for all parts of a set to be all present, complete; match, be in agreement	N2
揃える	そろえる	gather, collect; put in order; potential of 揃う (sorou)	N2
算盤	そろばん	an abacus	N2
存じる	ぞんじる	to think, feel, know; to be aware of, know	N2
存ずる	ぞんずる		N2
損得	そんとく	loss and gain	N2
田ぼ	たんぼ	paddy field,farm	N2
第一	だいいち	first, foremost, number one	N2
大学院	だいがくいん	graduate school	N2
大工	だいく	carpenter; master carpenter; carpenter associated with the 木工寮 (Mokkō-ryō, “Bureau of Woodworking”) who worked on governmental construction and maintenance projects	N2
体系	たいけい	system	N2
太鼓	たいこ	a drum; more specifically, one of various sizes of traditional Japanese drums; a drumbeat, the sound of a drum as a signal	N2
対策	たいさく	plan, measure, step, countermeasure	N2
大して	たいして	(not so) much,(not) very	N2
対照	たいしょう	contrast, comparison, antithesis; control (as in an experiment); to compare	N2
大小	だいしょう	large and small; daisho (a traditional Japanese pair of swords, consisting of the larger katana and smaller wakizashi); a pair of taiko drums, consisting of one large and one small taiko; long months and short months:; in the lunar calendar, long months of 30 days and short months of 29 days; in the solar calendar, long months of 31 days and short months of 30 days or less	N2
体制	たいせい	system, status quo	N2
体積	たいせき	volume, capacity	N2
大層	たいそう	exaggerated; large-scale, vast, magnificent; extremely	N2
体操	たいそう	gymnastics, exercises, calisthenics; physical education, PE (replaced by the term 体育 (taiiku)); do gymnastics, exercises, calisthenics	N2
大分	だいぶん	much, many; more than expected, extremely, considerably; a large amount, a great deal; Ōita (the capital city of Ōita Prefecture, Japan); a prefecture in eastern Kyushu, Japan	N2
大木	たいぼく	large tree	N2
題名	だいめい	title	N2
代名詞	だいめいし	pronoun; synonym	N2
タイア	たいあ	alternative form of タイヤ	N2
ダイヤグラム	だいやぐらむ	diagram: a schedule for a form of transportation such as a train or airplane, especially in the sense of an internal document listing the duties of a specific vehicle or crew	N2
ダイヤモンド	だいやもんど	diamond	N2
ダイヤル	だいやる	a dial; dialling	N2
対立	たいりつ	opposition; conflict, hostility; to stand each other; to be opposed to; to conflict with; to be hostile to	N2
田植え	たうえ	rice planting	N2
絶えず	たえず	constantly, continually, all the time	N2
楕円	だえん	an ellipse	N2
高める	たかめる	raise, lift; heighten, improve, elevate	N2
耕す	たがやす	to till, plough	N2
滝	たき	waterfall; rapids; A placename.; a surname	N2
炊く	たく	to cook grains, especially rice; to boil	N2
焚く	たく	to burn/light a fire; to throw into a fire; to smoke; 炊く: to cook food through a fire; to boil; to heat water; to instigate; use (a flash); to drink saké	N2
蓄える	たくわえる	to store, to lay in stock, to lay away	N2
竹	たけ	bamboo; a bamboo shoot; a wind instrument made using bamboo; a 家紋 (kamon, “family crest”) consisting of a bird on a bamboo tree and various bamboo rings; a maidservant (due to being used as the stock name for a maidservant in novels of the early modern era); the middle of a 3-tier ranking system	N2
助かる	たすかる	to escape from danger or trouble	N2
但し	ただし	however	N2
畳む	たたむ	fold, especially fold clothes; close down a shop or business (permanently)	N2
立ち止まる	たちどまる	to stop and stand still	N2
たちまち	たちまち	at once, in no time at all, in a moment, in a twinkling, immediately, suddenly, all at once, right away; unexpectedly, suddenly, abruptly; actually, really, truly, genuinely	N2
建つ	たつ	be founded, be constructed; be built; go up	N2
発つ	たつ	to depart, such as on a train	N2
脱線	だっせん	derailment; to derail	N2
妥当	だとう	proper, right, appropriate, valid; propriety	N2
例える	たとえる	compare, liken	N2
頼もしい	たのもしい	reliable, trustworthy	N2
足袋	たび	tabi: traditional Japanese socks with a separation between the big toe and the other toes, to allow for the thong of 下駄 (geta, “traditional Japanese wooden clogs”), 草履 (zōri, “traditional Japanese straw sandals”), and other traditional Japanese footwear	N2
ダブル	だぶる	double; a person with two nationalities; a biracial person	N2
だます	だます	to trick,to cheat,to deceive	N2
溜まる	たまる	to gather, to accumulate	N2
ダム	だむ	a dam	N2
溜息	ためいき	ため息, 溜め息, 溜息: sigh	N2
ためらう	ためらう	to hesitate	N2
溜める	ためる	amass, accumulate, collect; let pile up	N2
だらしない	だらしない	slovenly, loose, sluttish, untidy	N2
足る	たる	to suffice, to be enough	N2
段階	だんかい	stage, level	N2
短期	たんき	short term	N2
炭鉱	たんこう	coal mine	N2
短所	たんしょ	demerit, failing, shortcoming	N2
たんす	たんす	箪笥: chest of drawers	N2
淡水	たんすい	fresh water	N2
断水	だんすい	water outage; to cut off the water supply, to have a water outage	N2
単数	たんすう	singularity, there being only one of something; the singular number	N2
団地	だんち	multi-unit apartments, apartment complex	N2
断定	だんてい	decision; to conclude to do, to decide	N2
短編	たんぺん	short stories	N2
誓う	ちかう	to swear, to pledge, to make an oath, to vow	N2
地下水	ちかすい	underground water	N2
近々	ちかぢか	soonness; soon; before long	N2
近付ける	ちかづける	to bring near; to keep close; to associate with; to get close to (a goal)	N2
近寄る	ちかよる	approach, come closer	N2
力強い	ちからづよい	powerful, strong, forceful; reassuring, encouraging	N2
千切る	ちぎる	tear up, tear to pieces; tear off, pluck	N2
地質	ちしつ	geological features	N2
知人	ちじん	acquaintance	N2
地帯	ちたい	area, zone; climate, latitude	N2
縮む	ちぢむ	to shrink (to contract, to become smaller)	N2
縮める	ちぢめる	shorten, shrink	N2
縮れる	ちぢれる	to be curly; to be frizzled; to be wavy; to be corrugated	N2
チップ	ちっぷ	a tip; a gratuity; woodchip	N2
地点	ちてん	site, point on a map, spot	N2
地名	ちめい	placename, toponym	N2
茶色い	ちゃいろい	brown	N2
着々	ちゃくちゃく	steadily	N2
茶碗	ちゃわん	teacup, a Japanese style tea vessel; rice bowl	N2
中間	ちゅうかん	middle, midway	N2
中旬	ちゅうじゅん	the middle 10 days of the month	N2
抽象	ちゅうしょう	abstraction; to grasp the abstract points	N2
中世	ちゅうせい	Middle Ages; Short for 中世日本語: Late Middle Japanese	N2
中性	ちゅうせい	neuter gender; neutrality; androgyne	N2
中途	ちゅうと	halfway, midway	N2
中年	ちゅうねん	middle age	N2
超過	ちょうか	excess; exceed	N2
彫刻	ちょうこく	a sculpture; an engraving; a carving; sculpt; engrave; carve	N2
長所	ちょうしょ	strong point, merit, advantage	N2
長女	ちょうじょ	the eldest of all of a family's daughters	N2
調整	ちょうせい	coordination; regulation; adjustment; to adjust	N2
調節	ちょうせつ	regulation, adjustment; regulate, adjust	N2
長短	ちょうたん	long and short; length; good and bad points	N2
頂点	ちょうてん	top, peak, summit, vertex; vertex; apex	N2
長男	ちょうなん	the eldest of all of a family's sons	N2
長方形	ちょうほうけい	rectangle	N2
調味料	ちょうみりょう	seasoning, flavoring material	N2
チョーク	ちょーく	chalk	N2
直後	ちょくご	immediately following; the period of time immediately afterwards	N2
直線	ちょくせん	straight line	N2
直前	ちょくぜん	directly in front, directly ahead; just before; to go straight ahead; to proceed immediately	N2
直通	ちょくつう	going directly; direct dialling; go direct	N2
直流	ちょくりゅう	direct current	N2
貯蔵	ちょぞう	the act of storing, storage; store	N2
直角	ちょっかく	a right angle	N2
直径	ちょっけい	diameter	N2
散らかす	ちらかす	to leave scattered; to leave in a messy state; to scatter or clutter; in a rough or rash manner	N2
散らかる	ちらかる	be scattered around, lie in disorder	N2
散らす	ちらす	to scatter; to disperse; to distract	N2
塵紙	ちりがみ	toilet paper; tissues, tissue paper	N2
散る	ちる	to become separated and scatter, such as leaves or blossoms	N2
追加	ついか	addition; supplement; to append; to add to	N2
序で	ついで	opportunity,occasion	N2
通貨	つうか	currency	N2
通勤	つうきん	commuting to work; commute to work, go to work	N2
通ずる	つうずる	lead to, connect with; reach (e.g. electricity, a phone call); be recognized; be understood; have a connection with another person; pass information secretly	N2
通知	つうち	notice, notification; report; posting; notify, inform	N2
通帳	つうちょう	bankbook, passbook	N2
通訳	つうやく	interpreting, interpretation: the facilitation of spoken conversation between two or more parties that do not all speak a common language; an interpreter: someone who interprets speech in the language of the speaker into the language of the listener; to interpret: to listen to speech in one language and then convey the meaning of that speech in the language of the listener	N2
通用	つうよう	common use; be in common use, be current	N2
通路	つうろ	route; associating with somebody, contact	N2
付合う	つきあう	to associate with,to keep company with,to get on with	N2
突き当たり	つきあたり	end (of a passage)	N2
突き当たる	つきあたる	run into; reach a dead end	N2
月日	つきひ	the moon and sun; time, years, days; daily life	N2
点く	つく	to be lit (e.g. electricity comes on); to be lighted; to catch fire	N2
突く	つく	poke, push, jab, prod, ram	N2
次ぐ	つぐ	come after, continue after something, follow, be next; be one rank lower than, be second to	N2
造る	つくる	alternative form of 作る	N2
着ける	つける	(1) to attach,to join,to add,to append	N2
点ける	つける	turn on	N2
浸ける	つける	alternative form of 漬ける	N2
伝わる	つたわる	to be conveyed, to be communicated	N2
突っ込む	つっこむ	thrust into, stuff, cram; plunge into; stick one's nose into; delve into, go deeply into; riposte	N2
務める	つとめる	to assume a role	N2
努める	つとめる	endeavor, strive for, make an effort	N2
綱	つな	rope; tsuna; ceremonial sumo belt	N2
繋がり	つながり	connection; relationship; bond	N2
繋がる	つながる	to connect, to be connected, to join, to be joined; to be related by blood; to be related to, to be involved with	N2
繋げる	つなげる	fasten, tie; connect, relate	N2
粒	つぶ	something round and small, such as a drop of grain or a bead; the seed of a grain; a black, hard seed obtained from the skin of a soapnut tree; synonym of 無患子 (mukuroji, “Indian soapberry (Sapindus mukoross)”); a small change of coins; the bead of an abacus; a person or thing who makes up a larger group of such; a beat of a percussion instrument during performances such as noh and nagauta; a wig used in kabuki plays whose chignon is small and round; synonym of 螺 (tsubu, “pond snail”, now dialectal); dice; die; used to count things that are round and small, such as seeds and pills; used to count 一分金 (ichibukin, “a currency equivalent to 1/4 of a 両 (ryō)”)	N2
潰す	つぶす	to smash, to crush, to break; to ruin; to destroy; to demolish; to wreck; to pull down; to ruin; drive into bankruptcy; to slaughter	N2
潰れる	つぶれる	to be ruined, crushed, smashed, destroyed, wrecked; to be ruined, to go bankrupt, to go under; to become dull; to be smashed; to be wasted (drunk)	N2
つまずく	つまずく	to stumble,to trip	N2
詰まる	つまる	be blocked; be packed, completely filled; shorten, become shorter; be unable to do (something) well, be stuck; arrive at one’s destination, be at the end; pronounce with a geminate consonant; hit a pitched ball with the portion of the bat near where the batter grips it	N2
積む	つむ	pile up	N2
爪	つめ	nail; claw	N2
艶	つや	gloss, lustre (UK)/luster (US)	N2
強気	つよき	confident, strong; bullish; confidence; bullishness	N2
釣り合う	つりあう	to balance, to be in harmony; match, go well together	N2
吊る	つる	hang	N2
吊す	つるす	to hang	N2
出合い	であい	出会い: encounter, meeting by chance	N2
手洗い	てあらい	hand washing, washing one's hands; washing by hand, as opposed to machine washing; a restroom, a toilet, a lavatory, a bathroom	N2
定員	ていいん	capacity (number of people allowed in an elevator, boat, building, etc.); any fixed number or quota of people	N2
定価	ていか	fixed price, set price, list price, regular price, established price (as opposed to a price after discount)	N2
低下	ていか	a fall; a decline, a deterioration; fall, drop; decline, deteriorate	N2
定期券	ていきけん	short for 定期乗車券 (teiki jōshaken)	N2
定休日	ていきゅうび	regular day off (e.g. closed every Monday)	N2
停止	ていし	suspension, stoppage, abeyance; arrest; suspend; stop, come to a stop	N2
停車	ていしゃ	stopping, halt (of a train or vehicle); to stop	N2
停電	ていでん	blackout (a large-scale power failure); to lose power (due to a blackout)	N2
出入り	でいり	coming in and going out; a visit; income and expenses; a fight; inconsistency; come in and go out; visit, call on someone	N2
出入口	でいりぐち	exit or entrance	N2
手入れ	ていれ	maintenance; care; repairing; mending; trimming; raid (sudden investigation by police); to maintain; to take care of; to repair; to mend; to trim; to raid	N2
テーマ	てーま	theme, subject; musical motif	N2
出掛ける	でかける	go out	N2
出来上がり	できあがり	finish, being ready, completion; voila!, done!	N2
出来上がる	できあがる	to complete, fulfill; to be finished, be done, be ready; to be very drunk	N2
的確	てきかく	precise; accurate; precision; accuracy	N2
適確	てきかく	precise,accurate	N2
手首	てくび	wrist	N2
凸凹	でこぼこ	bumpy, lumpy, uneven; irregular, unequal; bumpiness, lumpiness; irregularity, unevenness	N2
手頃	てごろ	handy, convenient; inexpensive, reasonable, affordable; convenience; inexpensiveness, affordability	N2
でたらめ	でたらめ	(1) irresponsible utterance,nonsense,nonsensical,(2) random	N2
手帳	てちょう	a small hand- or pocket-sized notebook, especially a diary or schedule	N2
鉄橋	てっきょう	steel bridge; railway bridge	N2
手続き	てつづき	procedures	N2
鉄砲	てっぽう	gun; teppo.; pufferfish, 河豚(ふぐ) (fugu), punning on あたる (ataru, “poisoned; shot”), i.e., a pufferfish is something that can poison you, just as a gun is something that can shoot you.	N2
テニスコート	てにすこーと	a tennis court	N2
手拭い	てぬぐい	a small piece of cloth used to wipe the hands or body, or to cover the head: a hand towel, a washcloth, a handkerchief, a bandana	N2
手前	てまえ	position that is just in front or before; in the nearer position	N2
出迎え	でむかえ	greeting; welcoming; meeting a guest upon arrival	N2
出迎える	でむかえる	greet, welcome, meet a guest upon arrival	N2
照らす	てらす	to illuminate; to shine upon; to refer to	N2
照る	てる	to shine; to be fine	N2
展開	てんかい	spreading out over a wide area, expansion, deployment; development, progression, evolution; unfolding (of a solid); decompression of a compressed file; spread out, expand, deploy; develop, progress, evolve; unfold (a solid); decompress a compressed file	N2
伝記	でんき	a biography, memoir	N2
電球	でんきゅう	incandescent light bulb	N2
点数	てんすう	score, grade, mark	N2
伝染	でんせん	contagion; infection; to be contagious; to be infected with; catch	N2
電池	でんち	a battery (device producing electricity)	N2
点々	てんてん	dots; specks; synonym of 濁点 (dakuten); scattered here and there; dotted; in drops	N2
転々	てんてん	from one to another; rolling	N2
電柱	でんちゅう	utility pole, telephone pole, telegraph pole, lightpole	N2
天皇	てんのう	an Emperor or Empress (regnant) of Japan; an emperor, ruler, or other monarch with a heavenly mandate; a person having a strength or profession in a particular field of study or expertise	N2
電波	でんぱ	radio wave; mobile phone signal; nonsense produced by a mentally unsound person, who is termed a 電波(でんぱ)系(けい) (denpa-kei, “radio-wave-type”) person; random and nonsensical	N2
テンポ	てんぽ	pace; tempo; degree of progress; tempo	N2
電流	でんりゅう	electric current	N2
電力	でんりょく	electricity	N2
問い合わせ	といあわせ	inquiry	N2
銅	どう	copper, Cu	N2
統一	とういつ	unification, consolidation; to unite, to unify; to standardize; to concentrate on	N2
同格	どうかく	the same rank,equality,apposition	N2
峠	とうげ	mountain pass, ridge; crisis, climax; A place name.; a surname	N2
統計	とうけい	statistics	N2
動作	どうさ	movement of the body; gesture; operation of machinery; move; make a gesture; run, operate, be functional	N2
東西	とうざい	east and west; all over, here and there; Orient and Occident; a name of a good or money, originally a Chinese slang term; synonym of 東西東西 (“your attention please; hear ye”)	N2
当日	とうじつ	on the day (in the future, or the past, when a plan or the experience was told); that day (in the future, or the past, when a plan or the experience was told)	N2
投書	とうしょ	letter to the editor, a written contribution to a newspaper or other body; to write a letter to the editor or some other body	N2
登場	とうじょう	entrance in a performance; appearance in a scene or situation; arrival; appear in a performance, for a character to enter; enter the scene, arrive	N2
どうせ	どうせ	anyway, anyhow	N2
どうぞよろしく	どうぞよろしく	pleased to meet you	N2
灯台	とうだい	a lighthouse; a pole with an oil lamp on top	N2
盗難	とうなん	theft (passive)	N2
当番	とうばん	being on duty	N2
等分	とうぶん	division into equal parts; to divide into equal parts	N2
透明	とうめい	transparent (allowing to see through); invisible; clear, unclouded; transparency; state of being clear and unclouded	N2
灯油	とうゆ	an oil used to light a lamp; kerosene	N2
東洋	とうよう	the East; Asia, especially East Asia, as opposed to the West	N2
童話	どうわ	fairy tale	N2
通り掛かる	とおりかかる	happen to pass by	N2
溶かす	とかす	to dissolve; to melt; 熔かす, 鎔かす: to melt metal	N2
尖る	とがる	to taper to a point; to be abrasive	N2
どきどき	どきどき	with a racing heart; to pound	N2
溶く	とく	to dissolve, to melt; to mix; to beat	N2
退く	どく	step aside	N2
特殊	とくしゅ	special, exceptional; specialness, exceptionality	N2
特色	とくしょく	special characteristic, distinguishing feature; non-CMYK color, which must be created using a mixture of colors	N2
特長	とくちょう	personal strength; special ability; strong points; what one is skilled in; specialty; forte; strength; merit; plus	N2
特定	とくてい	a certain one, particular one, specific one; specify, identify, determine	N2
特売	とくばい	special sale; bargain sale; to have a bargain sale	N2
溶け込む	とけこむ	to melt into; to merge into; to dissolve; to fit in (with environment, atmosphere, etc.)	N2
溶ける	とける	be dissolved; be dissolvable, be dissoluble, be soluble; melt, thaw	N2
退ける	どける	to move out of the way, to remove	N2
床の間	とこのま	tokonoma (an alcove where art or flowers are displayed)	N2
床屋	とこや	barbershop; barber; hairdresser's; hairdresser	N2
所々	ところどころ	here and there,some parts (of something)	N2
都心	としん	heart of a city, center of a city	N2
戸棚	とだな	cupboard	N2
とっくに	とっくに	long ago, already	N2
どっと	どっと	suddenly	N2
整う	ととのう	be in order, be arranged, be ready; be well-proportioned, proper	N2
留まる	とどまる	keep (to remain in, to be confined to); alternative form of 止まる (todomaru)	N2
どなる	どなる	to shout,to yell	N2
飛び込む	とびこむ	to jump into, to leap into, to dive into, to plunge into, fly into; to come rushing in; to butt in	N2
跳ぶ	とぶ	飛ぶ: to fly, to skip over; 跳ぶ: to jump	N2
留まる	とまる	alternative form of 止まる (tomaru)	N2
泊める	とめる	to lodge; to provide lodging for; to accommodate	N2
ともかく	ともかく	anyhow,anyway,somehow or other,generally speaking,in any case	N2
捕える	とらえる	to seize,to grasp,to capture,to arrest	N2
取り入れる	とりいれる	bring in, take inside; harvest, reap; adopt, introduce (a favorable point)	N2
取り消す	とりけす	annul, nullify, cancel, revoke, undo; retract, take back	N2
取り出す	とりだす	take out, extract; retrieve data etc.	N2
採る	とる	取る: to take; 取る: (board games) to capture; 取る: to pick up; 取る: to pick up on; to grasp; 取る: to earn; 取る: to remove (one's glasses, etc.); 撮る, 録る: to photograph, film, or record; to take a picture; 捕る, 獲る, 取る, 把る: to catch; to capture; 獲る: to hunt (animals); 盗る, 取る, 奪る: to steal; 執る: to do (work), to perform (duties), to take (trouble); 執る: to take the command; 摂る, 取る: to have food or a meal, to ingest, to eat; 摂る: to take nutrients, to take in; 採る, 取る: to take, to adopt (a measure, a choice, etc.), to choose; 採る: to take (a blood sample etc.); 採る, 取る: to pick (plants), to harvest; 採る: to employ; contraction of ておる (-te oru)	N2
捕る	とる	取る: to take; 取る: (board games) to capture; 取る: to pick up; 取る: to pick up on; to grasp; 取る: to earn; 取る: to remove (one's glasses, etc.); 撮る, 録る: to photograph, film, or record; to take a picture; 捕る, 獲る, 取る, 把る: to catch; to capture; 獲る: to hunt (animals); 盗る, 取る, 奪る: to steal; 執る: to do (work), to perform (duties), to take (trouble); 執る: to take the command; 摂る, 取る: to have food or a meal, to ingest, to eat; 摂る: to take nutrients, to take in; 採る, 取る: to take, to adopt (a measure, a choice, etc.), to choose; 採る: to take (a blood sample etc.); 採る, 取る: to pick (plants), to harvest; 採る: to employ; contraction of ておる (-te oru)	N2
トレーニング	とれーにんぐ	training, often in sports or at the workplace	N2
丼	どんぶり	a simple large bowl for serving food; a one-bowl meal served in a donburi bowl, consisting of a large portion of rice, covered in a meat or fish	N2
内科	ないか	internal medicine; department (of a hospital, etc.) of internal medicine	N2
内線	ないせん	phone extension	N2
ナイロン	ないろん	nylon	N2
治す	なおす	to cure, to heal	N2
永い	ながい	long,lengthy	N2
仲直り	なかなおり	reconciliation (of personal relationships)	N2
長引く	ながびく	drag on, persist, be prolonged, last into	N2
中身	なかみ	physical contents; contents, substance (of speech, etc.); blade of a sword	N2
中味	なかみ	alternative spelling of 中身	N2
中指	なかゆび	middle finger	N2
仲良し	なかよし	having a good relationship; on good terms; good relationship	N2
慰める	なぐさめる	to comfort, to console; to amuse	N2
亡くす	なくす	lose a person, suffer the death of another person	N2
なぐる	なぐる	to strike,to hit	N2
為す	なす	to accomplish; 済す: to fulfill one's obligations, to pay back debt; to form	N2
謎謎	なぞなぞ	riddle,puzzle,enigma	N2
なだらか	なだらか		N2
懐かしい	なつかしい	nostalgic, reminiscent of good memories, missed, longed for, yearned after; dear, beloved, cherished, sweet	N2
撫でる	なでる	to stroke, caress	N2
斜め	ななめ	diagonal, oblique, leaning; abnormal, deviant; oblique, diagonal, leaning; abnormality; distorted (feeling); slanted (e.g. view of the world); bad (mood); amiss; awry	N2
なにしろ	なにしろ	at any rate,anyhow,anyway,in any case	N2
何々	なになに	such and such,What?	N2
何分	なにぶん	what minute?,how many minutes?	N2
生意気	なまいき	cheeky, impertinent, fresh, wise; sauce, cheekiness, cockiness	N2
並木	なみき	roadside tree; row of roadside trees; a surname	N2
倣う	ならう	to imitate; to follow	N2
鳴らす	ならす	to sound, ring, honk, ring, twang	N2
生る	なる	to bear fruit	N2
馴れる	なれる	potential of なる (naru, “to become”)	N2
南極	なんきょく	ellipsis of 南極圏: south polar region; South Pole; Antarctica (the southernmost continent, south of the Southern Ocean, containing the South Pole)	N2
なんとなく	なんとなく	somehow or other,for some reason or another	N2
なんとも	なんとも	nothing (with neg. verb),quite,not a bit	N2
ナンバー	なんばー	number; license plate (ナンバープレート) number; number (performance)	N2
南米	なんべい	South America (the continent forming the southern part of the Americas)	N2
南北	なんぼく	north and south	N2
煮える	にえる	to be boiled; to be cooked by boiling; to boil; to get angry	N2
匂う	におう	to smell; 匂う: to smell good, to be fragrant; 臭う: to smell bad, to stink, being malodorous; to be bright, to glow	N2
逃がす	にがす	to let go; to set free; to fail to catch; to miss; to let get away	N2
憎い	にくい	hateful, detestable, abominable	N2
憎む	にくむ	to hate, to detest, to abhor	N2
憎らしい	にくらしい	hateful; odious; detestable	N2
にこにこ	にこにこ	with a grin; smile; to smile	N2
濁る	にごる	get muddy, dirty; become hoarse, dull (of a sound); become dull (of a color); become impure; be voiced	N2
虹	にじ	a rainbow	N2
日時	にちじ	time and date	N2
日用品	にちようひん	daily necessities; goods for every day use	N2
日課	にっか	daily routine, daily work	N2
日程	にってい	schedule; the day's schedule	N2
鈍い	にぶい	dull (edge); dull (sense); stupid; slow on the uptake	N2
入社	にゅうしゃ	entry to a company; to join/enter a company as a new employee	N2
女房	にょうぼう	a woman who works in the imperial household and is granted personal living quarters in the imperial grounds; (more generally) a female servant for a high-ranking household; one's female lover or love interest; one's own wife (in modern usage, often has humble nuances: generally not used when speaking to others to refer to another person's wife); a nom de plume used by royalty, nobility, and other high-ranking authors in poetry contests, to avoid biasing the judges	N2
睨む	にらむ	to stare, to glare; to keep an eye on; to fall into disgrace; to guess, to suspect	N2
煮る	にる	to simmer, to braise, to boil	N2
俄	にわか	sudden, abrupt, unexpected	N2
縫う	ぬう	to sew; to create (a garment) by sewing; to sew together; to sew up, to suture (a wound); to weave one's way through (a crowd)	N2
濡らす	ぬらす	to get something wet, to soak	N2
ねじ	ねじ	螺子: screw	N2
捩る	ねじる	twist; wrench, wrest	N2
ネックレス	ねっくれす	a necklace (jewelry)	N2
熱する	ねっする	to heat up; to heat	N2
寝間着	ねまき	sleep-wear,nightclothes,pyjamas,nightgown,nightdress	N2
寝巻	ねまき	sleep-wear,nightclothes,pyjamas,nightgown,nightdress	N2
狙い	ねらい	aim (all senses)	N2
狙う	ねらう	to aim; to have one's eye on something; to watch for opportunity; to seek	N2
年度	ねんど	a year, for administrative, academic, business, or accounting purposes: may start at some time other than New Years; a financial year (UK), a fiscal year (US); a school year	N2
農産物	のうさんぶつ	agricultural product	N2
農村	のうそん	farm village, rural village	N2
濃度	のうど	concentration, density; cardinality	N2
農薬	のうやく	pesticide	N2
能率	のうりつ	efficiency; moment	N2
のこぎり	のこぎり	saw	N2
残らず	のこらず	all,entirely,completely,without exception	N2
載せる	のせる	load, carry; publish, carry in a publication, run	N2
覗く	のぞく	remove; except, be except for; peek, sneak a look, peep	N2
延ばす	のばす	extend, lengthen, stretch; spread, roll on; postpone; thin, dilute	N2
延びる	のびる	become longer; be extended; be lengthened; be postponed; live long; achieve longevity	N2
上り	のぼり	stem or continuative form of のぼる (noboru)	N2
上る	のぼる	登る, 上る: to ascend, to climb, to go up; 昇る, 上る: to go up, rise; 昇, 登, 謄, 盛: a male given name	N2
糊	のり	glue	N2
乗換	のりかえ	(n) transfer (trains, buses, etc.)	N2
載る	のる	to be placed on; to be published, to be recorded, to appear in publication	N2
鈍い	のろい	slow, sluggish	N2
のろのろ	のろのろ	slowly; to be sluggish	N2
呑気	のんき	optimistic, easy, easygoing, careless, carefree, relaxed, happy-go-lucky; being easygoing, carefreeness, thoughtlessness	N2
灰色	はいいろ	gray (color), an ashen color; sad, pessimistic, gloomy; arousing doubt or suspicion of dishonesty or criminal activity	N2
俳句	はいく	haiku, a poem that usually consists of 5-7-5 morae	N2
売店	ばいてん	stand or small shop (establishment that sells goods), usually one within another facility such as an amusement park or a train station	N2
バイバイ	ばいばい	bye-bye; leave-taking, saying goodbye	N2
売買	ばいばい	trade - selling and buying; to buy and sell	N2
這う	はう	to crawl, to creep	N2
生える	はえる	sprout, grow; cut one's teeth, teethe	N2
剥す	はがす	(v5s) to tear off,to peel off,to rip off	N2
ばからしい	ばからしい	absurd	N2
秤	はかり	scale	N2
量る	はかる	alternative form of 計る referring to weight or capacity	N2
測る	はかる	alternative form of 計る referring to dimension	N2
吐き気	はきけ	a feeling of vomiting; nausea; a strong dislike or disgust of somebody	N2
はきはき	はきはき	lucidly	N2
掃く	はく	to sweep	N2
歯車	はぐるま	gear	N2
バケツ	ばけつ	bucket; pail (container)	N2
挟まる	はさまる	to be caught between something; to be pinched; to be between conflicting groups of people	N2
挟む	はさむ	insert, inject, be sandwiched between	N2
梯子	はしご	ladder	N2
始めに	はじめに	to begin with,first of all	N2
初めに	はじめに		N2
はじめまして	はじめまして	How do you do?,I am glad to meet you	N2
斜	はす	diagonal, slant, oblique	N2
外れる	はずれる	to be disconnected, to get out of place, to be off, to be out (e.g. of gear); to leave, to be outside of; to be wrong, to miss, to fail to reach the intended target, desired outcome, or expected result; to be in violation, to be against the law, rules, etc.	N2
パターン	ぱたーん	pattern; an arrangement of elements; a sequence of events, behaviors, facts, etc.; a template for pieces of a garment	N2
肌着	はだぎ	underwear	N2
果して	はたして	果たして: expectedly; indeed, really; Conjunctive form of はたす	N2
鉢	はち	flower pot; bowl, basin, pot, skull	N2
ｘ	ばつ	罰: a penalty; 閥: clan, faction; 跋: epilogue; circumstances or conditions; coherence; ×: incorrect answer	N2
発揮	はっき	exhibition; display; manifestation; to exhibit; to display; to manifest	N2
バック	ばっく	back; a backer, a supporter (someone who supports a person or enterprise); reversing, moving backwards; additional income on top of basic pay, derived from things like one's clients purchasing alcohol; a back (a position (player) behind most others on the team); backhand; the backstroke; doggy style; clipping of バックグラウンド (“background”)	N2
発射	はっしゃ	launch, firing; launch, fire	N2
発想	はっそう	idea, conception; way of thinking; expression in music, the musician's heart in the music; conceive; express	N2
発電	はつでん	power generation (electricity); to generate power	N2
発売	はつばい	sale, the selling of something; launch of a product, release of a product, putting a product on the market; release	N2
派手	はで	showy, gaudy; gaudiness	N2
話合い	はなしあい	discussion,conference	N2
話し掛ける	はなしかける	to address; to speak to; to start speaking	N2
話中	はなしちゅう	while talking,the line is busy	N2
甚だしい	はなはだしい	extreme, intense, heavy; flagrant, blatant, gross	N2
花火	はなび	fireworks	N2
花嫁	はなよめ	bride	N2
放れる	はなれる	leave, get free	N2
羽根	はね	a surname	N2
ばね	ばね	発条, 撥条, 弾機: spring (device made of flexible material)	N2
跳ねる	はねる	to jump, to prance, to hop, to bounce; to splatter; to explode; to be over, to end; to write as a hooked stroke (亅)	N2
破片	はへん	a fragment; a chip; a splinter	N2
歯磨き	はみがき	toothpaste (paste for cleaning the teeth); dental brushing, brushing (one's) teeth; to brush (one's) teeth	N2
はめる	はめる	(col) to get in,to insert,to put on,to make love	N2
早口	はやくち	talking in a fast way	N2
流行る	はやる	to be popular, to be in vogue; to spread, to go around, to run rampant	N2
払い込む	はらいこむ	to deposit,to pay in	N2
払い戻す	はらいもどす	refund	N2
バランス	ばらんす	balance (condition of a system in which competing influences are balanced)	N2
針金	はりがね	wire; ハリガネ: (chiefly Hakata) noodles that have been boiled for a relatively short time	N2
張り切る	はりきる	be in high spirits, be enthusiastic, be intense, be vigorous; stretch to the full	N2
反映	はんえい	reflection; to reflect	N2
半径	はんけい	radius	N2
判子	はんこ	a printing stamp used as a form of signature; a seal	N2
万歳	ばんざい	an extremely long period of time; raising ones hands; business troubles, bankruptcy; an expression of celebration	N2
判事	はんじ	judge	N2
反省	はんせい	reflection, introspection, meditation, contemplation; reconsideration; regret, reflect on one's actions, contemplate, search one's conscience	N2
番地	ばんち	house number, a division of a town used in rural addresses	N2
パンツ	ぱんつ	pants, underpants (undergarment covering the genitals); pants, trousers (garment covering the body from the waist downwards)	N2
バンド	ばんど	band (clothing accessory); band (group of musicians); band (type of broadcast frequency)	N2
半島	はんとう	peninsula; short for 朝鮮半島 (Chōsen Hantō, “Korean Peninsula”)	N2
ハンドル	はんどる	handle; steering wheel	N2
日当たり	ひあたり	receiving sunlight	N2
日帰り	ひがえり	day trip; to make a day trip	N2
比較的	ひかくてき	comparatively, relatively	N2
日陰	ひかげ	shadow	N2
ぴかぴか	ぴかぴか	glitteringly, sparklingly; shiny, glossy	N2
引受る	ひきうける	to undertake,to take up,to take over	N2
引返す	ひきかえす	to repeat,to send back,to bring back	N2
引算	ひきざん	subtraction	N2
引出す	ひきだす	引き出す: take out, withdraw	N2
引き止める	ひきとめる	to detain,to check,to restrain	N2
卑怯	ひきょう	unfair, dirty; cowardly; meanness, dirtiness; cowardice	N2
引分け	ひきわけ	引き分け: a draw	N2
陽射	ひざし	sunshine	N2
肘	ひじ	elbow	N2
ピストル	ぴすとる	a pistol (handgun)	N2
ビタミン	びたみん	a vitamin	N2
ぴたり	ぴたり	tightly; exactly, just right; suddenly or completely (for something to stop)	N2
引っ掛かる	ひっかかる	to snag onto; to catch on; to fall for; to be tricked	N2
筆記	ひっき	notetaking; notes; to take notes; to write down	N2
引っ繰り返す	ひっくりかえす	alternative spelling of ひっくり返す: to turn something over	N2
引っ繰り返る	ひっくりかえる	alternative spelling of ひっくり返る: to be overturned	N2
引越し	ひっこし	moving house	N2
引っ込む	ひっこむ	retire, withdraw; sink in, subside; pull back; stand back	N2
筆者	ひっしゃ	I, the author, the writer (in self-reference)	N2
必需品	ひつじゅひん	necessaries, a necessary item, necessity, essential goods	N2
人差指	ひとさしゆび	alternative spelling of 人差し指	N2
一通り	ひととおり	the basics, a general idea; hurriedly, roughly, generally	N2
人通り	ひとどおり	coming and going of people; human traffic; flow of people	N2
ひとまず	ひとまず	for the time being, for the present	N2
瞳	ひとみ	pupil; eye; a female given name	N2
一休み	ひとやすみ	a rest	N2
独り言	ひとりごと	talking to oneself; speaking to oneself; soliloquy	N2
ひとりでに	ひとりでに	by oneself	N2
ビニール	びにーる	vinyl, PVC (substance)	N2
皮肉	ひにく	ironic; irony; sarcasm	N2
日日	ひにち	a specific date; days	N2
捻る	ひねる	twist, to turn by pinching or twisting with fingers.; turn a faucet on or off; To twist a part of the body.	N2
日の入り	ひのいり	sunset	N2
日の出	ひので	sunrise; Hinode (a town in Nishitama district, Tokyo prefecture, Japan)	N2
響き	ひびき	echo, sound, reverberation, noise; the ring/sound/feel of an expression/word	N2
響く	ひびく	to echo, to resound; to hit (one's heart), to touch (the audience)	N2
皮膚	ひふ	skin; exterior surface	N2
冷やす	ひやす	cool down	N2
ひゃっかじてん	ひゃっかじてん	百科事典: encyclopedia	N2
美容	びよう	beauty (especially of a person's face or body)	N2
表紙	ひょうし	book binding, cover	N2
標識	ひょうしき	sign, mark	N2
標準	ひょうじゅん	standard, level, the mark, norm	N2
標本	ひょうほん	sample; specimen	N2
評論	ひょうろん	criticism, comment; to criticize, to review	N2
平仮名	ひらがな	hiragana, a Japanese syllabary script	N2
ビルディング	びるでぃんぐ	a building; a non-residential high-rise building constructed of concrete	N2
昼寝	ひるね	siesta (afternoon nap); take an afternoon nap	N2
広げる	ひろげる	to spread open, to unfold; to spread, to scatter; to spread apart; to enlarge	N2
広さ	ひろさ	area; width	N2
広場	ひろば	open area, square; plaza	N2
広々	ひろびろ	extensive,spacious	N2
広める	ひろめる	to broaden; to widen; to spread; to disseminate	N2
ピンク	ぴんく	pink, the colour; pink, the flower; eroticism, something erotic; someone leaning to the left politically, especially someone with communist interests	N2
便箋	びんせん	letter paper	N2
瓶詰	びんづめ	packed into a bottle	N2
ファスナー	ふぁすなー	zipper (of jeans, or clothing, etc), (UK) zip fastener	N2
風船	ふうせん	balloon	N2
不運	ふうん	unlucky; misfortune, bad luck	N2
殖える	ふえる	to increase,to multiply	N2
深まる	ふかまる	deepen (become deeper); intensify, increase in degree	N2
不規則	ふきそく	irregularity, unsteady, disorderly	N2
普及	ふきゅう	diffusion; spread, diffuse, propagate	N2
付近	ふきん	neighborhood, environs, vicinity	N2
拭く	ふく	to wipe	N2
副詞	ふくし	adverb	N2
複写	ふくしゃ	a copy a document or diagram; a reproduction of an image; to copy; to reproduce	N2
複数	ふくすう	multipleness, manyness; the plural number	N2
含める	ふくめる	to include; to explain fully, to communicate, to inform; to persuade, to instruct	N2
膨らます	ふくらます	to swell; to inflate; to puff up; to fill with	N2
膨らむ	ふくらむ	to swell, to expand, to get bigger	N2
不潔	ふけつ	unclean, filthy; uncleanliness	N2
更ける	ふける	更ける, 深ける: to get late, to get deep (for night, season, etc.); 老ける, 化ける: to age; to become old; indulge in, be absorbed in	N2
符号	ふごう	sign, symbol, mark	N2
夫妻	ふさい	a married couple, husband and wife, Mr. and Mrs.	N2
塞がる	ふさがる	be blocked; be clogged; be taken; be healed; be closed up (the flesh of an open wound, etc.)	N2
塞ぐ	ふさぐ	to close, to shut up; to obstruct, to cover, to block; to occupy; to satisfy, to fulfill; 鬱ぐ: to feel depressed, to mope	N2
ふざける	ふざける	joke around, goof around; bullshit	N2
無沙汰	ぶさた	not contacting for a while, a long silence; not contact for a while	N2
武士	ぶし	a professional warrior, a soldier; a samurai; a place name; a surname	N2
部首	ぶしゅ	an element of a kanji character; a kanji radical.	N2
襖	ふすま	fusuma, a sliding panel	N2
附属	ふぞく	attached,belonging,affiliated	N2
蓋	ふた	lid; cap; cover; (malacology) operculum	N2
不通	ふつう	interruption, stoppage, cessation	N2
ぶつかる	ぶつかる	bump into, collide against	N2
ぶつける	ぶつける	打付ける: bump into, throw, run into someone, try someone with a difficult question, turn one's negativity on someone	N2
物騒	ぶっそう	insecure, turbulent; causing concern; alarming; dangerous; turbulence; danger	N2
ぶつぶつ	ぶつぶつ	grumbling, complaining, muttering; simmering; cutting into thin pieces; poking many holes; rash, spots, pimples, bumps on the skin	N2
船便	ふなびん	ferry service; mail delivery by boat; seamail	N2
部品	ぶひん	part, component, short for 部分品	N2
吹雪	ふぶき	a blizzard, a snowstorm; many flat objects blown away by the wind, like snowflakes in a blizzard; a Harusame-class destroyer of the Imperial Japanese Navy during the Russo-Japanese War; a class of destroyers of the Imperial Japanese Navy during World War II (see Fubuki-class destroyer on Wikipedia.Wikipedia); a Fubuki-class destroyer of the Imperial Japanese Navy during World War II (see Japanese destroyer Fubuki (1927) on Wikipedia.Wikipedia); a female given name; stem or continuative form of 吹雪く (fubuku)	N2
父母	ふぼ	parents; father and mother	N2
踏切	ふみきり	railroad crossing	N2
麓	ふもと	foot of a mountain	N2
増やす	ふやす	increase	N2
殖やす	ふやす	to increase,to add to,to augment	N2
フライパン	ふらいぱん	a frying pan	N2
ブラウス	ぶらうす	a blouse	N2
ぶらさげる	ぶらさげる	ぶら下げる: hang, sling, suspend	N2
ブラシ	ぶらし	brush (an implement consisting of bristles attached to a handle)	N2
プラスチック	ぷらすちっく	plastic (a stiff but usually slightly flexible synthetic material)	N2
プラットホーム	ぷらっとほーむ	platform	N2
フリー	ふりー	costing no money; unbound by promises or contracts; independent of any system; without something; freedom in the above senses	N2
振り仮名	ふりがな	smaller kana printed next to (vertical) or above (horizontal) non-kana text as pronunciation guide	N2
プリント	ぷりんと	printing; printed matter	N2
振舞う	ふるまう	to behave,to conduct oneself,to entertain (vt)	N2
ブローチ	ぶろーち	a brooch (jewelry with pin); a broach: a tool with multiple chisel points mounted on a single piece of steel	N2
プログラム	ぷろぐらむ	a program (leaflet listing information about a play, game or other activity); a program (performance of a show or other broadcast on radio or television); a program (software application); a day's schedule	N2
風呂敷	ふろしき	A traditional Japanese wrapping cloth, traditionally used to transport clothes, gifts, or other goods; a furoshiki.	N2
ふわふわ	ふわふわ	softly (in the sense of gently and smoothly); fluffy, airy, light (like a pillow or foam); be soft (in the sense of gently and smoothly); be fluffy, airy, light (like a pillow or foam)	N2
噴火	ふんか	eruption; erupt	N2
分解	ぶんかい	disassembly, breaking down; resolution; factorization; to disassemble, to break down; to resolve (light, a chemical, etc.); to factor	N2
文芸	ぶんげい	art and culture	N2
文献	ぶんけん	literature; research materials, documents	N2
噴水	ふんすい	fountain	N2
分数	ぶんすう	fraction	N2
文体	ぶんたい	writing style	N2
分布	ぶんぷ	distribution; be distributed over a wide area; distribute mathematically	N2
文房具	ぶんぼうぐ	stationery, office supplies	N2
文脈	ぶんみゃく	linguistic context	N2
分量	ぶんりょう	amount, quantity; divisive quantity	N2
分類	ぶんるい	classification, categorization; to categorize, to classify	N2
閉会	へいかい	closure of a 会 (kai) — meeting (会議), legislature (議会), sporting event (競技会), etc.; to close a 会 (kai); for a 会 (kai) to end	N2
平気	へいき	insensitive; cavalier; calm; composed; unconcerned; fine; alright; calmness; insensitivity; lack of concern	N2
並行	へいこう	going side by side; being concurrent; being parallel; side by side; concurrent; parallel; go side by side; be concurrent	N2
平日	へいじつ	a habit, an ordinary; a weekday, an ordinary day	N2
兵隊	へいたい	soldier	N2
平凡	へいぼん	mediocre, ordinary; mediocrity	N2
平野	へいや	plain (an expanse of land with relatively low relief)	N2
凹む	へこむ	to become hollow, cave in, sink in: see the kubomu reading above; to decline below a certain point, to become less; to be stuck to be at a loss: see 困る (komaru).; to yield, to submit; to be depressed; to be bummed out	N2
臍	へそ	navel	N2
隔てる	へだてる	to be separated by; to separate from, to part from, away from; to estrange, to alienate	N2
別荘	べっそう	villa (a house used as a retreat)	N2
別々	べつべつ	separately,individually	N2
ベテラン	べてらん	old hand, veteran (person with long experience)	N2
ヘリコプター	へりこぷたー	a helicopter	N2
編集	へんしゅう	the compilation and editing of various materials to create a book, magazine, etc.; to edit	N2
便所	べんじょ	bathroom, restroom, lavatory, toilet; a pachinko machine one can use leftover balls on.	N2
ペンチ	ぺんち	pliers	N2
望遠鏡	ぼうえんきょう	a telescope	N2
方角	ほうがく	compass point	N2
箒	ほうき	broom	N2
方言	ほうげん	a dialect; a provincialism	N2
坊さん	ぼうさん	a Buddhist monk, a bonze	N2
防止	ぼうし	prevention; to prevent	N2
方針	ほうしん	synonym of 磁針 (jishin, “magnetic needle”); policy, course, plan	N2
包装	ほうそう	packaging, package; pack, package	N2
法則	ほうそく	A statement that is true under specified conditions; law.	N2
包帯	ほうたい	bandage	N2
膨大	ぼうだい	swollen and large; 厖大: huge, gigantic, enormous, massive	N2
庖丁	ほうちょう	kitchen knife,carving knife	N2
方程式	ほうていしき	an equation	N2
防犯	ぼうはん	prevention of crime	N2
方面	ほうめん	direction; area, district; field of study, line of work	N2
坊や	ぼうや	A boy	N2
放る	ほうる	to throw something far; to throw something away; to quit partway through something; to give up	N2
ボーナス	ぼーなす	bonus (extra amount of money given as a premium); bonus (stage, item, etc.)	N2
朗らか	ほがらか	cheerful, merry; clear, bright (sky)	N2
牧場	ぼくじょう	livestock farm, ranch; dairy farm	N2
牧畜	ぼくちく	pastoralism	N2
保健	ほけん	health care; sanitation; hygiene	N2
募集	ぼしゅう	hiring, recruitment of new employees or soldiers; collection of donations; accept applications, be hiring or recruiting soldiers; raise money	N2
干す	ほす	to dry, to desiccate; to disfavor, to maltreat	N2
ポスター	ぽすたー	poster (large printed notice)	N2
北極	ほっきょく	short for 北極圏 north polar region, north pole; North Pole, the Arctic	N2
坊っちゃん	ぼっちゃん	someone else's son; young master	N2
ほどく	ほどく	to unfasten	N2
堀	ほり	ditch, canal; moat; a surname	N2
掘る	ほる	to dig; to excavate; to have anal intercourse	N2
彫る	ほる	to carve; to ink (a tattoo)	N2
ぼろ	ぼろ	rag; old, worn-out clothes; a hidden fault or failure	N2
盆	ぼん	a tray (for carrying e.g. dishes); a flat earthenware pot, bowl, or basin; short for 盆茣蓙(ぼんござ) (bon goza), a woven rush mat for rolling or throwing dice in gambling; a gambling den, a place where gambling happens; a gamble, a match, a contest; a household, a residence, a home (by extension from the sense of having one's own serving tray); a place for a tryst; the circular area of a 回り舞台 (mawari butai, “revolving stage”) (from its resemblance to a round serving tray); an offering or votive at Obon; the Obon or Bon Festival, an event with Buddhist roots, celebrated on July 15	N2
盆地	ぼんち	basin	N2
本部	ほんぶ	headquarters	N2
本来	ほんらい	origin; originally; properly, legally	N2
まあまあ	まあまあ	so-so, passable, tolerable; now, now (a reassurance)	N2
枚数	まいすう	the number of flat things	N2
毎度	まいど	always, constantly; ellipsis of 毎度ありがとうございます	N2
マイナス	まいなす	minus	N2
巻く	まく	roll, coil, wind up; wrap around; tighten, wind	N2
蒔く	まく	sow, plant; disseminate (to sow and scatter principles, etc. for propagation, like seed); sprinkle gold or silver on lacquerware	N2
撒く	まく	to sprinkle; to scatter around; to distribute; to spread; to shake off (to lose someone who is tracking you)	N2
枕	まくら	pillow	N2
曲げる	まげる	bend	N2
まごまご	まごまご	confused; perplexed; at a loss	N2
摩擦	まさつ	friction; friction; conflict; disagreement	N2
混ざる	まざる	to be mixed with; to blend with	N2
交ざる	まざる	to be mixed,to be blended with,to associate with,to mingle with,to join	N2
混じる	まじる	mix with, blend with, join; associate with, intermingle with	N2
交じる	まじる	to be mixed,to be blended with,to associate with	N2
マスク	ますく	a mask (cover for the face), especially a gauze mask; looks, features	N2
混ぜる	まぜる	to mix, to blend; to let someone join in an activity; to exchange words, to talk with someone; to interrupt and derail someone else's story, to get someone else off the track in a story or conversation	N2
交ぜる	まぜる	to be mixed,to be blended with	N2
またぐ	またぐ	to straddle	N2
又は	または	or	N2
待合室	まちあいしつ	waiting room, waiting area	N2
待ち合わせる	まちあわせる	to arrange to meet; to rendezvous	N2
街角	まちかど	a street corner; a city street	N2
真っ暗	まっくら	total darkness; totally dark; pitch dark	N2
真っ黒	まっくろ	deep black; pitch-black; blackened due to suntan or dirt; deep black; pitch black	N2
真っ青	まっさお	deep blue, purely or entirely blue; pallid or pale of complexion, as from fright or pain; a deep blue, a pure blue; pallor or paleness of complexion, as from fright or pain	N2
真っ先	まっさき	the very first; the foremost	N2
真っ白	まっしろ	pure white, snow-white, perfectly white; pure whiteness	N2
祭る	まつる	to worship, to enshrine, to deify; to offer prayers, to pray	N2
窓口	まどぐち	window, counter (an area to receive customers such as at a bank or post office)	N2
纏まる	まとまる	be collected, be all together; be settled, be arranged	N2
纏める	まとめる	collect, bring together; organize, coordinate; finalize, settle; combine, merge; summarize; control, rule	N2
真似る	まねる	to imitate	N2
まぶしい	まぶしい	dazzling,radiant	N2
まぶた	まぶた	eyelids	N2
マフラー	まふらー	a scarf, a muffler (a neckwarmer); a muffler (a device attached to a vehicle's exhaust to reduce the sound)	N2
間も無く	まもなく	soon	N2
マラソン	まらそん	a marathon (road race)	N2
稀	まれ	rare	N2
回り道	まわりみち	detour, taking the long way	N2
満員	まんいん	full house; filled to capacity (of a train, hotel, theater, etc.)	N2
マンション	まんしょん	a condominium; an apartment building; a large apartment; a large flat	N2
満点	まんてん	a perfect score; full marks	N2
見送る	みおくる	to see off (accompany, escort when departing, especially to a train station or airport); to watch someone/something go by, leave, depart or die; to shelf, defer a bill (so that it does not become law)	N2
見下ろす	みおろす	to overlook, to have a view of; to look down on	N2
見掛け	みかけ	outward appearance	N2
三日月	みかづき	a crescent moon on the third day of a lunar month, especially on the eighth lunar month; short for 三日月形 (mikazuki-gata): a crescent moon in general; synonym of 小爪 (kozume): a claw in the shape of a crescent moon; a type of mask used in Noh; a placename; a surname; a male given name	N2
岬	みさき	cape, promontory, point	N2
みじめ	みじめ	(arch) sad,pitiful,wretched	N2
ミシン	みしん	sewing machine	N2
店屋	みせや	store,shop	N2
見出し	みだし	headline (of news); index (of a text); headword (in a dictionary); stem or continuative form of 見出す (midasu)	N2
道順	みちじゅん	route, itinerary	N2
見付かる	みつかる	be discovered	N2
見付ける	みつける	to discover, find; to get used to seeing	N2
みっともない	みっともない	disgraceful, shameful, indecent; shabby, unsightly	N2
見直す	みなおす	look again, reexamine, reconsider; think better of someone or something, have a higher opinion of; look up or show signs of recovery from disease, pick up show improved prospects	N2
見慣れる	みなれる	to grow accustomed to a sight; to become used to seeing something	N2
醜い	みにくい	ugly; ignoble, mean, shabby, vile, vulgar; difficult to distinguish, hard to make out	N2
実る	みのる	to bear fruit; to ripen; to prove fruitful	N2
身分	みぶん	social position or status	N2
見本	みほん	sample, example	N2
見舞う	みまう	to visit to ask after someone's health; to encounter a misfortune, to be struck by some misfortune	N2
未満	みまん	being under, below; not fulfilling the requirements to be something	N2
名字	みょうじ	surname, family name	N2
ミリ	みり	milli-; clipping of ミリメートル (mirimētoru, “millimeter”)	N2
診る	みる	examine	N2
民間	みんかん	private, non-governmental	N2
民謡	みんよう	folk song (of the ordinary people)	N2
向う	むかう	(v5u) to face,to go towards	N2
剥く	むく	peel	N2
無限	むげん	unlimited, infinite, endless; infinity, unlimitedness, endlessness; infinity	N2
無地	むじ	plain, unfigured, patternless	N2
蒸し暑い	むしあつい	sultry, hot and humid, muggy	N2
矛盾	むじゅん	a contradiction, an inconsistency, a paradox; to be inconsistent, to be in contradiction, to be incompatible with	N2
蒸す	むす	to steam; to heat by steaming; to cook by steaming; to be sultry; to be hot and humid; to be muggy	N2
無数	むすう	innumerable, countless; a numberless quantity; an infinite quantity	N2
紫	むらさき	the purple or red-root gromwell, Lithospermum erythrorhizon; the root of the murasaki used as a natural dye; short for 紫色 (murasaki-iro): the color purple; synonym of 醤油 (shōyu): soy sauce; a woman; synonym of 鰯 (iwashi): a sardine, especially the Japanese pilchard, Sardinops sagax; synonym of 検校 (kengyō): the highest ranked blind court official; Edo, the de facto capital of the Tokugawa shogunate; short for 紫式部 (Murasaki Shikibu): Heian-period novelist and lady-in-waiting; synonym of 源氏物語 (Genji Monogatari): The Tale of Genji; a female given name; a surname	N2
群れ	むれ	群れ: group of animals such as a pack, flock, herd, bevy, school, etc.; 群れ, 蒸れ: imperfective and stem (or continuative) forms of むれる (mureru)	N2
姪	めい	the daughter of one's sibling: a niece	N2
名作	めいさく	masterpiece	N2
名刺	めいし	business card; calling card.	N2
名詞	めいし	noun	N2
名所	めいしょ	famous place	N2
命ずる	めいずる	command; appoint; name, give a name	N2
迷信	めいしん	superstition	N2
名物	めいぶつ	famous product, specialty	N2
銘々	めいめい	each	N2
目上	めうえ	one's superior or superiors, one's betters, one's elder or elders	N2
メーター	めーたー	a meter (measuring instrument); metre (unit of length)	N2
恵まれる	めぐまれる	to be endowed with; to abound in; favoured with good luck or condition; to be blessed with	N2
巡る	めぐる	go around, travel around; circle, surround; return, repeat; concern (usually in the form of を + めぐる or めぐって)	N2
目指す	めざす	to aim for, be after; to head towards, go towards	N2
目覚し	めざまし	目覚まし: waking, waking up (either waking oneself, or waking someone else); a kind of sweet given to children waking up; short for 目覚まし時計 (mezamashi-dokei): alarm clock	N2
目下	めした	below one's eyes; one's inferior; one's junior	N2
目印	めじるし	mark; sign; visual indicator	N2
目立つ	めだつ	stand out	N2
めちゃくちゃ	めちゃくちゃ	absurd, unreasonable, illogical; incoherent, disorderly, messy; reckless, excessive; ruined, destroyed; very, really	N2
めっきり	めっきり	noticeably, remarkably	N2
めでたい	めでたい	happy,simple soul,propitious,joyous	N2
メニュー	めにゅー	menu; collectively, the dishes listed on a menu	N2
めまい	めまい	dizziness	N2
目安	めやす	reference, criterion, standard; rough indication, rough idea	N2
免税	めんぜい	tax exemption; exempt from taxes	N2
面積	めんせき	area	N2
面接	めんせつ	interview; to interview	N2
面倒臭い	めんどうくさい	inconvenient; bothersome; too much trouble, a pain	N2
儲かる	もうかる	to be profitable; to be lucrative; to yield a profit	N2
儲ける	もうける	profit; have a child	N2
申し訳ない	もうしわけない	inexcusable	N2
モーター	もーたー	motor (engine)	N2
木材	もくざい	timber – trees in a forest regarded as a source of wood.; material wood, (UK) timber, (US) lumber – wood that has been pre-cut and is ready for use in construction.	N2
目次	もくじ	contents, table of contents	N2
潜る	もぐる	dive into water; slip into; hide oneself	N2
もしかしたら	もしかしたら	perhaps, maybe, possibly	N2
もしかすると	もしかすると	if that is the case, then ...	N2
もたれる	もたれる	to lean on, to lean against; to be indigestive (see also 胃もたれ)	N2
モダン	もだん	modern	N2
餅	もち	mochi (Japanese rice cake made from glutinous rice, usually mixed with other ingredients); a surname	N2
もったいない	もったいない	too good,more than one deserves,wasteful,sacrilegious,unworthy of	N2
モデル	もでる	model	N2
元々	もともと	originally, from the start; original state from the start	N2
物置	ものおき	storeroom; space used for storage	N2
物語る	ものがたる	narrate (to relate a story)	N2
物差し	ものさし	ruler (a straightedge with measurements inscribed on it); norm, standard	N2
物凄い	ものすごい	uncanny; ominous; frightful; horrible; to a great extent; greatly; tremendous	N2
モノレール	ものれーる	monorail	N2
紅葉	もみじ	the turning (coloring) of leaves, especially in autumn; the colored leaves themselves; 栬, 椛, 栴: short for 以呂波紅葉 (iroha momiji): the Japanese maple, Acer palmatum; short for 紅葉襲 (momiji-gasane): a style of layering garments with crimson on the front and blue (or dark red) on the back; venison, deer meat; a 家紋 (kamon, “family crest”) with various designs of autumn leaves or the Japanese maple; The suit of maple (or autumn leaves) in a hanafuda deck, representing the month of October and the number ten; to turn (change color), especially during autumn; a surname; a female given name	N2
揉む	もむ	to knead, to rub, to crumple	N2
燃やす	もやす	to burn (something)	N2
催し	もよおし	event, function, meeting	N2
盛る	もる	to pile up; to collect into a big heap; to exaggerate; to fill something with something, to put something into a container; to administer drugs to, especially to poison	N2
問答	もんどう	questions and answers; dialogue; hold a dialogue	N2
やかましい	やかましい	(1) noisy,(2) strict,fussy	N2
夜間	やかん	nighttime, at night	N2
薬缶	やかん	a kettle (vessel for boiling a liquid or cooking food); clipping of 薬缶頭 (“bald head”)	N2
役者	やくしゃ	actor/actress; performer	N2
役所	やくしょ	local government office	N2
訳す	やくす	to translate	N2
役人	やくにん	official, civil servant, public servant, officer	N2
薬品	やくひん	drugs, medicines, chemical substances	N2
役目	やくめ	role, duty, function	N2
火傷	やけど	a burn (caused by heat); a scald; to burn, to scald	N2
夜行	やこう	travelling by night; clipping of 夜行列車 (yakō ressha); to travel by night	N2
矢印	やじるし	arrow sign	N2
やたら	やたら	randomly,recklessly,blindly	N2
薬局	やっきょく	drugstore (no prescription required: over-the-counter medicines only); pharmacy (prescription required)	N2
やっつける	やっつける	to criticise; to beat up; to attack; to let someone have it; to defeat; to kill	N2
家主	やぬし	owner of a house; landlord or landlady	N2
破く	やぶく	to tear	N2
破れる	やぶれる	to be torn, to be worn out; to be broken; to break down, to be broken off; 敗れる: to lose, to be defeated; to be wounded, to be frustrated	N2
やむをえない	やむをえない	cannot be helped,unavoidable	N2
軟らかい	やわらかい	soft,tender,limp	N2
遊園地	ゆうえんち	an amusement park	N2
夕刊	ゆうかん	evening paper (newspaper that arrives in the evening)	N2
友好	ゆうこう	friendship, amity	N2
郵送	ゆうそう	mailing; to mail	N2
夕立	ゆうだち	evening shower	N2
夕日	ゆうひ	setting sun	N2
悠々	ゆうゆう	quiet,calm,leisurely	N2
有料	ゆうりょう	charging fees; not free	N2
浴衣	ゆかた	a thin light garment worn for sleeping, for wearing in the summer, or for bathing; yukata; a kind of light kimono used for general wear	N2
湯気	ゆげ	steam	N2
輸血	ゆけつ	blood transfusion; to transfuse blood	N2
輸送	ゆそう	transportation; to transport	N2
油断	ゆだん	being unprepared; to be caught off-guard; to be unprepared	N2
ゆでる	ゆでる	to boil	N2
湯飲み	ゆのみ	alternative form of 湯呑み	N2
緩い	ゆるい	loose, loose-fitting, full (of a garment, shoes, accessories, etc.); easy, slow; lenient, not strict	N2
溶岩	ようがん	lava (melted rock)	N2
容器	ようき	container	N2
用語	ようご	terminology; jargon	N2
要旨	ようし	essentials, gist	N2
幼児	ようじ	baby, infant; toddler; child, person(s) from one-year-old to entrance into elementary school under the Japanese Child Welfare Law (児童福祉法)	N2
容積	ようせき	capacity; volume	N2
幼稚	ようち	very young; childish, infantile, immature; infancy; immaturity, childishness	N2
幼稚園	ようちえん	a kindergarten	N2
用途	ようと	usage, use	N2
洋品店	ようひんてん	shop that sells Western-style goods, especially Western-style clothes and accessories	N2
養分	ようぶん	nourishment; nutrient	N2
羊毛	ようもう	wool, fleece	N2
漸く	ようやく	at last; at length; finally; gradually; scarcely; hardly; barely	N2
要領	ようりょう	essentials, gist, point; the ropes, knack	N2
欲張り	よくばり	very greedy, covetous, avaricious; intense greed, covetousness, avarice; an extremely greedy person	N2
余計	よけい	excessive, unnecessary, unneeded, superfluous; excessiveness, needlessness; excessively, needlessly, even more	N2
よこす	よこす	to send; to hand over	N2
汚す	よごす	pollute, contaminate, make dirty, stain	N2
寄せる	よせる	to approach, to draw near to; 襲せる: to close with (in battle), to make an onslaught on; to surge; to set aside; to gather; to pine for, to adore	N2
余所	よそ	another place; a place outside one's family or group; an unrelated person, place, or thing	N2
四つ角	よつかど	four corners; crossroads	N2
酔っ払い	よっぱらい	drunkard; drunk person	N2
予備	よび	reserve (that which is reserved, or kept back, as for future use), spare, preliminaries	N2
呼び掛ける	よびかける	call out to; appeal, urge; alert	N2
呼び出す	よびだす	summon, ask for; call on the telephone; call (a method etc.), invoke	N2
蘇る	よみがえる	to be reborn, reanimated, resurrected, or resuscitated; to become more active after declining	N2
慶び	よろこび	(n) (a) joy,(a) delight,rapture,pleasure,gratification,rejoicing,congratulations,felicitations	N2
慶ぶ	よろこぶ		N2
来日	らいにち	arrival of a foreigner in Japan; to arrive in Japan (for a non-Japanese person)	N2
落第	らくだい	failure (in an examination); failure (to advance to the next grade or graduate from school); to fail an examination or test; to fail to advance to the next grade or graduate from school	N2
ラッシュアワー	らっしゅあわー	rush hour	N2
欄	らん	column in a newspaper; field in a form etc.	N2
ランチ	らんち	lunch; ranch	N2
ランニング	らんにんぐ	running (as a physical activity); short for ランニングシャツ	N2
乱暴	らんぼう	rude, violent, rough, disorderly, lawless, unreasonable, reckless; violence, outrage, roughness; rape; be rude, roughhouse, act violently or recklessly	N2
理科	りか	science; as a subject in elementary or middle schools; science-oriented faculties including engineering, medicine and pharmacy (see also 文科)	N2
利害	りがい	profits and losses; interests	N2
リズム	りずむ	rhythm	N2
リットル	りっとる	liter/litre (unit of fluid measure)	N2
リボン	りぼん	ribbon	N2
略す	りゃくす	abbreviate	N2
流域	りゅういき	river basin; watershed	N2
寮	りょう	dormitory, student accommodation, barracks	N2
両側	りょうがわ	both sides	N2
漁師	りょうし	a fisherman, someone who fishes as a livelihood	N2
領事	りょうじ	consul	N2
領収	りょうしゅう	receipt, usually of money; receive money etc.	N2
臨時	りんじ	being temporary, special	N2
留守番	るすばん	taking care of something while the owner is absent; a caretaker; to take care of something while the owner is away	N2
例外	れいがい	exception	N2
零点	れいてん	zero on a test etc., no points earned; freezing point; zero (value of a function’s independent variables when the value of the function is zero)	N2
冷凍	れいとう	freezing; refrigeration; to freeze; to refrigerate	N2
レインコート	れいんこーと	a raincoat	N2
レクリェーション	れくりぇーしょん	recreation	N2
レジャー	れじゃー	leisure; entertainment (at leisure time)	N2
列島	れっとう	archipelago, chain of islands; Japanese archipelago	N2
レベル	れべる	a level; a rebel; a revel	N2
煉瓦	れんが	brick	N2
連合	れんごう	union, alliance, combination; federate, unite, combine	N2
レンズ	れんず	lens (object focusing or defocusing the light passing through it)	N2
蝋燭	ろうそく	a candle (a light source)	N2
ローマじ	ろーまじ	ローマ字: romaji	N2
録音	ろくおん	audio recording; to make an audio recording; to record	N2
ロッカー	ろっかー	a locker (storage compartment); a rocker (musician who plays rock music)	N2
ロビー	ろびー	lobby	N2
論ずる	ろんずる	to argue, to debate	N2
和英	わえい	Japanese–English, Japanese-to-English.	N2
分る	わかる	分かる, 解る: to be understandable, to understand; 分かる: to tell (one thing from another), to distinguish; 分かる, 判る: to be recognized, to be realized; 分かる: to become known, to turn out; Classical Japanese form of わかれる (wakareru): to split, to fork, to branch off	N2
分かれる	わかれる	diverge, branch; be divided	N2
若々しい	わかわかしい	youthful	N2
湧く	わく	frame (such as a picture frame); box; border (of a box); timeslot; limit, restriction; 湧く, 涌く: water and so on to spring, gush, well up; 湧く, 涌く: to feel emotions form, such as bravery; 沸く: to boil; 沸く: (figuratively) to boom; 沸く: to be excited	N2
詫びる	わびる	apologize	N2
和服	わふく	Japanese clothes; a kimono	N2
わりあいに	わりあいに	comparatively	N2
割算	わりざん	division (math)	N2
割と	わりと	relatively	N2
割引	わりびき	discount; a ten percent discount; to offer a discount, to reduce the price	N2
椀	わん	wooden bowl	N2
碗	わん	bowl; counter for bowls of food or drink	N2
ワンピース	わんぴーす	dress	N2
嗚呼	ああ	in that other way; oh!, ah!; expresses surprise; expresses affirmation; used to call attention; expresses a grunt or pain; expresses a calm positive response: yeah	N1
相	あい	mutual, reciprocal, with one another; appearance, look; nature, personality, characteristic; fate, destiny; a habit, custom, or practice; the good and bad of a person, especially one's faults; minister of state; appearance, how something looks; an aspect of something; grammatical aspect; a phase, as of matter; the central supporting branch of an ikebana arrangement	N1
相変わらず	あいかわらず	still, as always, as usual, as ... as ever, same old story	N1
愛想	あいそ	courtesy, civility; bill, check	N1
相対	あいたい	confrontation, head-to-head; to confront, face	N1
間柄	あいだがら	a relationship; terms, as in friendly or hostile	N1
愛憎	あいぞう	love and hate, mixed feelings	N1
合間	あいま	pause, break	N1
敢えて	あえて	going ahead and doing something despite knowing it to be impossible, daring; particularly	N1
仰ぐ	あおぐ	look up at; look up to, respect; depend on, turn to for, ask for; drink, take	N1
垢	あか	scum; dirt; account	N1
亜科	あか	subfamily	N1
銅	あかがね	copper, Cu	N1
証	あかし	proof, evidence, testimony	N1
赤字	あかじ	characters written in red; red ink, deficit, in the red; corrections (by a teacher or proofreader) written in red	N1
明かす	あかす	to reveal, to disclose; to go through the whole night, to be awake through the night	N1
赤ちゃん	あかちゃん	a baby, an infant (human or animal)	N1
明白	あからさま	clear, obvious, plain, undeniable; obviousness, undeniability	N1
赤らむ	あからむ	to redden, as of a fruit or a bud; to blush in embarrassment etc.	N1
明るい	あかるい	bright, light, luminous; cheerful, merry	N1
上がり	あがり	rise; income; ending; tea; stem or continuative form of 上がる (agaru)	N1
上がる	あがる	rise, ascend, go up; go in, enter (a house); get out (of a pool, etc.); visit, call (on someone); be promoted, go up (in social standing); let up, come to an end; flare up (as in fire)	N1
商人	あきうど	trader, shopkeeper, merchant; trader, tradesperson, merchant	N1
空間	あきま	space; area, room	N1
諦め	あきらめ	resignation, acceptance, consolation	N1
呆れる	あきれる	be amazed, astonished	N1
悪	あく	evil, wickedness	N1
灰汁	あく	lye, originally the clear alkaline liquid left after leaching wood ash in water; scum, the coagulated proteins and fats that gather on the surface of a pot of boiling food; components contained in vegetables that impart an acrid, astringent, or harsh flavor; アク: (by extension from the \"flavor\" sense) harshness as a characteristic of one's personality	N1
悪どい	あくどい	harsh of manner or personality; vicious, wily, unscrupulous, villainous; persistent or stubborn of manner; cloying of flavor; garish or overdone of color or appearance	N1
悪日	あくび	unlucky day on a calendar; any unlucky day	N1
明くる	あくる	next (day, morning, month, year)	N1
憧れ	あこがれ	yearning; longing; admiration; adoration; imperfective and stem (or continuative) forms of 憧れる (akogareru)	N1
顎	あご	jaw; chin; barb; jaw of a machine	N1
麻	あさ	hemp; flax; linen; a surname	N1
明後日	あさって	the day after tomorrow	N1
朝寝坊	あさねぼう	oversleeping in the morning; one who sleeps late or oversleeps in the morning; to oversleep in the morning	N1
浅ましい	あさましい	miserable, abject; mean, base	N1
字	あざ	a section of a village	N1
欺く	あざむく	trick, deceive; as ... as ... (e.g. as heavy as a boulder)	N1
鮮やか	あざやか	vivid; skillful	N1
あざ笑う	あざわらう	to sneer at, to ridicule	N1
味わい	あじわい	flavor; taste	N1
東	あずま	the east; the lands east of the 都 (miyako, “imperial capital”); during the Kamakura and Muromachi periods, the Kamakura region or its titular 幕府 (bakufu, “shogunate”), as opposed to the imperial capital of Kyoto; during the Edo period, the region around Edo; short for 東つ (azumatsu); short for 東琴 (azumagoto): a six-stringed Japanese zither; short for 東下駄 (azumageta); a placename; a unisex given name; a surname	N1
焦る	あせる	be in a hurry	N1
彼処	あそこ	yon place, that place yonder, that place over there, that area over there, that part over there; that aforementioned place	N1
値	あたい	value, worth; variable; value; 価: price, cost	N1
値する	あたいする	deserve, be worth, be worthy of	N1
私	あたし	first-person singular pronoun: I, me; a personal or private matter; selfishness; personal, private; secret; privacy, secrecy; a brother-in-law	N1
当たり	あたり	a hit; a clue, an estimate, a guess; a winning or correct guess; atari, a situation where a stone or group of stones is threatened with capture on the next move; bite; per, each, every; stem or continuative form of 当たる (ataru)	N1
当たり前	あたりまえ	obvious, natural, of course; usual, common	N1
他人	あだびと	other people; stranger	N1
彼方此方	あちこち	reversed, inverted, opposite	N1
彼方	あちら	the other, the other side; that way; over there, far away, in the distance; he, she, it: general third-person pronoun, referring to a person or thing far from both speaker and listener; a time removed from the present, either in the past or in the future	N1
彼方此方	あちらこちら	muddled	N1
悪化	あっか	aggravation, deterioration, degeneration, corruption; to worsen, to aggravate, to deteriorate	N1
呆気ない	あっけない	unsatisfying and disappointing	N1
悪口	あっこう	speaking ill of people, verbal abuse; to badmouth	N1
あっさり	あっさり	simple; easily; readily; flatly	N1
圧迫	あっぱく	pressure, oppression; put pressure on; oppress	N1
扱い	あつかい	handling	N1
集まる	あつまる	to gather; to come together; to assemble	N1
誂える	あつらえる	to place an order	N1
圧力	あつりょく	pressure (a force applied to a surface); pressure, coercion	N1
当て	あて	aim; object; end; hope; expectation; something to rely or depend upon; pad; cushion; something added for protection; snack to have with drink; 宛, 宛て: (addressed) to; per; I; me	N1
宛	あて	address; just like; as if; just like; crooked; winding	N1
当て字	あてじ	The use of kanji chosen primarily for their phonetic (narrow sense) or semantic (broad sense) value to represent foreign or native Japanese words, or the kanji so used.; A kanji character whose presence in a kanji compound is for euphony instead of meaning, e.g., 無(な) (na) in 水(み)無(な)月(づき) (minazuki).	N1
当てはまる	あてはまる	apply, hold true, be applicable	N1
当てはめる	あてはめる	to apply, to adapt, to fit	N1
宛てる	あてる	address	N1
跡継ぎ	あとつぎ	inheritor; successor	N1
後回し	あとまわし	postponing, delaying, putting off	N1
貴女	あなた	a lady; you	N1
彼の	あの	his, of him	N1
溢れる	あふれる	to overflow; to have in abundance	N1
油絵	あぶらえ	oil painting	N1
炙る	あぶる	scorch, broil, toast, grill	N1
あべこべ	あべこべ	contrary, opposite, inverse	N1
甘える	あまえる	to seek affection, to fawn; to accept (other's kindness); to depend on (a favor); to presume upon other's benevolence and take liberties; to have a sweet smell; to be fragrant; to be shy; to be bashful	N1
甘口	あまくち	sweet, mild (taste)	N1
雨具	あまぐ	raingear	N1
天津	あまつ	Tianjin (a direct-administered municipality and major city in northern China)	N1
網	あみ	net, netting	N1
天地	あめつち	heaven and earth; and all things in them.; top and bottom	N1
操る	あやつる	to control, to manage, to handle, to operate; to manipulate, to trick	N1
あやふや	あやふや	uncertain; indefinite; ambiguous; vague	N1
危ぶむ	あやぶむ	to fear for, to feel uncertain about	N1
過ち	あやまち	fault, error, mistake; negligence; immorality between a man and a woman; adultery	N1
誤る	あやまる	to make a mistake, to err; to become in a bad mood, to become troubled or despondent; to be unreasonable or irregular; to mistake one thing for another; to choose in the wrong direction; to deceive someone, to lead astray; to take something through deception, to deceive someone of something; to break a promise, to break one's word	N1
歩み	あゆみ	a unisex given name; 歩, 歩弥, 歩望: a male given name; 歩実, 歩美, 鮎己, 杏結実, 安結実, 愛結実, 安祐美, 亜結実: a female given name; 亜由美, 亜裕美, 亜佑実, 亜佑美, 亜佑巳, 亜侑美, 亜侑実, 亜優美: a female given name; 亜由実, 亜有美, 明由美, 麻由美, 鮎実, 鮎未, 鮎美, 鮎見: a female given name; 阿佑美, 阿由美, 阿弓, 亜弓, 愛美, 亜夕美, 亜友美, 亜輸美: a female given name; 亜裕実, 亜結美, 亜結深, 亜祐美, 亜祐海, 亜祐未, 亜祐弥, 亜祐実: a female given name; 亜由未, 亜由巳, 亜柚実, 亜有未, 亜有望, 亜有実, 亜悠美, 亜悠海: a female given name; 亜悠実, 亜夕実, 亜唯美, 亜友未, 亜友実, 亜優海, 亜優巳, 亜優実, 希海: a female given name	N1
歩む	あゆむ	to walk	N1
あら	あら	oh; ah	N1
予め	あらかじめ	in advance, beforehand, previously, in anticipation	N1
荒らす	あらす	to sterilize; to lay waste; to devastate; to put everything in disorder; to invade; to barge into someone's area or domain; to destroy, to ruin; to troll, to vandalize	N1
粗筋	あらすじ	summary, synopsis (of a story or film)	N1
争い	あらそい	conflict, fight, quarrel, strife	N1
改まる	あらたまる	改まる: to be changed to something newer or better; to be renewed; to be amended; to be improved; 改まる: to be ceremonious; to be formal; 改まる, 革まる: to worsen; to be on the verge of death	N1
荒っぽい	あらっぽい	rough, violent, not subtle; rude, coarse	N1
凡ゆる	あらゆる	every; all	N1
霰	あられ	hail under five millimeters in diameter; diced pieces of food	N1
現われ	あらわれ	embodiment, materialization	N1
現われる	あらわれる	passive of あらう (arau)	N1
有難う	ありがとう	an expression of thankfulness: thank you	N1
有様	ありさま	situation; status; the way things are	N1
有りのまま	ありのまま	the truth, fact, as it is, frankly	N1
或る	ある	to exist, to be, to have; 有る: (inanimate) to exist, be in existence; 在る: (inanimate) to be at a location; to be located; 有る: (animate) to exist, with the existence considered objective and abstract; 有る: to happen, occur; to be performed, carried out; 在る: to be put in a certain location, position or situation; 有る: to have a certain number, amount, size, etc.; 有る: (of time) to pass, go by; 有る: (of a matter or state) to be recognized, be acknowledged; 在る: to depend on, lie in, be influenced by; 在る, 存る: to be alive, surviving; to have; 有る: to be owned, be possessed; 有る: to be a characteristic or ability; to be included as a part; 有る: (of thoughts, emotions or sensations) to be felt; Indicating that something has a particular quality or is in a particular state; Indicating that the result of a certain action or behavior has continued until now.; Indicating that something is done in advance; Indicating that the action or effect is currently ongoing.; Judging that something has a certain nature or state based on its explanation; or simply expressing assertion (see: である (de aru)); Expressing respect toward the person performing the action; certain, one, some	N1
或いは	あるいは	or, either; some ... and others; perhaps; maybe; sometimes; some; some; some people; something; sometimes	N1
彼此	あれこれ	synonym of あれこれ	N1
合わす	あわす	synonym of 合わせる (awaseru)	N1
合わせ	あわせ	joining together; imperfective and stem (or continuative) forms of 合わせる (awaseru)	N1
慌ただしい	あわただしい	busy; hurried, rushed; confused, unsettled (state)	N1
慌てる	あわてる	lose one's presence of mind; panic	N1
暗殺	あんさつ	assassination; to assassinate	N1
暗算	あんざん	mental arithmetic (doing calculations in one's head); to perform mental arithmetic	N1
暗示	あんじ	hint, implication, intimation, suggestion; to give a hint, imply, intimate, suggest	N1
案じる	あんじる	worry about, be anxious; consider, ponder	N1
安静	あんせい	quiet, peaceful; quietness, peace; rest (especially for medical recuperation)	N1
案の定	あんのじょう	expectedly; as expected; sure enough	N1
余り	あんまり	excessive, extreme; terrible, awful; often, much, excessively; remainder; an abundance of something, an excess of something; used after a numeral to express “a little more than”; Used to connect numerals: and; stem or continuative form of 余る (amaru)	N1
依	い	be due to, be caused by; rely on, depend on; be based on, have as a basis; based in, based at, operate out of; rely on; depend on; according to; as before	N1
伊	い	short for イタリア (Italia, “Italy”)	N1
いいえ	いいえ	no; yes (in response to negative questions), disagree; Response to words of gratitude.	N1
いい加減	いいかげん	sufficient, completely sufficient, enough; irresponsible, groundless, inaccurate, halfhearted; right; moderate, appropriate	N1
言い訳	いいわけ	excuse; apology; explanation; give an excuse; apologize	N1
家出	いえで	running away from home; to run away from home	N1
家主	いえぬし	owner of a house; landlord or landlady	N1
如何	いかが	in what manner, how; what about... (used to make a suggestion)	N1
生かす	いかす	to bring to life, to revive, to resuscitate; to let live, to spare (one's life); to make full use of (something), to capitalise on, to leverage (skills and etc)	N1
雷	いかずち	thunder; something ferocious and imposing, a demon or devil; a surname	N1
如何に	いかに	how, in what way; however much	N1
如何にも	いかにも	very, so; really, just (like), truly; indeed (conversational response)	N1
怒り	いかり	anger	N1
怒る	いかる	to get angry, to anger; to be shaped roughly; to go rumble, to behave roughly	N1
歪む	いがむ	to become bent or deformed:; to deform, to bend, to become warped or twisted; to become improper or irregular, such as emotions or actions; to become sick (as used by carpenters and performers); to steal something	N1
粋	いき	breath; chicness, stylishness; chic, stylish, dapper; attractive; vibrant; stem or continuative form of いく (iku); alternative form of ゆき (yuki); イき, イキ: (slang) orgasm; coming; cumming; imperfective or continuative of いきる; living; condition of being alive; freshness; vitality; stet; damned	N1
域外	いきがい	offshore; overseas; outside (of a country or region)	N1
意気込む	いきごむ	to be enthusiastic, to be keen	N1
経緯	いきさつ	developments of a certain situation	N1
行き違い	いきちがい	crossing but not meeting; a disagreement, a difference of opinion	N1
行き成り	いきなり	suddenly, all of a sudden	N1
異議	いぎ	objection; disagreement	N1
軍	いくさ	a soldier, warrior; an army; archery	N1
戦	いくさ	a battle, conflict, fight, war	N1
育成	いくせい	raising of animals; rearing of children; growing of plants; raise animals; rear children; grow plants	N1
幾多	いくた	many, much	N1
活ける	いける	to arrange (flowers)	N1
異見	いけん	different opinion; objection; have a differing opinion	N1
意向	いこう	one's desires or intentions; thoughts, intention, inclination	N1
移行	いこう	switchover; move, change over	N1
いざ	いざ	join in; a phrase uttered when inviting someone to join in starting an activity.; used to indicate an important moment, where taking action is necessary, for instance.; actually; used to indicate the moment when the speaker takes action.	N1
碑	いしぶみ	gravestone; stone engraved with memorial text	N1
衣装	いしょう	clothing	N1
意地	いじ	disposition; spirit; willpower; obstinacy	N1
苛める	いじめる	to tease, usually in a mean-spirited way; to torment; to bully	N1
移住	いじゅう	immigration; to immigrate, to move to another area	N1
弄る	いじる	tamper (alter by making unauthorized changes)	N1
何れ	いずれ	indeterminate demonstrative pronoun:; which... (of three or more choices); when...; which way...; where...; someday; one day; before long; in the end, eventually	N1
異性	いせい	the opposite sex (the other gender to which one is referring); isomerism (phenomenon of the existence of isomers)	N1
遺跡	いせき	a place of historical or archaeological importance; historic ruins; the remains of a previous civilization; land or position left by one who passes away; also, the person who inherits such	N1
依然	いぜん	same (as before); as it did before, still, as ... as ever	N1
依存	いそん	dependency; to depend on	N1
委託	いたく	charge, trust, consignment; short for 委託販売 (itaku hanbai); short for 委託参加 (itaku sanka); to entrust; to consign	N1
頂	いただき	the top	N1
戴きます	いただきます	expression of gratitude before meals	N1
至って	いたって	very, extremely, exceedingly	N1
痛む	いたむ	to hurt, to feel pain; to be injured	N1
痛める	いためる	injure, hurt; be distressed	N1
炒める	いためる	stir-fry, pan-fry, saute, sweat	N1
労る	いたわる	console, sympathize with; tend to, nurse	N1
位地	いち	place, situation, position, location	N1
一々	いちいち	one by one, each and every, in detail; one by one, each and every	N1
一概に	いちがいに	as a rule, without exception	N1
一見	いちげん	unannounced first patronage of a shop or restaurant	N1
一言	いちげん	a (single) word, a few words; to say a few words	N1
一日	いちじつ	one day, 24 hours; the daytime, the period from dawn until dusk; (figurative) a short period of time	N1
一定	いちじょう	something that is set one way and will not change; something that is fixed; something that is regular; be fixed, equal	N1
著しい	いちじるしい	significant, remarkable (having noticeable effect)	N1
一同	いちどう	all (present); everyone	N1
一人	いちにん	one person; the first or top person in a particular place or field; synonym of 右大臣 (udaijin): a minister of the right in the imperial Council of State	N1
一部	いちぶ	part, portion; copy of a newspaper or book; the Kangxi radical #1, 一.	N1
一部分	いちぶぶん	a part	N1
一別	いちべつ	parting	N1
一面	いちめん	one side; everywhere, all around, the whole area; one viewpoint, one opinion or way of thinking; the front page of a newspaper	N1
一目	いちもく	a glance; a look; stone (in the game of go); to glance, to glimpse	N1
一様	いちよう	same, alike; common; uniform	N1
一律	いちりつ	evenness; uniformity; monotony; equality	N1
一連	いちれん	a series, a chain of something	N1
一括	いっかつ	doing in bulk, in a lump sum, lump package; lump together	N1
一気	いっき	a single attempt, one go, one stretch; one instant	N1
一挙に	いっきょに	at a stroke, with a single swoop	N1
一切	いっさい	all, entirety, the whole, everything; wholly, entirely, completely, at all	N1
一心	いっしん	wholeheartedly	N1
いっそ	いっそ	rather, sooner, might as well	N1
一帯	いったい	region, zone	N1
一敗	いっぱい	one defeat	N1
一変	いっぺん	complete change, about-face	N1
何時でも	いつでも	at any time	N1
何時の間にか	いつのまにか	before one knows, unnoticed, unawares	N1
何時までも	いつまでも	forever, for good, eternally; indefinitely; for as long as one likes	N1
意図	いと	intention; aim; design; to intend, to be thinking (of doing)	N1
営む	いとなむ	run (a business), keep (a store), carry on (operations)	N1
暇	いとま	leisure; paid vacation; divorce; loss of one's job; farewell	N1
異動	いどう	a personnel change; reshuffle personnel	N1
挑む	いどむ	challenge someone, defy a person; make an attempt, try, accept a challenge	N1
稲光	いなびかり	lightning	N1
古	いにしえ	used item, secondhand item, hand-me-down; paleo-, old, used, previous	N1
祈り	いのり	prayer (request to a deity); prayer (heartfelt wish)	N1
鼾	いびき	snoring, a snore; to snore	N1
今更	いまさら	at this point in time; only now (emphasizing that the action is too late)	N1
未だ	いまだ	not yet, still not, never yet; still, continuing to the present	N1
移民	いみん	immigrant, emigrant (a person); to immigrate, to settle	N1
厭々	いやいや	grudgingly, unwillingly, reluctantly	N1
卑しい	いやしい	lowborn, lowly; shabby; greedy, avaricious; vulgar, mean (person)	N1
嫌に	いやに	awfully, terribly	N1
厭らしい	いやらしい	detestable, disagreeable	N1
愈々	いよいよ	more and more; increasingly; finally; at last; indeed; really; no doubt	N1
意欲	いよく	will, desire, ambition; will to, motivation to	N1
苛々	いらいら	irritatedly; having an unpleasant feeling like that caused by thorns pricking one's skin repeatedly; describes the intense stimulation caused by light or heat: blistering; to be irritated; to have an unpleasant feeling like that caused by thorns pricking one's skin repeatedly; to cause intense stimulation: blaze, beat down; irritation, frustration	N1
入口	いりくち	entrance	N1
衣料	いりょう	clothing; clothing fabrics, materials used for making clothes	N1
威力	いりょく	power; force	N1
入る	いる	to go in; to come in; 要る: to be necessary, to be required; to put something into something else	N1
衣類	いるい	clothing; clothes	N1
色々	いろいろ	various; variously, in many ways; a variety, many ways, many kinds	N1
異論	いろん	objection, differing opinion	N1
所謂	いわゆる	that which is said; so-called	N1
印	いん	stamp, seal; mudra; symbolic hand gesture	N1
員	いん	member	N1
印鑑	いんかん	an official name stamp	N1
陰気	いんき	gloomy, melancholic; gloom, melancholy	N1
隠居	いんきょ	retirement; a retiree; retire, go into retirement	N1
上下	うえした	up and down, the upper and the lower; the nobility and the commoners; upper clothing (such as shirts and jackets) and lower clothing (such as trousers and socks); outerwear and underwear; upside-down	N1
浮かぶ	うかぶ	float; to present itself, come to mind	N1
受かる	うかる	pass a test, examination, interview	N1
含嗽	うがい	gargling, rinsing of one's mouth; to gargle	N1
受け入れ	うけいれ	receiving, acceptance	N1
受け入れる	うけいれる	accept	N1
受け継ぐ	うけつぐ	to inherit, to succeed	N1
受け付ける	うけつける	receive, accept	N1
受け止める	うけとめる	catch or stop a moving object; stop or block the progress of something; accept the consequences or results, respond to a situation, face the music	N1
受け取り	うけとり	receipt, the acceptance of something; receipt, the written acknowledgement of receiving	N1
受身	うけみ	passive, passive voice	N1
動き	うごき	move, movement, motion; trend, change, fluctuation	N1
潮	うしお	a (morning) tide; seawater; a tidal current; short for 潮汁 (ushiojiru): a thin soup of fish or shellfish boiled in seawater; a place name; a surname; a female given name	N1
氏	うじ	a family, a clan; a certain person; Mr.; Ms.	N1
渦	うず	eddy, swirl, whirlpool, vortex	N1
埋まる	うずまる	to be surrounded	N1
嘘つき	うそつき	liar; fibber	N1
打ち合わせ	うちあわせ	meeting; talks; arrangements; to have a meeting; to make arrangements; imperfective and stem (or continuative) forms of うちあわせる (uchiawaseru)	N1
打ち合わせる	うちあわせる	knock two objects together; discuss in advance	N1
打ち切る	うちきる	terminate, break off, put an end to	N1
打ち消し	うちけし	negative (for instance, negative verb forms in Japanese)	N1
打ち込む	うちこむ	drive in; drive a ball; shoot an arrow; feed data; throw oneself into something, be passionate	N1
団扇	うちわ	a rigid hand fan that does not fold; short for 軍配団扇 (gunbai uchiwa): a rigid fan used for military signaling; a 家紋 (kamon, “family crest”) featuring an uchiwa design	N1
内訳	うちわけ	itemisation, classification, breakdown	N1
訴え	うったえ	lawsuit, litigation; complaint; imperfective and stem (or continuative) forms of 訴える (uttaeru)	N1
鬱陶しい	うっとうしい	annoying, pesky; depressing, gloomy (weather)	N1
写し	うつし	copy, replica, transcript, duplicate; tenor	N1
空ろ	うつろ	blank, cavity, hollow, empty (space)	N1
器	うつわ	container, vessel; a tool, a utensil; one's degree of ability: talent, calibre; female genitalia: a vagina	N1
雨天	うてん	wet weather; rainy weather	N1
腕前	うでまえ	facility, skill	N1
饂飩	うどん	udon (a type of Japanese wheat noodle)	N1
促す	うながす	urge, stimulate, incite	N1
唸る	うなる	to growl, to moan, to roar, to grunt, to howl, to groan	N1
自惚れ	うぬぼれ	conceit, vanity, hubris	N1
甘い	うまい	sweet, sugary, mellow; lacking saltiness; indulgent, soft; careless, lacking, lax; fragrant (of odor), melodious (of sound)	N1
生まれつき	うまれつき	since birth; that which has been with someone since birth	N1
海路	うみじ	extended vowel of a mora when a mora is stretched; sea route	N1
産む	うむ	alternative spelling of 生む (“to give birth; to bear”)	N1
埋め込む	うめこむ	to bury; to embed; to implant; to embed	N1
梅干	うめぼし	dried plum	N1
末	うら	the tip or top of a plant; a twig or shoot; a treetop; the tip or end of something	N1
裏返し	うらがえし	inside out; reverse; opposite (aspect, point of view, etc.)	N1
売り出し	うりだし	bargain sale	N1
売り出す	うりだす	put on sale, put on the market	N1
潤う	うるおう	get wet, be moistened; profit by	N1
五月蝿い	うるさい	overwhelmingly thorough (often in a positive way); excessive, repetitive (in a negative way); so thoroughly knowledgeable and particular about something as to be annoying to others: picky, nitpicking, fussy; pushy, bossy, overly particular and demanding; excellent of technique (particularly for a performance); extremely strained, faked, insincere, affected; oppressive and annoying in a surrounding and overwhelming way; noisy, loud; annoying, irritating; troublesome, bothersome, irksome (usually in reference to having to do something); dirty, messy, causing a bad feeling; shut up; stop it	N1
売れ行き	うれゆき	sales, demand	N1
浮気	うわき	fickle, unfaithful, disloyal; cheerful and showy; capricious; extramarital sex, affair, fooling around; unfaithfulness, infidelity; capriciousness; to have an affair; to be unfaithful, to cheat, to adulterate	N1
上手	うわて	superior, better; aggressive, bold, on the offensive; an overhand hold; the upper hand in an overhand hold; upstream, the upstream portion of a river; upwind; a skilled player of games, such as go or shogi	N1
上回る	うわまわる	to surpass	N1
植わる	うわる	to be planted	N1
運営	うんえい	management; administration; operation; to run, to manage, to administer	N1
うんざり	うんざり	disgustedly; to be disgusted at, by; to be tired of; to be fed up	N1
運送	うんそう	conveyance; transportation; to transport	N1
運賃	うんちん	fare	N1
云々	うんぬん	and so on; to criticize	N1
運搬	うんぱん	transportation, carrying; to transport, to carry, to convey	N1
運命	うんめい	fate; destiny	N1
運輸	うんゆ	transportation	N1
運用	うんよう	making use of, application; to make use of	N1
会	え	meeting, gathering; society, association, club; meeting; party; function; gathering; meeting; perceive; understand; comprehend; alternative form of 絵 (e, “picture; drawing; painting”)	N1
重	え	the number of overlaps; fold, layer	N1
鱝	えい	ray	N1
映写	えいしゃ	projection (of films, slides, etc.); to project (films, slides, etc.)	N1
英字	えいじ	the English alphabet; a letter of the English alphabet; something written in the English language	N1
衛生	えいせい	hygiene; sanitation	N1
映像	えいぞう	image; video (visual media, either still or moving); reflection; silhouette	N1
英雄	えいゆう	hero	N1
液	えき	liquid	N1
役	えき	war; battle	N1
閲覧	えつらん	reading newspaper or other publication; browsing a web page; to read (printed matter); to browse a web page	N1
獲物	えもの	the thing hunted: prey, game, quarry; a weapon, a hand weapon; one's preferred weapon, the weapon with which one is most proficient; one's strongest point, specialty, greatest strength	N1
襟	えり	a neckband; a collar; a lapel; nape (back part of the neck)	N1
縁	えん	fate, destiny; relationship; connection, bond, tie; cause; 縁, 椽: (Japanese architecture) a veranda or terrace surrounding a house: engawa	N1
塩	えん	a salt (substance mostly made in neutralization, such as sodium chloride)	N1
艶	えん	charming; charm	N1
園	えん	preschool; short for 幼稚園 (yōchien) kindergarten; short for 保育園 (hoikuen) nursery school; a female given name; a surname	N1
円滑	えんかつ	smooth, trouble-free	N1
縁側	えんがわ	open-air veranda, balcony, porch; bone at the base of a fin; meat at the base of a fin	N1
沿岸	えんがん	coast, shore	N1
婉曲	えんきょく	euphemistic; roundabout, euphemism, circumlocution	N1
演習	えんしゅう	exercise, drill; practice	N1
演出	えんしゅつ	production of a movie, play, or musical performance; choreograph, stage	N1
演じる	えんじる	play a part, perform	N1
演ずる	えんずる	perform, play a (theatrical) role	N1
沿線	えんせん	the location along a railway line	N1
縁談	えんだん	marriage proposal	N1
遠方	えんぽう	a far away place, a distant location	N1
円満	えんまん	amiable; harmonious, peaceful; amiability; harmony, amicability	N1
尾	お	tail; foot of a mountain; end of something	N1
於	お	in (defines a place, a moment, a concept in order to describe its relationship with the surroundings); at; sometimes appears on signage to designate the location or time of an event, preposed as in classical Chinese (but in contravention of Japanese word order).	N1
甥	おい	nephew	N1
追い込む	おいこむ	drive, force, corner, push	N1
美味しい	おいしい	delicious, tasty, something that tastes good; attractive, appealing, desirable; physically and/or sexually attractive, hot.	N1
追い出す	おいだす	drive out, expel	N1
於いて	おいて	追い手, 追手: a chaser, a pursuer; 招いて: inviting, calling someone over; 置いて, 措いて, 擱いて: placing something, setting something in a place; (after another verb in the conjunctive conjugation) doing something ahead of time or in preparation; 於いて, 於て: at, in (a location or time); on the part of; with regard to, regarding	N1
お出でになる	おいでになる	to come; to go; to be	N1
老いる	おいる	to age, to grow old	N1
負う	おう	to bear, to carry on one's back; to assume or take a responsibility; to be in a debt of gratitude; to suffer an injury	N1
応急	おうきゅう	responding to an emergency	N1
黄金	おうごん	gold (Au) as a metal; gold as a colour; money, more specifically the large 大判 (ōban) gold coins formerly used in Japan	N1
黄色	おうしょく	yellow	N1
応募	おうぼ	written request for employment etc.; application; enlistment in a military; response to an advertisement; to apply; to enlist; to respond	N1
おおい	おおい	Used to attract the attention of someone far away: hey, ahoy	N1
大方	おおかた	the majority, the large part; people in general, the public; mostly, nearly; maybe, probably	N1
大柄	おおがら	large, big-boned; with a large pattern; a large build; a large pattern	N1
大げさ	おおげさ	grandiose, exaggerated	N1
大事	おおごと	a serious matter	N1
大ざっぱ	おおざっぱ	rough (as in not precise), broad, sketchy	N1
大筋	おおすじ	outline; gist; summary	N1
大空	おおぞら	firmament; heavens; sky; a surname	N1
大幅	おおはば	wide, broad (especially more so than normal); large scale, drastic, major, substantial; a specific measure used for traditional Japanese textiles: full-breadth cloth, roughly 72 cm wide, twice the width of a 小幅 (kohaba) measure	N1
大水	おおみず	flood	N1
公	おおやけ	a European sovereign prince; a duke; in China and Vietnam, an alternative to 王 (ō, “prince”), used by certain dynasties for princes; used as suffix to denote familiarity with or disdain for someone or an animal	N1
お蔭	おかげ	grace (of God), benevolence (of Buddha), blessing, assistance, help, aid, influence	N1
お蔭様で	おかげさまで	Thanks to god, thanks to you	N1
可笑しい	おかしい	funny:; funny, laughable; strange, odd; unreasonable, illogical; interesting:; interesting; tasteful; beautiful and attractive; excellent, superb	N1
犯す	おかす	to commit something; to violate, to rape, to fuck roughly	N1
侵す	おかす	intrude, trespass, invade; violate, infringe	N1
お菜	おかず	a side dish; fill-in (drums); wank material; things to masturbate to	N1
臆病	おくびょう	cowardly; timid; cowardice	N1
遅らす	おくらす	to slow down; to impede; to delay; to postpone when something takes place; to put off	N1
遅れ	おくれ	something later, after, or behind; delay, postponement, lag; loss, failure, inferiority compared to something else; uncertainty, nervousness, indecision	N1
起こす	おこす	to wake (someone); to get (someone) up; to raise; to cause (something to happen); to bring about	N1
行い	おこない	deed, conduct, behavior, action, asceticism	N1
厳か	おごそか	solemn (ceremony, atmosphere, etc.); austere; grave; majestic; dignified; stately; impressive	N1
傲る	おごる	to be proud	N1
長	おさ	chief, head, leader; a place name; a surname	N1
押さえる	おさえる	to stop, to restrain, to seize, to repress, to suppress, to press down	N1
お先に	おさきに	before, ahead, previously	N1
収まる	おさまる	be put in place, be put back in place, be restored; be settled, be brought to a settlement	N1
納まる	おさまる	to be obtained, to end, to settle into, to fit into, to be settled, to be paid, to be delivered	N1
治まる	おさまる	to cease; to calm down (of a disturbance, unrest, etc.); to be ruled; to be governed; to be alleviated (of a symptom)	N1
お産	おさん	(giving) birth	N1
教え	おしえ	teachings, precept, lesson, doctrine	N1
押し込む	おしこむ	to push into; to cram into	N1
惜しむ	おしむ	be stingy, be frugal; hold dear; regret; be reluctant	N1
お喋り	おしゃべり	idle chatter; to chat idly	N1
お洒落	おしゃれ	stylish, smart, fashionable, smartly dressed; someone stylish, a person that is smartly dressed; stylishness; be fashionable	N1
押し寄せる	おしよせる	to flood; to advance on; to close in on, to surge toward; to push to one side	N1
お祖父さん	おじいさん	grandfather, male senior-citizen	N1
お邪魔します	おじゃまします	hello, sorry for any trouble	N1
雄	おす	a male (plant or animal)	N1
お世辞	おせじ	flattery	N1
襲う	おそう	to attack, to assault; to visit suddenly; to overcome one; to follow (as successor)	N1
遅くとも	おそくとも	at the latest	N1
恐らく	おそらく	probably, in all likelihood	N1
恐れ	おそれ	恐れ, 怖れ: fear, horror, uneasiness; 恐れ, 虞: concern that something bad will happen, risk, danger; 恐れ, 畏れ: reverence, awe	N1
恐れ入る	おそれいる	be sorry (to trouble you); be impressed; be surprised, overwhelmed	N1
お大事に	おだいじに	get well soon, take care of yourself; honorific form of 大事に	N1
煽てる	おだてる	flatter (someone into doing); cause a commotion	N1
落ち込む	おちこむ	fall (into a hole); sink; to feel sad; be in a slump (e.g. an economic slump)	N1
落ち着き	おちつき	calm, composure	N1
落ち葉	おちば	fallen leaves	N1
落ちる	おちる	to fall; to go down (as when a computer or application becomes unresponsive); to trip; to fail an examination; to leave; to sign off; to drop off; to drop; to be made available by someone else; to drop	N1
おっかない	おっかない	frightening; scary	N1
仰っしゃる	おっしゃる	to say (honorific for 言う)	N1
乙	おつ	the second of the ten Celestial Stems; something B; the second item of any ordered list; one tone lower than the note indicated by 甲 (kō, “something A”); a lower, sonorous and moving sound or tone; in noh musical accompaniment, a specific kind of muffled drum beat played by striking the head of the taiko drum and keeping the mallet pressed against the head; a stupid person, someone who is slow on the uptake; the state or circumstances of a thing; dressing up in an odd fashion; out of the ordinary, strange or unusual in an interesting or stylish way; strange, odd, weird; clipping of お疲れ様です (otsukaresama desu)	N1
お使い	おつかい	errand	N1
お手上げ	おてあげ	throwing up one's hands: giving up, quitting	N1
御手洗い	おてあらい	toilet, restroom, lavatory, bathroom (US)	N1
弟	おと	one’s own younger brother; a younger male; younger brother	N1
落とす	おとす	to drop something; to remove/take off; to make a woman one's girlfriend; to download; to fail an examination	N1
訪れる	おとずれる	visit, call on, pay somewhere a visit; for an occurrence to come, arrive	N1
大人しい	おとなしい	quiet; good-tempered, gentle, mild; obedient, docile	N1
少女	おとめ	a young woman, adult but unmarried: a maiden; a girl; a female virgin; a celestial maiden, a fairy, a nymph; a young woman dancer performing at the 五節 (Gosechi) ceremony in the eleventh lunar month	N1
お供	おとも	attendant, companion	N1
衰える	おとろえる	weaken, waste away, decline, fade	N1
おどおど	おどおど	hesitatingly, sheepishly, timidly; be timid	N1
脅かす	おどかす	threaten, intimidate; frighten	N1
脅す	おどす	to threaten	N1
驚き	おどろき	surprise; astonishment; shock; stem or continuative form of 驚く (odoroku)	N1
同い年	おないどし	being born in the same year, or someone born in the same year	N1
女子	おなご	a female child; a girl; a woman	N1
お願いします	おねがいします	Please (emphasize a request).	N1
各	おのおの	each; every; either	N1
自ずから	おのずから	by itself, naturally, on its own (by accident or chance)	N1
お早う	おはよう	good morning	N1
お祖母さん	おばあさん	grandmother, female senior-citizen	N1
怯える	おびえる	to be frightened	N1
夥しい	おびただしい	immense; great many, innumerable	N1
帯びる	おびる	to wear (a sword, decoration, etc.); to carry; to be entrusted (e.g. with a mission); to take on; to have a trace of; to be tinged with	N1
覚え	おぼえ	recalling; remembering; notes; imperfective and stem (or continuative) forms of おぼえる (oboeru)	N1
御負け	おまけ	bonus, extra, freebie	N1
お巡りさん	おまわりさん	a policeman, a policewoman, a police officer	N1
お宮	おみや	Shinto shrine	N1
お襁褓	おむつ	alternative form of 御襁褓	N1
面	おも	mask; face; features; surface; page; side of a record or CD; -looking	N1
思い付き	おもいつき	an idea, suggestion	N1
面白い	おもしろい	interesting; amusing; funny	N1
玩具	おもちゃ	a toy, plaything	N1
重なる	おもなる	to link together, connect together; to line up especially in an orderly fashion; to pile up, heap up, accumulate; to become more abundant or deeper; to happen at the same time	N1
趣	おもむき	general appearance	N1
赴く	おもむく	proceed in a certain direction; get, reach a certain state	N1
重役	おもやく	heavy responsibilities, director	N1
重んじる	おもんじる	to respect, to esteem, to honour, to treasure, to look up to	N1
重んずる	おもんずる	to honour, to respect, to esteem; to cherish, to prize	N1
お休み	おやすみ	sleep, rest; a day off, absence, a holiday; short for お休みなさい (oyasumi nasai, “good night”)	N1
お八つ	おやつ	in the old timekeeping system, the period of roughly 2:00 until 4:00, both AM and PM; a snack eaten at around 3:00 pm; a snack between meals	N1
凡そ	およそ	about, nearly, roughly, approximately, around, more or less, in round numbers; not at all, not the slightest; the outlines, the basic situation, roughly how something is; being careless or sloppy; the rough amount, an approximation	N1
及び	および	and, as well as; reach	N1
及ぶ	およぶ	reach, extend to, cover, span, run to	N1
織	おり	weaving; weave; woven item	N1
檻	おり	cage; cell; occasion; time; stem or continuative form of おる (oru); 織: weaving	N1
折り返す	おりかえす	fold back, turn up, roll up; turn back, come back, go back	N1
織物	おりもの	textile, fabric	N1
織る	おる	to weave	N1
俺	おれ	I, me; you	N1
愚か	おろか	foolish; a foolish waste of time to say; let alone..., much less..., not to mention... (as ...はおろか or ...もおろか)	N1
疎か	おろそか	negligent	N1
終わる	おわる	to end, to finish, to quit; to be in a hopeless position	N1
音色	ねいろ	timbre	N1
温和	おんわ	mild; pleasant, genial; mildness; geniality	N1
仮	か	temporary; unreal, fake, imaginary	N1
科	か	department, section; family	N1
個	か	item, article, thing	N1
下位	かい	being at a lower position, a lower location; being at a lower rank, being lower in order	N1
階	かい	floors, storeys (of a building)	N1
改悪	かいあく	worsening, deterioration; to worsen, to deteriorate	N1
海運	かいうん	maritime transportation	N1
改革	かいかく	reform, improvement; reform	N1
貝殻	かいがら	a shell, seashell; a place name; a surname	N1
階級	かいきゅう	social standing, (social) status, (social) class	N1
海峡	かいきょう	strait, channel	N1
会見	かいけん	interview; have an interview	N1
介護	かいご	nursing care; care for	N1
開催	かいさい	holding a conference or event; hold an event	N1
回収	かいしゅう	recovery, calling in; collect, recover; withdraw	N1
改修	かいしゅう	renovation; repair; renovate, improve	N1
怪獣	かいじゅう	monster	N1
解除	かいじょ	cancellation of an order or contract; release, unlocking; disbanding; lifting of sanctions; to cancel an order or contract; to release or unlock; to lift sanctions; to disband	N1
回送	かいそう	forwarding; sending on; passing on; deadheading; to forward; to send on; to pass on; to deadhead	N1
階層	かいそう	hierarchy; level, stratum	N1
開拓	かいたく	reclamation of land, cultivation of farmland, development of resources; exploration; reclaim, cultivate, develop; explore	N1
会談	かいだん	talks; meeting; to have a talk, to meet face-to-face with	N1
改定	かいてい	revision (of laws); revise	N1
改訂	かいてい	revision (of documents); revise	N1
街道	かいどう	a highway	N1
介入	かいにゅう	an intervention; intervene, step in (an argument), edge in (a market)	N1
開発	かいはつ	development or exploitation of natural resources etc.; development or creation of new technology, drugs, or products; development or cultivation of talent or ability; to develop or exploit resources; to develop or create new products or fields; to cultivate talent or ability	N1
海抜	かいばつ	altitude (height measured from sea)	N1
介抱	かいほう	nursing; to nurse (the sick), to tend	N1
解剖	かいぼう	dissection, autopsy; to dissect	N1
回覧	かいらん	circulation (of books, documents, etc.); to circulate (books, documents, etc.)	N1
海流	かいりゅう	an ocean current	N1
改良	かいりょう	amelioration, improvement, betterment; ameliorate, improve, better, upgrade	N1
回路	かいろ	any circuit in which energy or matter moves in a cycle, such as an electrical circuit	N1
顧みる	かえりみる	reconsider, look back, take notice of; regard (“consider, take notice of, look upon, to consider to have value, to respect.”)	N1
省みる	かえりみる	to reflect	N1
返る	かえる	to return, go back; to reverse, turn over; to move in the opposite direction; to interchange front and back; to change color, fade; to renew; to start over; suffixed to the 連用形 (ren'yōkei, “stem or continuative form”) of a verb:; to [verb] completely; to [verb] over and over or repeatedly	N1
顔付き	かおつき	face, countenance; expression, look	N1
掲げる	かかげる	put up, hang out; publish, print; declare, state; adopt a slogan, tout a plan	N1
踵	かかと	heel	N1
係り	かかり	stem or continuative form of かかる (kakaru)	N1
課外	かがい	extracurricular	N1
書き取り	かきとり	alternative form of 書取	N1
書き取る	かきとる	to write down; to take dictation; to transcribe	N1
掻き回す	かきまわす	to stir; to rummage through; to cause a disturbance; to throw into disorder	N1
欠く	かく	chip, break off a part; lack	N1
角	かく	angle; cape, headland, point; A bishop (shogi). Abbreviation of 角行.; a surname	N1
核	かく	atomic nucleus; kernel; core, nucleus; cell nucleus	N1
格	かく	status, rank; case (of a word); capacity; character; case (law); a male given name	N1
佳句	かく	beautiful passage of literature	N1
画	かく	delimiter, demarcation, stopping point; plan, strategy; stroke (the individual lines and dots that comprise a kanji character); a line in the divinatory trigrams of the I Ching: \"—\" (陽) and \"- -\" (陰); number of strokes in a kanji	N1
格差	かくさ	difference, especially in social orders	N1
拡散	かくさん	diffusion, scattering, spread; diffusion; to scatter, to spread	N1
各種	かくしゅ	all kinds of, every kind, a full range	N1
隔週	かくしゅう	every other week	N1
確信	かくしん	conviction, confidence in; to be convinced that	N1
革新	かくしん	innovation; progressivism; renovate	N1
確定	かくてい	decision; decide, establish, determine, fix, finalize	N1
獲得	かくとく	acquisition; to acquire, to get, to obtain, to win	N1
確保	かくほ	guarantee; to reserve, to secure	N1
革命	かくめい	a revolution; a coup d'état; one of the sankaku in traditional cosmology; a year often accompanied by change	N1
確立	かくりつ	establishment; to establish	N1
賭け	かけ	bet; wager	N1
掛け	かけ	credit; abbreviation of 掛け蕎麦 (kakesoba): soba noodles in hot broth with no accompaniment; abbreviation of 掛け饂飩 (kakeudon): udon noodles in hot broth with no accompaniment; something that has been started; rack, holder, hanger, hook, stand; in the midst of; imperfective and stem (or continuative) forms of 掛ける (kakeru)	N1
駆け足	かけあし	running; being hurried; hurrying; 駈歩, 駆歩: (equestrianism) canter, the fastest speed at which a horse moves; to run; 駈歩, 駆歩: (equestrianism)	N1
家計	かけい	household economy, family finances	N1
駆けっこ	かけっこ	racing; sprinting (as a children's competition)	N1
翔る	かける	to run (race esp. horse), to gallop, to canter	N1
駆ける	かける	翔る, 翔ける: to soar; to fly; to run; to dash; to gallop (one's horse); to canter; to attack (as an army); to charge (esp. cavalry)	N1
賭ける	かける	to gamble, stake, wager; to bet, be almost certain; to risk, bet	N1
ヶ月	かげつ	counter for months, used to express a period of time numbered in months	N1
加工	かこう	manufacturing; processing; manufacture; process	N1
化合	かごう	chemical combination; chemically combine, bind	N1
嵩張る	かさばる	to be/grow bulky, voluminous, numerous	N1
嵩む	かさむ	increase in volume, amount, or number	N1
風車	かざぐるま	a windmill (structure); a pinwheel, a toy that spins in the wind; a crest in the shape of a windmill or pinwheel; economic disadvantage, a difficult life; the “windmill opening” in shogi; a kind of clematis flower, the Clematis patens	N1
畏まりました	かしこまりました	polite perfective form of verb 畏まる (kashikomaru): understood, acknowledged	N1
華奢	かしゃ	lavish, luxurious, showy, gaudy	N1
箇所	かしょ	a place, a spot; a point; a part; a passage (of a text)	N1
火傷	かしょう	a burn (caused by heat); a scald; to burn, to scald	N1
箇条書き	かじょうがき	itemized form, itemization, bullet point; to make a list, to itemize	N1
噛る	かじる	to chew, to bite (at), to gnaw, to nibble, to munch, to crunch, to have a smattering of	N1
微か	かすか	faint; (of a sight) dim	N1
霞む	かすむ	to grow hazy, be misty; 霞む, 翳む: to become blurry, especially when tears come out; to get dim; to be overshadowed; to blur; in kabuki, for the 下座 (geza) musicians to play weakly and quietly	N1
化する	かする	change into, transform	N1
擦る	かする	to graze, to touch lightly; to take a cut (of profits, etc.), to exploit, to extort	N1
火星	かせい	Mars (planet)	N1
化石	かせき	a fossil; petrifaction; out-of-date person, thing; to fossilize	N1
河川	かせん	river; rivers	N1
化繊	かせん	short for 化学繊維 (kagaku sen'i)	N1
過疎	かそ	underpopulation (especially in rural areas)	N1
過多	かた	excess, overabundance; excessive, overabundant	N1
難い	かたい	difficult	N1
片思い	かたおもい	love that is one-sided, unreturned, unanswered, unrequited, unreciprocated, etc.; unrequited love; crush	N1
敵	かたき	an enemy; revenge, vengeance; opponent (of the game or conflict); marriage partner	N1
気質	かたぎ	temperament, disposition	N1
片言	かたこと	broken language	N1
片付け	かたづけ	tidying up, putting in order	N1
傾く	かたぶく	to tilt, lean; to think something strange or odd; to set in the west, said of the sun or moon; to lose force, power, or momentum; to favor; to blame; to criticize (US)/criticise (UK)	N1
傾ける	かたむける	incline, tilt, slant	N1
固める	かためる	harden; strengthen; fortify; settle down in life	N1
偏る	かたよる	lean, incline; be biased, be prejudiced	N1
傍ら	かたわら	in addition, besides, while; the side of something; a person nearby; the area nearby; vicinity; a remote partially built-up area along a major highway; in addition to…, while doing…, on the other hand…	N1
課題	かだい	subject; homework exercise; task, problem	N1
花壇	かだん	flowerbed	N1
家畜	かちく	livestock; domesticated animals; domestic cattle	N1
画期	かっき	画期, 劃期; 火っ気: fire, flame; 客気; 活気: liveliness; 活機	N1
活発	かっぱつ	active, vigorous, spirited, perky, vivacious; activity, vigor, vivacity	N1
且つ	かつ	and	N1
割	かつ	divide, cut; proportion; tenth; cut; division	N1
嘗て	かつて	once, before, formerly, former; never	N1
門	かど	a gate, portal; an entrance, gateway, opening; a clan, family, kin; a surname	N1
叶う	かなう	to be fulfilled	N1
叶える	かなえる	to grant (a wish), to realize (a dream); to fulfil (a condition); to answer (a prayer)	N1
金槌	かなづち	a hammer with at least a metal head, or possibly made entirely of metal; someone who cannot swim at all (as a metal hammer sinks quickly in water)	N1
鉄棒	かなぼう	a metal rod or staff; the horizontal bar	N1
可成	かなり	quite; rather; considerably; fairly; quite; considerable; fair	N1
加入	かにゅう	becoming a member of a group; subscribing, or making affiliation with; join, become a member	N1
金庫	かねぐら	a safe	N1
予言	かねごと	prophecy; prediction; predict, foretell; make a prophecy	N1
兼ねて	かねて	since previous times; conjunctive form of かねる (kaneru)	N1
下番	かばん	finishing one's duties (in the military, etc); finish one's duties (in the military, etc)	N1
華美	かび	magnificence; splendor; magnificent, splendid, gaudy	N1
花粉	かふん	pollen	N1
株式	かぶしき	stock (in a company)	N1
気触れる	かぶれる	to break out in a rash; to be influenced by something, to be under the influence of something	N1
貨幣	かへい	currency, money	N1
構え	かまえ	structure, construction, appearance; posture, stance; readiness, determination, preparedness	N1
構える	かまえる	build, set up a building; assume an attitude, have a certain manner; level a gun or other weapon; scheme	N1
加味	かみ	seasoning, flavoring; addition; season; add	N1
噛み切る	かみきる	to bite off, to gnaw through	N1
過密	かみつ	overcrowding, crowded; tightly packed (e.g. schedule); overcrowded	N1
瓶	かめ	earthenware pot	N1
かも知れない	かもしれない	may, might, perhaps	N1
粥	かゆ	congee (a type of rice porridge)	N1
痒い	かゆい	itchy, itching	N1
揶揄う	からかう	alternative spelling of からかう (karakau): to make fun of, to tease, to kid; to resist; to be irresolute; to quarrel	N1
身体	からだ	body	N1
体付き	からだつき	general build and appearance (of the body)	N1
絡む	からむ	to become entangled with; to be involved, to be a cause of; to start a fight with	N1
借り	かり	borrowing, a debt, a loan (for the borrower, not the lender); in the Edo period, a system for arranging house calls by prostitutes; borrower, debtor: short for 借方(かりかた) (karikata)	N1
下吏	かり	lower official	N1
加留多	かるた	歌る多, 歌留多: a female given name; カルタ: a traditional Japanese game	N1
涸れる	かれる	涸れる: to dry up; 枯れる: of a plant: to wither; to wilt; to die; 枯れる, 嗄れる: of one's voice: to become husky; to become hoarse	N1
過労	かろう	overwork	N1
辛うじて	かろうじて	barely, narrowly, by a narrow margin, just enough	N1
側	かわ	side	N1
可愛い	かわいい	lovable, beloved; cute, adorable	N1
可愛がる	かわいがる	to adore, to be sweet on; to persistently bother or annoy someone, to be a noodge to someone; to bully someone, to beat someone; to train someone very strenuously	N1
可哀想	かわいそう	pitiable; pitiful; poor; pathetic	N1
可愛らしい	かわいらしい	darling, lovely, pretty	N1
交わす	かわす	exchange (messages, greetings, etc.); to do with each other (promise, handshake, etc.); cross, intersect; with each other, with one another	N1
代わる	かわる	substitute, be substituted for, be substituted for a person, take the place of	N1
代わる代わる	かわるがわる	by turns, alternately	N1
乾	かん	northwest; dehydrate; arid; drought; imbibe; paradise; the emperor; a surname; dry; the sky; the first of the eight trigrams of the I Ching ☰; the first of the sixty-four hexagrams of the I Ching ䷀	N1
管	かん	pipe; the shaft or handle of a calligraphy brush; a wind instrument	N1
幹	かん	the trunk or core of something:; a tree trunk; a plant stalk; tree trunk; stem; main part; core; talent; capability	N1
冠	かん	headpiece, crown; crown; champion	N1
観	かん	look, appearance; sight; observation meditation; outlook on …; view of …	N1
館	かん	a large building; a mansion, a villa, an estate; a movie theatre; a hall, a building, a section of a building, a house	N1
簡易	かんい	simple, easy; simplicity, ease	N1
感慨	かんがい	strong emotion, deep emotion	N1
寒気	かんき	a mass of cold air	N1
簡潔	かんけつ	concise, brief; conciseness, brevity	N1
還元	かんげん	reduction; resolution of a problem; the return of something; reduce; resolve a problem; return something to someone	N1
刊行	かんこう	publication; to publish	N1
慣行	かんこう	customary practice; tradition	N1
勧告	かんこく	recommendation, advice; recommend, advise	N1
看護	かんご	nursing; to nurse, care for	N1
漢語	かんご	kango, a Japanese word of Chinese origin, or a Japanese word coined along Chinese lines (a Sino-Japanese word); the Chinese language; the ancient Chinese language, the language of the Han (漢 /汉 (hàn)) ethnicity	N1
換算	かんさん	conversion, exchange; to convert, to exchange	N1
監視	かんし	surveillance; to observe, to monitor, to supervise	N1
慣習	かんしゅう	common practice, usual custom; becoming accustomed to; to become accustomed to	N1
観衆	かんしゅう	spectators	N1
干渉	かんしょう	interference; to interfere	N1
感触	かんしょく	touch, feel, sense	N1
肝心	かんじん	vital, essential, main; that which is essential or fundamental	N1
歓声	かんせい	cheer, a glad cry	N1
感染	かんせん	infection, contagion; to become infected, to catch	N1
幹線	かんせん	main line, trunk line	N1
関税	かんぜい	customs duty, customs, tariff	N1
簡素	かんそ	simple, plain; simplicity	N1
観点	かんてん	a viewpoint; a point of view	N1
感度	かんど	sensitivity; reception; photographic sensitivity	N1
幹部	かんぶ	executive; officer	N1
勘弁	かんべん	pardon; forbearance; forgive; forbear	N1
完璧	かんぺき	perfect, infallible, complete; perfection, infallibility, completeness	N1
感無量	かんむりょう	immeasurable deep emotion	N1
勧誘	かんゆう	soliciting, inducement; to solicit, to bid, to induce, to persuade	N1
関与	かんよ	involvement; be involved in, be engaged, enter the picture	N1
慣用	かんよう	everyday use, common usage; use customarily, use commonly	N1
寛容	かんよう	tolerant, lenient; magnanimous; tolerance, lenience; magnanimity	N1
観覧	かんらん	watching, viewing; to watch, to view	N1
官僚	かんりょう	bureaucrat; bureaucracy	N1
慣例	かんれい	convention, precedent, practice	N1
還暦	かんれき	sexagennial, kanreki (the sixtieth anniversary or sixtieth birthday)	N1
貫禄	かんろく	importance; dignity; presence; eminence; giving the impression of having what it takes.	N1
緩和	かんわ	relaxation, lessening in amount, alleviation; lessen in amount, alleviate, ease up	N1
蓋	がい	cover; lid; flap; lid; cap; cover; (malacology) operculum	N1
街	がい	town, district, area	N1
外貨	がいか	foreign currency; foreign goods	N1
外観	がいかん	outward appearance, façade	N1
外相	がいしょう	foreign minister	N1
害する	がいする	to damage, to harm; to kill	N1
概説	がいせつ	outline; give an outline, state generally	N1
該当	がいとう	corresponding, applying to, coming under; to correspond, to apply, to be applicable, to fall under, to meet, to fit	N1
街頭	がいとう	street, street corner; neighbourhood	N1
概念	がいねん	concept, general idea	N1
外来	がいらい	being foreign; outpatient	N1
概略	がいりゃく	outline, gist, summary	N1
学芸	がくげい	arts and sciences, liberal arts; the education scene, the overall education system	N1
学士	がくし	a bachelor (person who has achieved bachelor's degree); a graduate (from a university)	N1
学説	がくせつ	theory	N1
楽譜	がくふ	written music, music manuscript	N1
学歴	がくれき	academic background	N1
崖	がけ	steep bank, cliff	N1
雅致	がち	elegance, good taste	N1
がっくり	がっくり	heartbroken	N1
合唱	がっしょう	singing in chorus; sing in chorus	N1
がっしり	がっしり	firmly, solidly, tough	N1
合致	がっち	matching perfectly; to match perfectly	N1
がっちり	がっちり	solidly built, tightly, shrewd, calculating	N1
月日	がっぴ	a date (month and day in the calendar)	N1
合併	がっぺい	combination, fusion, merger, amalgamation, union; combine, fuse, amalgamate, unite	N1
がる	がる	to behave or act as if feeling in a certain way; to pretend	N1
側	がわ	side	N1
癌	がん	cancer	N1
眼科	がんか	ophthalmology	N1
眼球	がんきゅう	eyeball	N1
眼鏡	がんきょう	glasses, eyeglasses	N1
頑固	がんこ	stubbornness; stubborn	N1
願書	がんしょ	application form	N1
頑丈	がんじょう	strong, sturdy, indestructible; hardy; sturdiness, indestructibility	N1
岩石	がんせき	rock (natural mineral aggregate)	N1
元年	がんねん	the first year of a calendar era, especially an East Asian imperial reign	N1
贋物	がんぶつ	A fake; a counterfeit.	N1
元来	がんらい	originally; essentially, primarily; by nature	N1
生	き	purity, a lack of any admixture, a state of being undiluted; unrefined; pure, undefiled, unadulterated	N1
期	き	period (of time); season; geological age	N1
企画	きかく	planning; a plan; a project; to plan, to put together	N1
規格	きかく	standard, norm	N1
着飾る	きかざる	dress up (to wear fancy dress)	N1
器官	きかん	the largest parts of an organism; organ	N1
季刊	きかん	a quarterly, a newsletter or magazine that comes out quarterly	N1
危害	きがい	harm	N1
気兼ね	きがね	constraint; reserve; feeling hesitant; being afraid of troubling someone; to feel hesitant	N1
気軽	きがる	lighthearted, casual, relaxed; lightheartedness, casualness, relaxedness	N1
危機	きき	crisis, pinch	N1
聞き取り	ききとり	listening comprehension	N1
効き目	ききめ	effect, virtue, efficacy, impression	N1
帰京	ききょう	return to the capital; to return to the capital	N1
基金	ききん	fund	N1
棄権	きけん	giving up of one's rights; (especially) abstention (in voting); to give up of one's rights; (especially) to abstain (in voting)	N1
喜劇	きげき	comedy; farce	N1
起源	きげん	origin, derivation, genesis	N1
機構	きこう	mechanism - mechanical structure, and its function; organisation; agency - a group of people/legal entities with purpose and rules	N1
既婚	きこん	being already married	N1
記載	きさい	statement, description, mention of; to record	N1
気障	きざ	affected, disagreeable, pretentious, snobby; affectation	N1
兆し	きざし	sign, omen	N1
軋む	きしむ	To make a prolonged sharp grating or squeaking sound, as by the friction of hard substances; to creak; to squeak.	N1
気象	きしょう	weather, meteorological phenomenon; a person's temper, disposition	N1
期日	きじつ	a scheduled day for an event; a date; a scheduled day by which something needs to be done; a deadline	N1
記述	きじゅつ	description; to describe	N1
奇数	きすう	odd number	N1
築く	きずく	to build up; to construct (a castle, fort, etc.)	N1
傷付く	きずつく	to be hurt, to be wounded, to get injured	N1
規制	きせい	regulation, control, restriction; restrict, regulate, control	N1
汽船	きせん	steamship	N1
寄贈	きそう	alternative form of 寄贈 (kizō, “donation”); alternative form of 寄贈する (kizō suru, “to donate”)	N1
貴族	きぞく	noble, aristocrat (one of the aristocracy)	N1
鍛える	きたえる	to forge, to train	N1
来る	きたる	to come, to arrive	N1
気立て	きだて	personality, temperament	N1
きちっと	きちっと	exactly, perfectly	N1
几帳面	きちょうめん	methodical, scrupulous, meticulous; A post in a piece of woodwork which has been rounded down on the corner such that grooves run down the post lengthwise where the curves of the corner meet the flat surfaces of the sides.	N1
切っ掛け	きっかけ	a start; a chance, an opportunity; a clue, a lead; motive, occasion	N1
きっかり	きっかり	exactly, sharp	N1
喫茶	きっさ	drinking tea; tea house, tearoom	N1
きっちり	きっちり	on the dot, punctually; exactly, neatly, closely, plumb	N1
屹度	きっと	surely, certainly; sternly	N1
きっぱり	きっぱり	decisively	N1
規定	きてい	rule; prescribe, stipulate	N1
起点	きてん	beginning point, origin	N1
軌道	きどう	orbit; orbital; railroad track; trajectory	N1
甲	きのえ	the first of the ten heavenly stems	N1
気配	きはい	thoughtfulness, consideration; the appearance, state, or condition of something; mood, feeling, emotion; the state, feeling, or sentiment of a market	N1
規範	きはん	norm; standard	N1
気品	きひん	refinement, elegance, the quality of being sublime	N1
気風	きふう	character, traits, ethos	N1
起伏	きふく	ups and downs; undulations; rise and fall	N1
規模	きぼ	scale, scope, extent, dimension	N1
気まぐれ	きまぐれ	whim, caprice, whimsy, fickle, moody, uneven temper	N1
生真面目	きまじめ	in an overserious way; overserious	N1
期末	きまつ	end of term	N1
決まり悪い	きまりわるい	feeling awkward, being ashamed	N1
決まる	きまる	to be decided, to be concluded, to be brought to a resolution	N1
記名	きめい	signature, register; to sign	N1
脚色	きゃくしょく	dramatization (the act of dramatizing); embellishment of a story; dramatize (to adapt a literary work); embellish a story	N1
脚本	きゃくほん	script (text of the dialogue and action for a drama)	N1
客観	きゃっかん	objectivity; object	N1
規約	きやく	code, protocol	N1
救援	きゅうえん	relief; rescue; to rescue; to relieve	N1
休学	きゅうがく	suspension of studies, absence from school while remaining on the register, especially due to illness; take a leave of absence from school	N1
究極	きゅうきょく	the ultimate, extreme	N1
窮屈	きゅうくつ	tight, cramped, tight-fitting, rigid, uncomfortable, uneasy; narrow; illiberal, oppressive, uncomfortable; tightness, rigidity, uncomfortableness; narrowness; illiberality, oppressiveness, uncomfortableness	N1
球根	きゅうこん	bulb, corm, or tuber (swollen underground portion of a plant)	N1
救済	きゅうさい	rescue; relief; aid; to relieve; to give help	N1
給食	きゅうしょく	the provision of a meal; school meal; to provide a meal, such as for students or employees	N1
給仕	きゅうじ	waiter, waitress, table servant; in the past, someone who does chores in an office; to wait or serve at a table	N1
休戦	きゅうせん	armistice, truce; cease hostilities	N1
旧知	きゅうち	old acquaintance	N1
宮殿	きゅうでん	palace	N1
窮乏	きゅうぼう	poverty	N1
丘陵	きゅうりょう	hill	N1
共	とも	both, all; altogether; ...included	N1
供する	きょうする	offer, present, submit, serve (a meal), supply	N1
驚異	きょうい	a marvel, a wonder	N1
教員	きょういん	teacher, schoolteacher	N1
教科	きょうか	subject; curriculum	N1
協会	きょうかい	association; organization	N1
共感	きょうかん	sympathy; empathy; sympathize; empathise	N1
共学	きょうがく	co-ed; for male students and female students to study together; to study in the same room	N1
協議	きょうぎ	consultation, conference, deliberation, discussion, negotiation; to confer, to discuss	N1
教訓	きょうくん	lesson, teaching; to teach	N1
境遇	きょうぐう	situation; circumstances	N1
強行	きょうこう	forcing its way; to force its way	N1
強硬	きょうこう	firm, vigorous, unbending, unyielding, strong, stubborn	N1
凶作	きょうさく	bad harvest	N1
共産	きょうさん	communism; short for 共産党	N1
教材	きょうざい	teaching materials	N1
教習	きょうしゅう	training, instruction	N1
郷愁	きょうしゅう	nostalgia:; the yearning or longing of one's hometown, when in another distant place; the feeling of longing for or drawn to the past; Peter Camenzind (a novel by Hermann Hesse)	N1
教職	きょうしょく	teaching, the profession of teaching	N1
享受	きょうじゅ	reception, being given; to receive, to enjoy, to accept	N1
興じる	きょうじる	to amuse oneself, to make merry	N1
強制	きょうせい	compulsion, imposition, enforcement, coercion; to force, to impose, to compel, to coerce	N1
共存	きょうそん	coexistence; to coexist	N1
姉妹	きょうだい	sisters; the status of being a sister	N1
協調	きょうちょう	cooperation; to cooperate	N1
協定	きょうてい	an agreement, an accord, a convention; to make an agreement, to forge a pact	N1
脅迫	きょうはく	threat; to threaten	N1
共鳴	きょうめい	resonance of strings etc.; sympathy; to resonate; to sympathize, to be in sympathy with	N1
郷里	きょうり	hometown; homeland	N1
強烈	きょうれつ	powerful, strong, intense; intensity, strength	N1
共和	きょうわ	collaboration; cooperation; working together in harmony; republicanism	N1
曲	きょく	a piece of music	N1
局限	きょくげん	limit, localisation; to limit, to confine	N1
極端	きょくたん	extreme; the extreme; the edge, the boundary	N1
居住	きょじゅう	residence; to dwell, to inhabit, to reside	N1
拒絶	きょぜつ	refusal; to refuse	N1
拒否	きょひ	refusal; to refuse, to reject, to deny	N1
許容	きょよう	permissible use, acceptable use, tolerated use; to tolerate, to admit, to allow	N1
距離	きょり	distance; mental distance, psychological gap	N1
寄与	きよ	contribution; to contribute	N1
清らか	きよらか	clean; pure	N1
気楽	きらく	comfortable, easy; easygoing; comfort, ease; freedom from care	N1
煌びやか	きらびやか	gorgeous, gaudy, dazzling, gay	N1
切り	きり	切り, 切, 限: limits, bounds, end; cutter; just, only	N1
桐	きり	the paulownia tree, Paulownia tomentosa; a 家紋 (kamon, “family crest”) with various designs of paulownia flowers and leaves; The suit of paulownia in a hanafuda deck, representing the month of December and the number twelve in most of Japan (July and seven in 虫花 (mushibana) decks, June and six in games from the Nagoya region, and November and eleven in Korea); a koto (Japanese zither); money, especially gold coins such as the 大判 (ōban) and the 小判 (koban); a female given name; a surname	N1
切り替える	きりかえる	switch, change, renew	N1
気流	きりゅう	airflow, air current	N1
奇麗	きれい	pretty, clean, nice, tidy, beautiful, fair	N1
切れ目	きれめ	rift, gap, break; end, pause, interval	N1
際	きわ	moment prior to something	N1
木綿	きわた	Bombax ceiba, a species of silk-cotton tree; cotton wool, as opposed to 真綿 (mawata, “silk wadding”); a surname	N1
極めて	きわめて	exceedingly; surely, certainly	N1
僅々	きんきん	a little, small quantity	N1
近眼	きんがん	synonym of 近視 (kinshi)	N1
緊急	きんきゅう	urgent, pressing; emergency; urgency	N1
近々	きんきん	soonness; soon; before long	N1
近郊	きんこう	suburb; outlying area; outskirts	N1
均衡	きんこう	balance, equilibrium; to be balanced	N1
近視	きんし	myopia	N1
禁じる	きんじる	to forbid; to prohibit	N1
禁ずる	きんずる	to forbid; to suppress (an emotion)	N1
勤勉	きんべん	diligent; industrious; diligence, assiduity, industry.	N1
勤務	きんむ	work, duty, service at a company etc.; to work for	N1
禁物	きんもつ	forbidden thing; thing that one had better not do	N1
勤労	きんろう	labor; to labor, to work	N1
議案	ぎあん	legislative bill; measure	N1
戯曲	ぎきょく	play, drama	N1
議決	ぎけつ	decision; resolution; to pass a resolution	N1
議事堂	ぎじどう	Diet building	N1
犠牲	ぎせい	sacrifice; casualty, victim, especially of a disaster	N1
偽造	ぎぞう	forgery; falsification; fabrication; counterfeiting	N1
議題	ぎだい	agenda	N1
技能	ぎのう	A technical skill that has been gained through study or practice; a science; A specialized ability	N1
逆転	ぎゃくてん	reversal; comeback; coming from behind; reverse	N1
行	ぎょう	a line of text; a row of a matrix; abbreviation of 行書 (“semi-cursive script”); a row or column, such as in a table; more specifically, such a row or column in the gojūon table, which consists of kana that have or historically had the same initial consonant; saṅkhāra: formations, mental activity; one of the 五蘊 (goun, “five skandhas”); caryā: austerities; practice or discipline for enlightenment; gamana: manner of going forward or walking; a surname; a unisex given name	N1
業者	ぎょうしゃ	vendor, merchant, dealer; manufacturer, contractor, maker	N1
行政	ぎょうせい	government, administration	N1
業績	ぎょうせき	performance, achievement, results, track record (in business, finance, etc.)	N1
業務	ぎょうむ	business, business duties	N1
玉	ぎょく	a gem, jewel; generic name for jadeite or nephrite; chicken eggs used as food, especially as a topping for sushi; a stock being traded; short for 建て玉 (tategyoku); a geisha; short for 玉代 (gyokudai); king	N1
漁船	ぎょせん	fishing boat	N1
漁村	ぎょそん	fishing village	N1
義理	ぎり	duty, obligation, burden of obligation. It can be defined as \"to serve one's superiors with a self-sacrificing devotion\".	N1
疑惑	ぎわく	doubt, suspicion	N1
吟味	ぎんみ	thoroughly reviewing; interrogating; supervising	N1
区	く	ward, section, district	N1
食い違う	くいちがう	fail to combine properly, not mesh; clash, run counter	N1
空腹	くうふく	hungry; hunger	N1
区画	くかく	a section, especially a district of area or a lot of land; to mark off, to separate with a boundary line	N1
区間	くかん	segment, section, especially of railway track; interval	N1
茎	くき	stem, stalk	N1
区切り	くぎり	parse; break; end; border; separation	N1
潜る	くぐる	pass under; evade	N1
種々	くさぐさ	various; a variety of; all kinds of; many; diverse	N1
嚏	くしゃみ	sneeze	N1
旧事	くじ	lot; sweepstakes	N1
籤引	くじびき	lottery, drawn lot	N1
擽ぐったい	くすぐったい	ticklish	N1
草臥れる	くたびれる	To be exhausted (very tired.); To be tired of, to have enough of. Mostly used in the form 待ちくたびれる.	N1
下らない	くだらない	pointless, trifling	N1
件	くだん	example; precedent; kudan; half-human, half-ox mythical creature	N1
口ずさむ	くちずさむ	to hum something, to sing to oneself	N1
嘴	くちばし	beak; bill	N1
朽ちる	くちる	to rot, decay; to die	N1
くっきり	くっきり	clearly, distinctly; to be clear	N1
屈折	くっせつ	refraction; inflection; to refract; to inflect (a word); to be warped	N1
くっ付く	くっつく	cling to, adhere, stick fast; keep close to someone, follow; date, go out, be involved with someone romantically	N1
くっ付ける	くっつける	join, attach; paste, glue	N1
覆す	くつがえす	overturn, capsize; overthrow; disprove	N1
諄い	くどい	verbose, long-winded, boring; heavy, strong, rich (taste, color)	N1
国境	くにざかい	a national or provincial border or frontier	N1
首飾り	くびかざり	necklace; choker	N1
首輪	くびわ	collar (for an animal)	N1
組み合わせ	くみあわせ	組み合わせ: combination	N1
組み合わせる	くみあわせる	combine, join together	N1
組み込む	くみこむ	to insert A into B; to incorporate A into B	N1
蔵	くら	warehouse, storehouse	N1
苦しめる	くるしめる	cause pain, cause one to suffer; annoy, torment, worry, cause distress	N1
包む	くるむ	to wrap	N1
呉れ呉れも	くれぐれも	sincerely	N1
玄人	くろうと	professional, master	N1
黒字	くろじ	surplus, black ink	N1
君主	くんしゅ	a monarch	N1
愚痴	ぐち	complaint, grumble	N1
ぐっと	ぐっと	with a sudden force	N1
ぐらい	ぐらい	alternative form of くらい (kurai, “about, approximately”)	N1
群	ぐん	a group of people, animals, etc.; a group; group of people, animals, etc.	N1
軍艦	ぐんかん	warship	N1
群集	ぐんしゅう	crowd; gather, to crowd	N1
軍事	ぐんじ	military matters	N1
軍備	ぐんび	armament (arms collectively or equipment for resistance)	N1
軍服	ぐんぷく	military uniform	N1
刑	けい	punishment; punishment; sentence; penalty	N1
頃	けい	time, about, toward, approximately (time)	N1
傾	けい	lean, incline	N1
系	けい	type, kind, system, family	N1
経過	けいか	passage of time; progression of something over time; progress, advancement to another stage or place; for time to pass; to progress over time; to progress to another stage	N1
軽快	けいかい	light, nimble; carefree; lightness; recovery from illness; recover one's health, recuperate	N1
警戒	けいかい	caution; precaution; to be vigilant; to watch out	N1
計器	けいき	meter, gauge	N1
契機	けいき	opportunity	N1
敬具	けいぐ	yours sincerely	N1
軽減	けいげん	reduction; alleviation (of pain etc.); reduce, lighten; alleviate, ease	N1
掲載	けいさい	publication in a magazine, newspaper, etc.; to carry, to run, to publish, to insert	N1
傾斜	けいしゃ	a slant, slope, inclination; an inclination (mental tendency); to slant, to incline, to slope	N1
形成	けいせい	formation; short for 形成手術; form, take form	N1
形勢	けいせい	condition, situation, prospects	N1
軽率	けいそつ	rash, indiscreet, hasty, thoughtless; rashness, indiscretion, thoughtlessness	N1
携帯	けいたい	holding; portable; ellipsis of 携帯電話 (keitai denwa, “cell phone”); to carry, to bring with oneself	N1
形態	けいたい	form; shape; gestalt	N1
刑罰	けいばつ	a penalty; punishment	N1
経費	けいひ	expenses, cost; expenditures other than material or labor	N1
警部	けいぶ	police inspector	N1
軽蔑	けいべつ	contempt, disdain, despisal; to contemn; to disdain; to despise	N1
経歴	けいれき	career (an individual’s work and life roles over their lifespan)	N1
経路	けいろ	route, path, course, pathway, channel	N1
汚す	けがす	defile, dishonor, profane; soil one's name; defile a woman's honor	N1
汚らわしい	けがらわしい	dirty, unclean, profane	N1
汚れ	けがれ	uncleanliness (non-physical); (religion) defilement; imperfective and stem (or continuative) forms of けがれる (kegareru)	N1
汚れる	けがれる	to be defiled, to lose purity, to get dirty; to lose one's chastity	N1
獣	けだもの	an animal covered in fur, a beast	N1
吝嗇	けち	stingy; miserliness, stinginess; miser	N1
結核	けっかく	tuberculosis	N1
血管	けっかん	blood vessel	N1
決行	けっこう	execution; carry out	N1
決算	けっさん	settlement of accounts; settle, close an account	N1
決勝	けっしょう	final	N1
結晶	けっしょう	crystal; manifestation, fruits (of one's love, efforts, sweat, etc.); to crystallize, to form a crystal; to manifest, to produce (as a result of one's efforts)	N1
結成	けっせい	organization, formation; organize, form	N1
結束	けっそく	bundling and binding together; bond, union, unity, cohesiveness, solidarity; bundle and bind together; unite, band together	N1
傑	けつ	outstanding; a male given name	N1
決意	けつい	personal determination, resolution; resolve, decide, come down (on a course of action)	N1
決議	けつぎ	resolution; resolve, pass a resolution	N1
結合	けつごう	combination; coupling; binding; bonding; combine, couple, unite	N1
決断	けつだん	decision; resolve, make a decision	N1
欠乏	けつぼう	shortage, scarcity; run low, lack, run short	N1
蹴飛ばす	けとばす	to send flying with a kick; to kick hard; to reject a request	N1
貶す	けなす	to speak lowly of; to speak ill of; to vilify	N1
煙たい	けむたい	smoky; emotionally distant	N1
煙る	けむる	smoke	N1
家来	けらい	retainer; servant	N1
圏	けん	a bounded area, a sphere, a region; category	N1
権	けん	right to do something, authority	N1
権威	けんい	authority	N1
兼業	けんぎょう	a side business, sideline; to operate a side business, operate multiple businesses simultaneously	N1
権限	けんげん	authority, jurisdiction	N1
健在	けんざい	still alive and in good health; alive and kicking; showing no sign of decline; being still alive and in good health; being alive and kicking	N1
懸賞	けんしょう	prize contest; prize	N1
検事	けんじ	public prosecutor	N1
健全	けんぜん	healthy; sound; normal; orthodox; all ages; free of sexual content; healthiness; norm	N1
見地	けんち	point of view, angle (viewpoint); actually searching at the place itself; to search at the location itself	N1
賢明	けんめい	wise, clever; wisdom, cleverness	N1
倹約	けんやく	frugal; to not waste money; thrift, frugality	N1
兼用	けんよう	serving two purposes; to serve two purposes	N1
権力	けんりょく	power, authority	N1
劇団	げきだん	theatrical troupe	N1
激励	げきれい	encouragement; to encourage	N1
月謝	げっしゃ	monthly tuition fee	N1
げっそり	げっそり	with an emaciated, haggard appearance; with a disheartened, down, depressed feeling	N1
月賦	げっぷ	monthly payment	N1
下痢	げり	diarrhea	N1
原	げん	the original thing; the original	N1
原形	げんけい	original form; dictionary form	N1
現行	げんこう	the present, the current, the existing, the going, the running	N1
原作	げんさく	the original work (such as the source of an adaptation or translation)	N1
原子	げんし	atom	N1
元首	げんしゅ	head of state (the chief public representative of a nation), ruler, sovereign	N1
原書	げんしょ	The original, untranslated version of a text.; A foreign book written in a foreign language, especially from Europe or America.	N1
減少	げんしょう	reduction, decrease, fall, decline; come down, decrease, fall, diminish, lessen, recede, wane	N1
現場	げんじょう	actual spot; factory floor, workplace	N1
元素	げんそ	element, chemical element	N1
原則	げんそく	principle	N1
現像	げんぞう	photographic processing, developing film; develop film	N1
現地	げんち	the actual place; local	N1
限定	げんてい	limited; limit, restrict; qualify	N1
原点	げんてん	origin; reference point; starting; beginning; original state	N1
原典	げんてん	original text; untranslated text	N1
減点	げんてん	subtracting points from a score; to subtract points from a score	N1
原爆	げんばく	atomic bomb	N1
原文	げんぶん	text, original text	N1
厳密	げんみつ	strict, close	N1
原油	げんゆ	crude oil	N1
言論	げんろん	speech (as in freedom of speech)	N1
故	こ	the deceased, late	N1
戸	こ	houses; apartments; door; The smallest administrative division under the ritsuryō system of governance.; house; apartment; household; family	N1
児	こ	newborn baby; child; young of animals	N1
巨	きょ	enormous, giant	N1
恋する	こいする	to be in (romantic) love	N1
溝	こう	ditch, channel; groove, furrow	N1
校	こう	schools	N1
好意	こうい	good will, favor; affection	N1
行為	こうい	action, act; conduct	N1
行員	こういん	bank clerk	N1
交易	こうえき	trade, transaction; to trade, to engage in trade, particularly internationally	N1
公演	こうえん	public musical or theatrical performance such as a concert; to put on (to give a public performance of a play, concert, etc.)	N1
後悔	こうかい	regret; to regret	N1
公開	こうかい	opening, release, exhibition; disclosure, exposure; to open to the public, to release, to put on exhibit; to disclose, to expose	N1
航海	こうかい	sailing, voyage; to sail, to go on a voyage	N1
工学	こうがく	engineering	N1
皇居	こうきょ	The imperial palace of Japan	N1
好況	こうきょう	prosperous economic conditions, a boom	N1
抗議	こうぎ	protest, objection; protest, object	N1
鉱業	こうぎょう	mining (activity of removing solid valuables from the earth)	N1
興業	こうぎょう	the promotion of industry; encourage new industrial enterprises	N1
高原	こうげん	plateau	N1
煌々	こうこう	brilliant, radiant, sparkling	N1
考古学	こうこがく	archaeology	N1
交互	こうご	alternate fashion, being done in turn or by turns	N1
工作	こうさく	handicraft, industrial art, woodwork; underground negotiation of political, foreign relations; activities of espionage; to handcraft; to construct; to scheme	N1
耕作	こうさく	agricultural cultivation, farming; to plow, to cultivate, to farm	N1
鉱山	こうざん	mine (place from which ore is extracted)	N1
講習	こうしゅう	short course, class; take a course	N1
交渉	こうしょう	negotiations; negotiate	N1
高尚	こうしょう	tasteful; refined; being tasteful; being refined	N1
行進	こうしん	march; parade; to march; to parade	N1
香辛料	こうしんりょう	spice	N1
口述	こうじゅつ	dictation, oral statement; dictate, state orally	N1
控除	こうじょ	that which is deducted; deduction; to deduct, to cut off	N1
向上	こうじょう	improvement, progress; improve, rise	N1
降水	こうすい	fallen rain, rainfall, precipitation	N1
洪水	こうずい	flood	N1
公然	こうぜん	openly; overtly; out in public; publicly; undisguised	N1
抗争	こうそう	fighting, resistance, antagonism; contention; conflict; to fight with one another; to contend	N1
構想	こうそう	plan, plot, idea, concept, conception; conceive	N1
拘束	こうそく	restriction; restraint; restrict; restrain; (law enforcement) detain	N1
後退	こうたい	regress, regression, retreat, recession; to regress, to retreat	N1
光沢	こうたく	luster, polish, gloss, sheen	N1
公団	こうだん	public corporation; statutory body; state-owned enterprise	N1
好調	こうちょう	favorable, promising; good condition	N1
口頭	こうとう	oral	N1
講読	こうどく	reading, translation	N1
購読	こうどく	subscription; to subscribe	N1
購入	こうにゅう	a purchase, the act of buying something; to purchase	N1
公認	こうにん	official recognition; authorization; recognize officially; authorize	N1
光熱費	こうねつひ	energy bill; costs of lighting and heating	N1
荒廃	こうはい	dilapidation, ruin; a person who has fallen into ruin; be dilapidated, fall into ruin	N1
購買	こうばい	purchasing; school food shop; to purchase	N1
好評	こうひょう	popular, well received; popularity, favorable reviews, a good reputation	N1
交付	こうふ	delivery, grant, transfer, service; deliver	N1
降伏	こうふく	surrender, capitulation; yielding; to surrender, to capitulate; to yield	N1
興奮	こうふん	excitement, stimulation, agitation, arousal; be excited, be stimulated, be agitated, be aroused	N1
公募	こうぼ	public appeal; appeal, solicit, advertise for	N1
巧妙	こうみょう	ingenious, skillful, clever; ingenuity, skill, cleverness	N1
公用	こうよう	for government use; for public use; government business	N1
小売	こうり	retail; to retail	N1
効率	こうりつ	efficiency	N1
公立	こうりつ	public (e.g. institution)	N1
小柄	こがら	small build, short stature	N1
小切手	こぎって	check, cheque	N1
国産	こくさん	being domestic (produced domestically)	N1
国定	こくてい	established by the national government	N1
国土	こくど	realm, country, land	N1
告白	こくはく	confession; declaration of love, a confession of one's feelings toward someone; to confess; to profess one's love, to confess one's feelings to someone	N1
国防	こくぼう	national defense	N1
国有	こくゆう	state ownership, national ownership	N1
国連	こくれん	clipping of 国際連合 (Kokusai Rengō, “United Nations”): the UN	N1
漕ぐ	こぐ	to paddle (to propel something through water with a paddle, hands or similar instrument); to pedal (a bicycle); to swing (on a swing)	N1
焦げ茶	こげちゃ	black tea	N1
個々	ここ	here; this place, area, or part (near the speaker) (Can be juxtaposed with a phrase with で (de) or に (ni).); this organization or team (near or associated with the speaker) (Can be juxtaposed with a phrase with で (de) or に (ni).); here; this place, area, or part I am talking about; this organization or team I am talking about	N1
箇箇	ここ	here; this place, area, or part (near the speaker) (Can be juxtaposed with a phrase with で (de) or に (ni).); this organization or team (near or associated with the speaker) (Can be juxtaposed with a phrase with で (de) or に (ni).); here; this place, area, or part I am talking about; this organization or team I am talking about	N1
心地	ここち	a feeling, mood, sensation; a thought; a (feeling of) illness or sickness; an indication, sign, worry	N1
心得	こころえ	knowledge of, knowing something of, experience in; regulations, instructions	N1
心掛け	こころがけ	attitude, mental attitude; attention	N1
心掛ける	こころがける	bear in mind; try, endeavor, intend	N1
志	こころざし	intention, aspiration, aim, ambition, will	N1
志す	こころざす	to aspire to, to aim for, to set one's sights on, to target or pursue as a goal or aspiration	N1
心強い	こころづよい	reassuring, heartening	N1
心細い	こころぼそい	hopeless, discouraged, forlorn; discouraging; lonely, helpless	N1
試み	こころみ	attempt, trial; test, experiment; ordeal; temptation	N1
試みる	こころみる	to try, attempt; to taste, sample	N1
快い	こころよい	pleasant; refreshing	N1
凝らす	こごらす	to freeze; to congeal	N1
凝る	こごる	to freeze	N1
拵える	こしらえる	to speak in such a way as to cause others to feel or do something; to cook, to make food; dress oneself up; prepare; manufacture; have	N1
孤児	こじ	an orphan	N1
拗れる	こじれる	to get complicated, to grow worse	N1
故人	こじん	a deceased person; an old friend; a friend from the past	N1
梢	こずえ	a treetop; a female given name; a surname	N1
個性	こせい	individuality, individual personality, originality	N1
戸籍	こせき	koseki, family register	N1
小銭	こぜに	small money, small change, coins	N1
固体	こたい	a solid	N1
答え	こたえ	answer	N1
堪える	こたえる	to endure, to withstand; Fixed expression: 堪えられない: irresistable, really good; Fixed expression: 持ち堪える: to hang on, to withstand, to endure, to hold up	N1
火燵	こたつ	table with heater, (orig) charcoal brazier in a floor well	N1
古代	こだい	antique, old-fashioned; ancient; ancient times, antiquity, remote ages	N1
拘る	こだわる	to get hung up on something, to not proceed smoothly; to be concerned over something that is not worth attention: to be overly fastidious or particular; to nitpick about something; to take special care over something, to be particular (in a positive way)	N1
誇張	こちょう	exaggeration; to exaggerate	N1
滑稽	こっけい	comical, humorous, funny, ridiculous; humorousness, jocosity, waggery	N1
国交	こっこう	diplomatic relations (diplomatic intercourse)	N1
骨董品	こっとうひん	curio; antique	N1
骨	こつ	remains, ashes, bones; knack, trick	N1
固定	こてい	fixation, fixedness; to fix, to settle	N1
事柄	ことがら	matter, thing	N1
悉く	ことごとく	completely, altogether	N1
言伝	ことづて	oral message	N1
殊に	ことに	particularly; above all	N1
事によると	ことによると	depending on the circumstances	N1
孤独	こどく	lonely; loneliness; solitude	N1
粉々	こなごな	smashed, in small pieces, in fragments	N1
この間	このあいだ	the other day, lately, recently, during this period, not too long ago; the other day, a recent time	N1
この頃	このごろ	recently; soon; nowadays, these days, at present	N1
好ましい	このましい	nice, likeable; preferable, desired; lewd, lascivious, lustful, lecherous	N1
個別	こべつ	being individual, separate	N1
零す	こぼす	spill; shed blood or tears; complain	N1
細やか	こまやか	friendly, heartfelt	N1
混む	こむ	to be crowded	N1
込める	こめる	to include, to put into; to load a weapon; to do with all of one's heart, to enthusiastically	N1
篭る	こもる	to seclude oneself, to be confined in, to be implied, to be stuffy	N1
固有	こゆう	characteristic of, particular to; particularity, innateness	N1
雇用	こよう	employment, hire; to employ, to hire	N1
暦	こよみ	a calendar; an almanac	N1
堪える	こらえる	to endure, to withstand; Fixed expression: 堪えられない: irresistable, really good; Fixed expression: 持ち堪える: to hang on, to withstand, to endure, to hold up	N1
孤立	こりつ	isolation; stand alone, be in isolation	N1
懲りる	こりる	to be demotivated by obstacles or failure; to learn from failure, to learn one's lesson	N1
此れ	これ	this; this one (near the speaker); this one I am talking about (only the speaker knows); I; me; you; Repeats the topic with a correct case marker to avoid any misunderstanding if it is not a subject.	N1
此れ等	これら	these	N1
魂	こん	mind, spirit, will; a soul, spirit; hun: yang energy or spirit	N1
根気	こんき	patience, persistence	N1
根拠	こんきょ	basis (of a theory), grounds; to be grounded on	N1
混血	こんけつ	mixed race	N1
昆虫	こんちゅう	an insect (arthropod of class Insecta)	N1
根底	こんてい	base	N1
混同	こんどう	confusion, mixing up; confuse with, mix up with	N1
今日は	こんにちは	good day, good afternoon: a Japanese greeting used in the daytime	N1
今晩は	こんばんは	A Japanese greeting used in the evening; good evening.	N1
根本	こんぽん	basis, foundation	N1
御	ご	indicates that the [word] is honorific; often used to indicate that the [word] belongs or is related to the listener (as opposed to the speaker); indicates that the [word] is familiar to the speaker and slightly honorific; a lady; form of address to a woman or a court lady: my Lady	N1
語彙	ごい	vocabulary	N1
濠	ごう	moat, trench	N1
業	ごう	karma; sin, misdeed; abbreviation of 業腹 (gōhara): resentment, resentful; a male given name	N1
号	ごう	number; art name; ordinal marker, often with prefix 第 (used like -st, -nd, -rd, -th in English)	N1
合意	ごうい	agreement; agree	N1
合議	ごうぎ	a consultation, conference; confer, hold a conference	N1
強気	ごうぎ	alternative form of 豪儀	N1
合成	ごうせい	synthesis, composition; composite image; photoshop; synthesize, compose	N1
護衛	ごえい	a guard, an escort; to guard, to escort	N1
語句	ごく	words and phrases	N1
極楽	ごくらく	short for 極楽浄土 (Gokuraku Jōdo): pure land (western paradise of Amitabha Buddha); heaven, paradise; a pleasure quarters, red-light district; a place name; a surname	N1
ご苦労様	ごくろうさま	Thanks for your hard work!	N1
語源	ごげん	origin of a word or phrase; etymology	N1
誤差	ごさ	error (difference between a measured or calculated value and a true one); discrepancy	N1
ご座います	ございます	polite form of ある (aru): to exist; polite form of ある (aru)	N1
ご馳走	ごちそう	feast, treating (someone)	N1
ご馳走さま	ごちそうさま	feast	N1
毎	ごと	every; each, every, per	N1
碁盤	ごばん	a go board	N1
ご無沙汰	ごぶさた	not writing or contacting for a while	N1
誤魔化す	ごまかす	to cheat or deceive; to lie; to evade a question or deflect attention; to gloss over a mistake; to fudge; to bullshit; to embezzle; to defraud or swindle	N1
御免ください	ごめんください	May I come in?	N1
御免なさい	ごめんなさい	sorry; I'm sorry; my apologies; excuse me; pardon me; I beg your pardon	N1
御覧なさい	ごらんなさい	(please) look, (please) try to do	N1
佐	さ	aid; help; field officer (Military)	N1
再	さい	re-, again, repeated	N1
差異	さい	difference	N1
歳	さい	-year-old	N1
再会	さいかい	meeting again - the situation of meeting someone at an interval.; reunion; to meet someone again - meet at an interval.; to reunite	N1
災害	さいがい	disaster	N1
細菌	さいきん	bacterium; germ	N1
細工	さいく	workmanship; trick, trickery, manipulation; to work on; to cook up, to use tricks, to juggle with (facts, numbers), to cook the books	N1
採掘	さいくつ	mining; mine for	N1
採決	さいけつ	a vote; vote on, take a vote	N1
再建	さいけん	reconstruction; to rebuild a building	N1
再現	さいげん	reproduction; recurrence, reappearance; reproduce, duplicate; recur, reappear	N1
採算	さいさん	profit	N1
採集	さいしゅう	gathering, collection; collect, gather, pick	N1
再生	さいせい	coming to life again; regeneration; reuse; recycle; reproduction; playback; to come back to life, to come to life again, to be reborn; to regenerate; to reuse; to play back	N1
最善	さいぜん	the best	N1
採択	さいたく	adoption (of a goal, resolution, guideline, or plan); to adopt (a goal, resolution, guideline, or plan)	N1
再発	さいはつ	recurrence; recur	N1
栽培	さいばい	cultivation, culture; cultivate, grow plants	N1
細胞	さいぼう	a cell	N1
採用	さいよう	use, adopt, adoption; employment, working at a job; use, adopt; hire, give employment, employ	N1
遮る	さえぎる	interrupt, intercept, cut into, cut short (a conversation)	N1
囀る	さえずる	chirp, sing, twitter, chatter, tweet, warble	N1
冴える	さえる	be clear, vivid; be accomplished, have mastered; be mentally clear, sharp	N1
竿	さお	rod, pole; beam; counter for poles; a pole; a bamboo pole	N1
栄える	さかえる	prosper; thrive	N1
杯	さかずき	cup; cupfuls; squids (as food); cup (contest)	N1
逆立ち	さかだち	headstand, handstand; walk on one's hands	N1
逆上る	さかのぼる	遡る: go back, extend back (in time), stretch back	N1
盛る	さかる	to become frisky, to flourish	N1
差額	さがく	difference, balance, margin; the difference in separate amounts of money	N1
下がる	さがる	to hang (down); to fall, descend; to stand back, to withdraw	N1
一昨昨日	さきおととい	three days ago	N1
先に	さきに	previously, before	N1
詐欺	さぎ	fraud, swindle, con	N1
作	さく	a work, a production (particularly a cultural work, such as a work of art, of literature, or of theatre); a crop, a harvest	N1
策	さく	plan; policy; the fifth of the Eight Principles of Yong; plan, policy	N1
柵	さく	a fence; a wooden fort; a weir; a surname	N1
削減	さくげん	reduction, downsizing, curtailment; reduce, downsize, cut, curtail	N1
錯誤	さくご	an error, a mistake; the misunderstood; to misunderstand; to make a mistake, to make an error	N1
作戦	さくせん	operation; strategy	N1
作物	さくぶつ	literary work	N1
叫び	さけび	shout; scream; outcry; stem or continuative form of 叫ぶ (sakebu)	N1
裂ける	さける	to tear; to split	N1
捧げる	ささげる	to give; to offer, sacrifice; to devote, dedicate; to raise both hands to near the eye level; to raise one's voice; to put up; to display	N1
差し掛かる	さしかかる	to approach; to be near to	N1
指図	さしず	orders, instructions, directions; to direct, instruct (someone to do something)	N1
差し出す	さしだす	hold out, present	N1
差し支える	さしつかえる	to hinder; to obstruct; to be hindered; to cause inconvenience	N1
差し引く	さしひく	deduct; make allowances; ebb and flow	N1
些事	さじ	trifling matter, unimportant thing	N1
授ける	さずける	to bestow, confer, endow with a thing, as a superior to an inferior; to bestow, confer, endow with knowledge: to teach, to instruct; to bestow, confer, endow, vest, award with a title, honor, power, or right	N1
嘸	さぞ	no doubt, certainly, surely	N1
定まる	さだまる	settle, become settled	N1
定める	さだめる	establish rules or law, stipulate in a contract; appoint a time or place	N1
錯覚	さっかく	illusion, hallucination; delusion; hallucinate; mistake something or someone for something or someone else	N1
早急	さっきゅう	immediate; prompt; urgent; urgency	N1
察する	さっする	guess, presume, sense	N1
颯っと	さっと	quickly, suddenly	N1
冊	さつ	books	N1
殺人	さつじん	homicide, especially murder	N1
偖	さて	rip up, tear down	N1
悟る	さとる	to perceive; to comprehend; to understand; to come to enlightenment	N1
真実	しんじつ	truth; reality; synonym of 真如 (shinnyo, “suchness”); a female given name	N1
裁く	さばく	to judge, try	N1
錆び	さび	寂び: quiet simplicity; 錆, 銹, 寂: rust; wasabi (sushi terminology); さび, サビ: (music) hook, chorus	N1
左程	さほど	synonym of それほど (sore hodo)	N1
様	さま	certain form or way; condition, state; design, pattern; indicates humbleness or politeness; way, style, appearance; be like, look like, seem like, as if, having the likeness of; I hope; I pray; may; a female given name	N1
三味線	さみせん	a Japanese stringed instrument played by plucking, vaguely similar to a banjo	N1
侍	さむらい	a warrior class in medieval and pre-modern Japan; samurai; one who serves nearby:; a servant; a retainer; short for 侍所 (samurai-dokoro): the Board of Retainers in the Kamakura and Muromachi periods.; an above-average person	N1
然も	さも	with gusto, with satisfaction	N1
作用	さよう	action, operation; effect; function; to act on	N1
左様なら	さようなら	a final expression of departure; farewell, so long, adieu, goodbye; a non-final expression of departure: goodbye, au revoir; a farewell, a goodbye	N1
拐う	さらう	浚う, 渫う: to clear out, to clean out; 浚う, 渫う: to clear out, to clean out:; to sweep away completely, to clear away completely, to clean completely; 攫う, 掠う: as an extension of the completely clear away sense of sarau above:; to carry someone or something off, to snatch away someone or something, to abduct someone suddenly (with the end result often that the person or thing's whereabouts are unknown); to monopolize something for oneself, to take over completely, to take something and leave nothing left; to shave cleanly; 復習う: to review or practice something fully and completely	N1
爽やか	さわやか	refreshing, fresh, invigorating; clear, distinct (voice, etc.); fluent, flowing, eloquent; invigoration; eloquence; clarity	N1
障る	さわる	to hinder something, to affect, to interfere with something; to harm someone, to be harmful; to be in poor health; to become ill; to menstruate, to be on one's period; to hesitate, hold back, be discreet; to refrain, be reserved	N1
酸	さん	sourness (quality or condition); acid	N1
さん	さん	title used after a person's name (family, given or full) or job title, or a company name, to show respect; Mr, Ms, Mrs, Miss; used after a shop name; attaching to nouns or other nominals: a politeness marker that often has no direct translation, replacing copula です (desu)	N1
酸化	さんか	oxidation, oxidization; to oxidize, to become oxidized	N1
山岳	さんがく	mountains, particularly steep mountain chains	N1
産休	さんきゅう	maternity leave	N1
桟橋	さんきょう	pier, wharf (raised platform built from the shore out over water); suspension bridge	N1
参議院	さんぎいん	the House of Councillors (upper house of Japan's National Diet)	N1
産後	さんご	the time after childbirth, the postpartum period	N1
産出	さんしゅつ	production, output; yield, produce	N1
参照	さんしょう	reference; to refer, to reference	N1
参上	さんじょう	visit; to go to or visit someone of higher social standing	N1
賛美	さんび	praise; song of praise (see 賛美歌); to praise; to sing praises (to someone)	N1
産婦人科	さんふじんか	obstetrics and gynaecology	N1
産物	さんぶつ	product; fruits, results; child (as in, “product of one's time or environment”)	N1
山腹	さんぷく	mountainside, hillside	N1
山脈	さんみゃく	mountain range	N1
財	ざい	money, wealth, riches; goods, possessions, property, assets	N1
財源	ざいげん	financial resources, funds; source of revenue; a coffer	N1
在庫	ざいこ	inventory, stock	N1
財政	ざいせい	finance, financial administration	N1
座談会	ざだんかい	symposium, forum	N1
雑貨	ざっか	sundry goods	N1
雑	ざつ	rough, crude, sloppy, messy; miscellaneous (see note)	N1
雑談	ざつだん	idle talk; chatting; to talk idly; to chat about nothing in particular	N1
雑木	ざつぼく	various kinds of small trees, assorted trees	N1
座標	ざひょう	coordinate	N1
残金	ざんきん	remaining money (after a payment, or to be paid); balance	N1
残酷	ざんこく	cruel; cruelty	N1
残高	ざんだか	balance, remaining amount of money	N1
死	し	death; one of the five punishments under the 律令 (Ritsuryō) system, the methods used are 絞 (kō, “strangling”) and 斬 (zan, “decapitation”)	N1
秭	し	A trillion trillion, 10²⁴, or a septillion of modern English in modern Japanese since 17th century.	N1
次	じ	number of times: an ordinal marker; number in a sequence, number of aspects or dimensions; order, sequence; the next, secondary, vice-; hypo- (used to distinguish the oxidation levels of various acids)	N1
仕上がり	しあがり	completion, finish, doneness	N1
仕上げ	しあげ	finish, elaboration, completion; imperfective or continuative of 仕上げる	N1
仕上げる	しあげる	to finish something, to finish up something	N1
明々後日	しあさって	明明後日, 明々後日: two days after tomorrow	N1
飼育	しいく	breeding, raising (animals); to breed, raise, rear (animals)	N1
強いて	しいて	by force	N1
強いる	しいる	to compel, compulse, force	N1
仕入れる	しいれる	lay in, stock	N1
しーん	しーん	silent (as the grave), (deathly) quiet	N1
歯科	しか	dentistry; a dentist's office	N1
資格	しかく	qualifications	N1
視覚	しかく	vision; sense of sight	N1
仕掛け	しかけ	device, mechanism	N1
仕掛ける	しかける	begin, start; rig, plant, lay, set up (e.g. a trap, explosives); challenge, pick a fight, to make (war)	N1
然しながら	しかしながら	然し乍ら: just like that, exactly like that; 然し乍ら: after all, in the end; 然し乍ら: however, nevertheless (slightly more formal than しかし)	N1
而も	しかも	moreover; and yet	N1
市街	しがい	town, urban area	N1
指揮	しき	command, direction; to command, to direct	N1
色彩	しきさい	colour, hue	N1
式場	しきじょう	ceremonial hall	N1
為来り	しきたり	customs or rules	N1
頻りに	しきりに	frequently; repeatedly; constantly	N1
仕切る	しきる	partition, divide, mark off; settle accounts; toe the mark	N1
資金	しきん	a fund, funds, capital	N1
施行	しぎょう	execution, carrying out; putting into effect (a law); to execute, to carry out; to put into effect (a law)	N1
しくじる	しくじる	to blunder, to fail; to lose one's job due to a failure, to be fired	N1
仕組み	しくみ	construction, structure; arrangement, contrivance; plan, plot, contrivance, mechanism	N1
死刑	しけい	capital punishment	N1
湿気る	しける	be damp	N1
思考	しこう	thinking; thought process; a train of thought; to think	N1
志向	しこう	intention; aspire	N1
嗜好	しこう	taste; preference	N1
視察	しさつ	inspection; inspect	N1
資産	しさん	property (something owned), assets	N1
刺繍	ししゅう	embroidery; embroider	N1
支持	しじ	support	N1
指示	しじ	instructions, indication; prescribe, dictate	N1
雫	しずく	alternative form of 滴; a surname; a female given name	N1
沈める	しずめる	to sink something; potential of 沈む	N1
施設	しせつ	institution, equipment, facilities; to make, set up, build a facility	N1
子息	しそく	son	N1
慕う	したう	yearn for; love dearly; adore; follow someone	N1
下心	したごころ	ulterior motive (alternative or hidden reason); the bottom \"heart\" radical (㣺), e.g. 慕	N1
親しむ	したしむ	make friends; enjoy, be fond of	N1
下調べ	したしらべ	preliminary investigation; preparation for learning a lesson	N1
下地	したじ	preparation; inner quality; soy sauce; primer; base	N1
認める	したためる	write (some text; a letter); put down (one's thoughts on paper); eat; put down (a meal); treat; deal with; prepare; subdue	N1
仕立てる	したてる	tailor, sew; prepare; train someone	N1
下取り	したどり	trading in; trade in	N1
下火	したび	burning low, waning, declining	N1
失格	しっかく	failure to reach standards; failure to satisfy requirements; disqualification; to fail to reach a standard; to not satisfy the requirements; to be disqualified	N1
確り	しっかり	tight; reliable; fast (in a firm or secure manner), tightly; surely, unwaveringly, steadily, reliably; stable, fulfilled; be fast, securely in place; be reliable, level-headed; keep going, keep trying	N1
質素	しっそ	plain, ordinary; frugal; plainness, ordinariness	N1
失調	しっちょう	lack of balance or regular condition	N1
嫉妬	しっと	jealousy; envy; feel jealous; feel envious	N1
尻尾	しっぽ	tail	N1
室	しつ	room	N1
質疑	しつぎ	question	N1
躾	しつけ	discipline, teaching manners	N1
仕付ける	しつける	躾ける: (transitive) to discipline for poor manners; 仕付ける	N1
指摘	してき	indication, identification; to point out, to point, to show; to bring up (a topic)	N1
視点	してん	point of view (a visual point); point of view (an opinion)	N1
萎びる	しなびる	shrivel, become wrinkled	N1
しなやか	しなやか	flexible; graceful	N1
屎尿	しにょう	excrement and urine	N1
凌ぐ	しのぐ	weather out, endure, stave off; outdo, surpass	N1
始発	しはつ	The first departure of the day of a train, bus, etc.; Such a train, bus, etc.	N1
芝	しば	grass, turf, green; short for 芝見 (shibami): hiding in the grass and spying on one's enemies or scouting out the situation; a spy in the grass; a surname; one of the 35 former wards of Tokyo Prefecture (1868–1943), Tokyo City.; short for 芝見 (shibami): to hide in the grass and spy on one's enemies or scout out the situation	N1
屡	しばしば	Extended shinjitai form of 屢	N1
暫く	しばらく	temporarily, awhile (For some time; for a short time)	N1
痺れる	しびれる	to become numb, to go to sleep; to receive an electric shock; to be immensely fascinated	N1
渋い	しぶい	astringent in taste, bitter; elegant, refined, and tastefully quiet, not brash; stingy, cheap; sour, grim	N1
私物	しぶつ	private property, individual possessions	N1
しぶとい	しぶとい	stubborn; obstinate; tough	N1
司法	しほう	justice, judiciary, a national function	N1
脂肪	しぼう	fat, grease	N1
志望	しぼう	wish, desire, ambition; to wish, to desire, to have an ambition	N1
萎む	しぼむ	wither, fade; wilt, sag; deflate	N1
仕舞	しまい	a performance of noh dancing; an informal noh performance without accompanying music or costumes; alternative form of しまい (“the end, finish”)	N1
始末	しまつ	beginning and end; details; result (usually a bad one); settlement, solution, handling; disposal, throwaway; execution, liquidation (usually of a nuisance); to conclude; to settle, to deal with; to dispose, to throw away, to get rid of; to execute, to liquidate, to get rid of; to economize	N1
しみじみ	しみじみ	keenly, deeply, heartily	N1
染みる	しみる	soak in, soak into; cold to pierce, cold to bite, part of the body to ache, sting	N1
使命	しめい	mission, errand, message	N1
締め切り	しめきり	closing, cut-off, end, deadline, Closed, No Entrance	N1
僕	しもべ	manservant, servant; a man of low social status, a follower of someone else; a low-ranking civil servant	N1
社交	しゃこう	social interaction	N1
謝絶	しゃぜつ	refusal; refuse, decline to do	N1
社宅	しゃたく	employee housing	N1
吃逆	しゃっくり	hiccough, hiccup	N1
喋る	しゃべる	to talk, to speak, to chat, to chatter; to let secrets out	N1
斜面	しゃめん	slope, gradient, incline, slant face, bevel; inclined plane	N1
洒落	しゃらく	carefree, easygoing; wittiness, refinement, stylishness, easygoing-ness (see the share reading)	N1
洒落る	しゃれる	to be stylish or smart in appearance and manner; to joke, to be witty; to be flippant, to be saucy, impertinent	N1
視野	しや	field of view; view of things, outlook, horizons of thought	N1
種	しゅ	a seed; a kind, type, sort, class, or category; a species	N1
衆	しゅう	mass; many people; majority	N1
周	しゅう	laps or circuits; Zhou	N1
収益	しゅうえき	profit, earnings, proceeds, returns, revenue	N1
修学	しゅうがく	learning; to learn	N1
周期	しゅうき	period of time, cycle	N1
衆議院	しゅうぎいん	the House of Representatives (lower house of Japan's National Diet)	N1
就業	しゅうぎょう	obtaining employment; to obtain employment	N1
修行	しゅぎょう	training; sadhana; ascetic practices; to train; to undergo ascetic training	N1
集計	しゅうけい	the collection and addition of many numbers: a sum, a total; to collect and add together many numbers: to sum up, to tot up, to total, to add up	N1
襲撃	しゅうげき	raid; raid, make an attack, descend on, maraud	N1
収支	しゅうし	incomings and outgoings, earnings and expenses	N1
終始	しゅうし	consistently, throughout; all of something from the beginning to the end; to do from beginning to end, to do or be from A to Z	N1
修士	しゅうし	A master's degree; A person holding such a degree	N1
収集	しゅうしゅう	collection, collecting; to collect, to gather	N1
修飾	しゅうしょく	adornment, decoration; to adorn, to decorate; to modify	N1
終日	しゅうじつ	the whole day, all of the day	N1
執着	しゅうじゃく	alternative form of 執着 (shūchaku)	N1
収容	しゅうよう	accommodation; accommodate, receive, receive guests	N1
修了	しゅうりょう	completion of a course of study; complete a course	N1
守衛	しゅえい	guard, gatekeeper	N1
主演	しゅえん	playing the leading role; the leading actor or actress; play the leading role, star	N1
主観	しゅかん	subjectivity; subject; personal opinion	N1
祝賀	しゅくが	congratulation; celebration; to congratulate	N1
宿命	しゅくめい	destiny	N1
主権	しゅけん	sovereignty (of a nation: the state of making laws and controlling resources without the coercion of other nations.)	N1
手芸	しゅげい	handicraft	N1
主催	しゅさい	sponsorship, staging, organizing; to sponsor	N1
取材	しゅざい	collecting data for news, covering an event; cover an event, collect information for news	N1
趣旨	しゅし	gist, main point	N1
主食	しゅしょく	staple food	N1
主人公	しゅじんこう	a protagonist (main character)	N1
主体	しゅたい	the main part, the part making up most of something; subject; Juche (the state ideology of North Korea)	N1
主題	しゅだい	subject, theme, main topic; musical motif	N1
出血	しゅっけつ	hemorrhage, bleeding; loss in business etc.; to hemorrhage, to bleed; to take a loss	N1
出産	しゅっさん	childbirth, child-bearing, giving a birth; procreation; to give birth	N1
出社	しゅっしゃ	going to work, going to one's job; go to work	N1
出生	しゅっしょう	birth; be born	N1
出世	しゅっせ	success in life; to rise (in the world, to a position, etc.)	N1
出費	しゅっぴ	spending, expenditure; outlay	N1
出品	しゅっぴん	putting a product on display; to exhibit something, to submit something for display	N1
出演	しゅつえん	an appearance (as on a stage or on TV), a performance; to appear (as on a stage or on TV), to perform; to perform something (such as a play)	N1
出題	しゅつだい	issuing a question; to issue a question	N1
出動	しゅつどう	going into action, e.g. the sailing of a navy or the marching of an army; go into action	N1
主導	しゅどう	leadership; to lead	N1
主任	しゅにん	a chief; a head	N1
首脳	しゅのう	leader	N1
守備	しゅび	guard; defense; to guard; to defend	N1
手法	しゅほう	a technique, technical skill; a means of doing something	N1
私有	しゆう	private ownership	N1
諸	しょ	various, all the	N1
背負う	しょう	to be burdened with, to carry on back or shoulder	N1
象	しょう	likeness, appearance	N1
症	しょう	attached to the names of conditions	N1
傷	しょう	any form of shallow wound: an injury, cut, scar; any kind of light damage: a chip, scratch, blemish, stain; wound, injury; damage, harm; grief, sorrow	N1
商	しょう	dealing, dealer, merchant; quotient	N1
消去	しょうきょ	erasure, clearing; elimination; to erase, to clear; to eliminate	N1
衝撃	しょうげき	shock, impact, crash; to shock, to impact, to crash	N1
証言	しょうげん	testimony; to testify	N1
証拠	しょうこ	evidence	N1
消耗	しょうこう	dissipation, exhaustion; wearing out; to consume, to use up, to exhaust (resources); to wear out	N1
照合	しょうごう	collation; comparison; to collate; to check and verify	N1
詳細	しょうさい	detailed; details	N1
昇進	しょうしん	promotion; to be promoted	N1
少数	しょうすう	minority; few, a small number	N1
称する	しょうする	call oneself, claim to be; pretend to be, feign	N1
消息	しょうそく	word (news, tidings); recent information, developments	N1
承諾	しょうだく	consent, assent, agreement, acceptation; consent, assent, agree, accept	N1
象徴	しょうちょう	symbol; symbolize	N1
小児科	しょうにか	pediatrics, either as a course of study or a department of a hospital	N1
証人	しょうにん	witness	N1
照明	しょうめい	lighting; illuminate; a male given name	N1
勝利	しょうり	victory; triumph; success; to win; to achieve victory	N1
奨励	しょうれい	encouragement, incentive; encourage	N1
職員	しょくいん	staff, personnel member	N1
植民地	しょくみんち	a colony (region or governmental unit)	N1
職務	しょくむ	duties at work, function at one's job, line of duty	N1
諸君	しょくん	all of you men (below the speaker in rank; sometimes gender neutral)	N1
所在	しょざい	whereabouts, location	N1
所々	しょしょ	here and there, some parts (of something)	N1
所持	しょじ	possession; carrying with oneself; have, possess; carry with oneself	N1
所属	しょぞく	affiliation; be attached to, belong to	N1
処置	しょち	measures; disposal; take measures; dispose of	N1
しょっちゅう	しょっちゅう	frequently	N1
所定	しょてい	fixed, prescribed	N1
所得	しょとく	what one has gained (money, goods, knowledge, fruits of labour, etc.); one's gains; what one acquires; proceeds; income	N1
初版	しょはん	first edition	N1
処罰	しょばつ	a penalty; punishment; to punish	N1
書評	しょひょう	book review	N1
処分	しょぶん	disposal; penalty, punishment; dispose of; punish	N1
庶民	しょみん	commoners, common people	N1
庶務	しょむ	general affair	N1
私用	しよう	personal use; private use; to assume personal or private use of	N1
仕様	しよう	means, method; short for 仕様書 (shiyōsho, “spec, technical specification”)	N1
使用人	しようにん	employee; servant	N1
調べ	しらべ	investigation; melody; musical phrase; imperfective and stem (or continuative) forms of しらべる (shiraberu)	N1
知り合い	しりあい	acquaintance	N1
退く	しりぞく	step aside; withdraw when with a superior	N1
退ける	しりぞける	to be isolated, to be cut off; to refuse; to lose status	N1
記す	しるす	to note, to write down, to record; to keep in one's mind, to remember, to commit to memory	N1
指令	しれい	direction, order; command; commander; to direct, to order	N1
代	しろ	substitution; price, cost, charge; shiro, a unit of land	N1
皺	しわ	wrinkles in skin, paper, cloth, or some other surface; ripples on the surface of water; a pattern of cracks and wrinkles on the surface of an 烏帽子 (eboshi, “traditional Japanese formal black hat”) formed as the black lacquer dries	N1
新	しん	a novelty; short for 新暦 (shinreki): the Gregorian calendar; short for 新株 (shinkabu); short for 新銀 (shingin); short for 新造 (shinzō); neo-; attached to the title of a fiction work to mean “new storyline”, to distinguish it from older works; attached to the title of a fiction adaptation to mean “remake”, to distinguish it from older adaptations; the Xin dynasty (8–23 CE); a placename; a surname; a male or female given name	N1
進化	しんか	evolution; to evolve	N1
殿	しんがり	rear (the part of an army or fleet which comes last)	N1
審議	しんぎ	conference; deliberation; to discuss; to deliberate on	N1
進行	しんこう	an advance; progress; make progress	N1
新興	しんこう	emergent, rising	N1
振興	しんこう	promotion; promote, stimulate	N1
申告	しんこく	report, declaration; to report, to declare	N1
新婚	しんこん	being newly married	N1
審査	しんさ	review, judgment, screening; review, judge, examine	N1
紳士	しんし	gentleman; (male) pervert	N1
進出	しんしゅつ	a step forward; expansion; to advance, go forward; to expand, branch out	N1
信者	しんじゃ	a believer (of a religion); zealot; fanatic	N1
真珠	しんじゅ	pearl; a female given name; a surname	N1
心中	しんじゅう	lovers' suicide, double suicide; group suicide, collective suicide; sharing a common fate with someone or something; to commit a double suicide, to commit a lover's suicide; to commit a group suicide; to share a common fate with someone or something	N1
心情	しんじょう	one's heart, one's feelings	N1
新人	しんじん	new face, newcomer	N1
神聖	しんせい	holy, sacred; holiness, sacredness, sanctity	N1
親善	しんぜん	friendship, goodwill	N1
真相	しんそう	fact, the truth	N1
新築	しんちく	a new house	N1
進呈	しんてい	presentation; to present	N1
進展	しんてん	advance, progress; to advance, to progress, to develop	N1
神殿	しんでん	shrine, temple, sanctuary, sacred place	N1
進度	しんど	degree of progress	N1
振動	しんどう	oscillation, vibration; oscillate, vibrate	N1
新入生	しんにゅうせい	freshman	N1
信任	しんにん	trust, confidence, credence; to trust, to confide	N1
審判	しんばん	trial; referee, umpire; Judgement; to judge; to referee	N1
神秘	しんぴ	mysterious; mystery	N1
辛抱	しんぼう	patience, endurance; be patient, stand, endure	N1
真理	しんり	truth	N1
侵略	しんりゃく	aggression; invasion; raid; to invade	N1
診療	しんりょう	medical examination and treatment; examine and treat medically	N1
進路	しんろ	route, course; career path after high school	N1
自覚	じかく	\"higher mind\": one of the three divisions of the Noble Eightfold Path, equivalent to समाधि (samādhi); self-consciousness, self-awareness; to become aware of, to notice, to realize	N1
地方	じかた	district, province, area; krai	N1
自我	じが	self; oneself; ego	N1
磁気	じき	magnetism	N1
磁器	じき	porcelain	N1
事業	じぎょう	project, work; an enterprise, a business	N1
地形	じぎょう	terrain, geographical features	N1
軸	じく	axis; things wrapped about a central rod- scrolls, rolls of material, also yarn balls; central axes; favoured horses	N1
自己	じこ	self; oneself	N1
事項	じこう	matter (such as a subject of conversation), item; facts	N1
時刻表	じこくひょう	timetable, schedule	N1
地獄	じごく	hell	N1
時差	じさ	time difference	N1
自在	じざい	free; flexible, adjustable, universal; freedom; flexibility	N1
自主	じしゅ	autonomy, independence	N1
自首	じしゅ	surrender, the action of turning oneself in; to turn oneself in, to give up	N1
辞職	じしょく	resignation; to resign from one's job	N1
自信	じしん	self-confidence	N1
事前	じぜん	prior; beforehand	N1
自尊心	じそんしん	self-respect	N1
持続	じぞく	continuation, sustainment; duration (philosophy); continue, keep up, endure, persist	N1
字体	じたい	the form of a character that belongs to a system, such as \"Old\", \"New\", \"Simplified\", \"Traditional\", etc.; this concerns the major, systematic differences, such as which radicals to be used, or stroke counts; compare 字形 (jikei)	N1
辞退	じたい	declining, turning down, refusal; to turn down, to decline, to refuse, to pass up	N1
じっくり	じっくり	carefully; deliberately (slowly and carefully)	N1
実質	じっしつ	substance; essence; at its core; essentially	N1
実践	じっせん	practice; to put into practice	N1
実態	じったい	real situation; the reality (of ...)	N1
実費	じっぴ	actual expense; cost price	N1
十分	じっぷん	ten minutes	N1
実	じつ	truth; reality; sincerity; fidelity; contents; substance; essence; results; achievements; dividend; being real; a unisex given name	N1
実業家	じつぎょうか	industrialist; businessman	N1
実情	じつじょう	real condition; actual circumstances; actual state of affairs	N1
自転	じてん	rotation around a fixed axis; to rotate around a fixed axis	N1
自動詞	じどうし	intransitive verb	N1
地主	じぬし	landowner	N1
耳鼻科	じびか	short for 耳鼻咽喉科学(じびいんこうかがく) (jibi-inkō-ka-gaku): study of the ear and nose, otorhinolaryngology	N1
地元	じもと	home town; of a location; being local	N1
弱	じゃく	weakness; slightly less than; slightly more than	N1
若干	じゃっかん	a few, some	N1
砂利	じゃり	gravel; a magistrate's office for adjudicating issues from commoners (from the rock gardens that were common at these during the Edo period); child	N1
じゃん拳	じゃんけん	rock paper scissors (popular children's game); to play rock paper scissors (popular child's game)	N1
住	じゅう	the act of dwelling, residing, living in a place; abode, residence; added after a placename to indicate where someone lives	N1
従業員	じゅうぎょういん	employee	N1
従事	じゅうじ	engagement in something; be engaged in, pursue, follow	N1
充実	じゅうじつ	fullness, substantiality; completion, perfection; replenishment; be full; be completed, be fulfilled; be replenished	N1
十字路	じゅうじろ	crossroads	N1
柔軟	じゅうなん	flexible; flexibility, pliability, softness	N1
重複	じゅうふく	duplication; duplicate	N1
重宝	じゅうほう	priceless treasure	N1
従来	じゅうらい	old, existing, so far	N1
塾	じゅく	cram school; a cram school	N1
樹木	じゅもく	tree; wooded area	N1
樹立	じゅりつ	establishment, foundation; setting a record; establish, found; set a record	N1
準急	じゅんきゅう	local express (train slower than an express)	N1
準じる	じゅんじる	to follow, to conform, to apply to	N1
準ずる	じゅんずる	to correspond to; to be proportionate to	N1
助	じょ	help; assistant	N1
情	じょう	feeling; sentiment; emotion; love; affection; situation; circumstances	N1
畳	じょう	tatami mats; units of area as measured in tatami mats	N1
尉	じょう	military officer; jailer; old man; rank; a watchman or military officer in the ancient Chinese military; A military rank.	N1
嬢	じょう	a daughter (female offspring); a young lady; a mistress; a mademoiselle; a missy	N1
状	じょう	being in such condition; having such form or appearance; letter, card, written notice	N1
上位	じょうい	a higher rank, an upper rank	N1
上演	じょうえん	performance, presentation on stage; to perform, to put on stage	N1
城下	じょうか	area below a castle; synonym of 城下町 (jōkamachi, “castle town”)	N1
乗客	じょうかく	passenger	N1
上空	じょうくう	the skies, the air high above	N1
上司	じょうし	boss	N1
情緒	じょうしょ	emotion, feeling, spirit	N1
上昇	じょうしょう	ascent; rise; rise, ascend	N1
情勢	じょうせい	state of things, situation	N1
情熱	じょうねつ	enthusiasm, passion	N1
丈夫	じょうふ	a grown man; a fine man, a strong man, a manly man	N1
譲歩	じょうほ	concession; compromise; to concede; to compromise	N1
条約	じょうやく	treaty	N1
上陸	じょうりく	landing, coming on shore; a typhoon hitting land, making landfall; land, disembark, come on shore; a typhoon to hit land, make landfall	N1
蒸留	じょうりゅう	distillation; to distill	N1
除外	じょがい	exclusion; an exception; exclude	N1
助言	じょげん	advice (opinion recommended or offered, as worthy to be followed; counsel); to advise	N1
徐行	じょこう	slow walking; slow moving; walk slowly; move slowly	N1
女史	じょし	The title of one type of lady-in-waiting. During the Zhou Dynasty, this position was thought to be responsible for protocol and etiquette, changing during the Han Dynasty to handle the records of the inner palace.; The title of one type of lady-in-waiting under the Ritsuryō system.; Generic honorific suffix for women: Ms. / Miss / Mrs.	N1
助詞	じょし	Particle: a part of speech in Japanese grammar known as a particle or relational; a suffix indicating the part of speech of the previous element or the mode of the whole preceding sentence or clause.	N1
助動詞	じょどうし	an auxiliary verb; a class of 付属語 (fuzokugo, “bound forms”) that attach to 用言 (yōgen, “inflected words”) to add additional grammatical functions, such as tense, aspects, mood, evidentiality, etc.; strictly speaking, they must have verb-like inflection; broadly speaking, they include forms with adjective-like inflection and uninflected particles	N1
自立	じりつ	independence, autonomy, self-reliance; live independently, stand on one's own two feet	N1
人	じん	person from that group; person who does the activity of the suffixed word	N1
人格	じんかく	personality	N1
人材	じんざい	talented person; human resource, manpower	N1
迅速	じんそく	rapid, quick, prompt; speed, promptness	N1
人体	じんたい	human body	N1
人民	じんみん	the people, the general public, the citizens	N1
人目	じんもく	an attention, observation, public notice	N1
水気	すいき	moisture; vapour (UK), vapor (US); dropsy, edema	N1
水源	すいげん	Source of a river; fountainhead; headwaters.; Suwon; a city in South Korea.	N1
推進	すいしん	promotion, thrust, driving force; promote, move ahead on, propel, further	N1
水洗	すいせん	flushing with water, especially of a toilet	N1
吹奏	すいそう	playing wind instruments; to blow, to play a wind instrument	N1
推測	すいそく	speculation, conjecture, guesswork; speculate, guess, surmise	N1
水田	すいでん	paddy field; rice paddy	N1
推理	すいり	deduction, inference; deduce, infer	N1
数詞	すうし	numeral	N1
崇拝	すうはい	worship, cult; admiration, reverence; worship; admire, revere, venerate, idolize	N1
据え付ける	すえつける	to install, to equip, to mount	N1
据える	すえる	to place, set (so it cannot be moved); to lay a foundation; to seat someone; to settle on, focus oneself; to apply moxa; to (place a) seal; to perch; to plant, transplant	N1
清々しい	すがすがしい	refreshing	N1
過ぎ	すぎ	imperfective and stem (or continuative) forms of 過ぎる (sugiru); past, after; too, too much; in/to excess, overdoing something; over-, too much; after, past	N1
救い	すくい	help, rescue, relief, salvation; stem or continuative form of 救う (sukuu)	N1
掬う	すくう	to scoop, to shovel	N1
少なくとも	すくなくとも	at least	N1
直ぐ	すぐ	straight, not bent; 直ぐ: immediately, right away, soon; 直ぐ: quick to; 直ぐ: right next to, right close by; 挿ぐ: classical form of modern 挿げる (sugeru, “to connect or affix one thing to another, especially by passing something through something else”); imperfective and stem (or continuative) forms of すぐる (suguru)	N1
健やか	すこやか	vigorous, healthy, sound	N1
濯ぐ	すすぐ	rinse something with water, clean something with water	N1
進み	すすみ	progress	N1
勧め	すすめ	suggestion, recommendation, advice; solicitation for donations to erect and repair temples, Buddhist statues, etc.	N1
裾	すそ	bottom hem; the edge or end of something; in the formal wear of court nobles, the end portion of an obi sash that is pulled through the knot and left hanging in back	N1
廃れる	すたれる	die out, fade away, go out of use, fall into disuse, go out of fashion	N1
酸っぱい	すっぱい	sour	N1
素敵	すてき	lovely; wonderful, splendid	N1
即ち	すなわち	即ち, 即, 乃ち, 乃: namely; 即ち, 即, 乃ち, 乃: that is to say, i.e.; 則ち, 則: conjunction used to indicate sequence of events; and; 輒ち: promptly, easily	N1
すばしこい	すばしこい	nimble, agile (having the faculty of quick motion in the limbs); shrewd, quick-witted	N1
素早い	すばやい	fast; quick; nimble; agile; keen; sharp	N1
済ます	すます	to finish, to end, to settle; to repay; to make do with	N1
澄ます	すます	to clear; to make something clear; to wash clean; to keep calm; to concentrate one's effort; to focus one's attention; to look demure; to look prim; to put on airs; to pretend as if nothing happened	N1
済まない	すまない	inexcusable; I'm sorry, excuse me	N1
済みません	すみません	sorry! (in apology, more formal than ごめんなさい (gomennasai)); excuse me! (attempting to get someone's attention); thank you! (in the case of someone having done something for you)	N1
天皇	すめらぎ	a term of address for an Emperor or Empress (regnant) of Japan	N1
刷り	すり	printing	N1
剃る	する	shave facial hair or body hair	N1
擦れ違い	すれちがい	chance encounter	N1
すれ違う	すれちがう	to pass by one another, to disagree, to miss each other	N1
擦れる	すれる	to rub (against, together); to wear out; to lose one's greenness in the world	N1
すんなり	すんなり	slender, slim; easily, smoothly, without complication	N1
図々しい	ずうずうしい	impudent	N1
ずばり	ずばり	flatly, directly, with one stroke; straightforwardly, simply, indeed	N1
ずぶ濡れ	ずぶぬれ	wet from head to toe; dripping wet; soaked	N1
ずらっと	ずらっと	in a line, in a row	N1
ずるずる	ずるずる	dragging on; slithering; manner of dragging on; slitheringly; slurpingly drinking, such as ramen	N1
ずれ	ずれ	gap, slippage	N1
制	せい	system	N1
製	せい	make; -made; made of	N1
生育	せいいく	growth; to grow	N1
成果	せいか	accomplishments, results, achievements	N1
正解	せいかい	correct answer; the right choice; to give a right answer, to give a correct answer	N1
正規	せいき	regular; regularity	N1
正義	せいぎ	justice; Justice	N1
生計	せいけい	livelihood	N1
政権	せいけん	administration; regime	N1
精巧	せいこう	elaborate, delicate, exquisite; elaborateness, delicateness, exquisiteness	N1
制裁	せいさい	punishment; sanction; to impose a sanction; to penalize	N1
政策	せいさく	policy	N1
清算	せいさん	settlement of accounts; wind up, liquidate, square, cash out	N1
星座	せいざ	constellation; astrological sign	N1
生死	せいし	life and death; dead or alive	N1
静止	せいし	stillness, being still, calm, or motionless; to come to a standstill	N1
青春	せいしゅん	youth; adolescence	N1
聖書	せいしょ	the Bible; a Bible	N1
誠実	せいじつ	sincerity, honesty, integrity; sincere, honest, faithful	N1
成熟	せいじゅく	maturity; ripeness; to mature; to ripen	N1
清純	せいじゅん	pure; innocent; purity	N1
正常	せいじょう	normal; something that is normal, normality	N1
制する	せいする	hold back, rein in	N1
整然	せいぜん	tidy	N1
盛装	せいそう	清爽: refreshing; 悽愴, 凄愴: desolate, dreary; 政争: political strife; 精巣: testicle; 清掃: cleaning; 正装: uniform; 成層: stratification; 星霜: years; 清爽: refreshment; 聖槍: holy lance; 悽愴, 凄愴: desolation; 正相: being in phase; 盛装: gala dress; 清掃: clean; 正装: dress up; 盛装: dress up	N1
盛大	せいだい	magnificent; grandeur	N1
清濁	せいだく	good and evil; purity and impurity; voiced and unvoiced consonants	N1
制定	せいてい	enactment, establishment, formulation, institution; enact; establish; judge	N1
静的	せいてき	static	N1
製鉄	せいてつ	ironmaking, the manufacture of iron	N1
晴天	せいてん	clear skies	N1
正当	せいとう	right, legitimate, allowable; legality, justness	N1
成年	せいねん	legal age, age (time of life when one attains full person rights), the age of adulthood (18 in Japan)	N1
制服	せいふく	uniform	N1
征服	せいふく	subjugation, conquest; to conquer	N1
製法	せいほう	manufacturing method, techniques of manufacture	N1
精密	せいみつ	detailed; precise; accurate; detail; precision; accuracy	N1
声明	せいめい	a public statement or declaration; to announce, to declare	N1
姓名	せいめい	full name (of a person)	N1
制約	せいやく	restriction, limitation; restrict, limit	N1
生理	せいり	short for 生理学 (seirigaku, “physiology”); menstruation; period	N1
勢力	せいりょく	influence, power, especially over other people	N1
整列	せいれつ	stand in a row, form a line	N1
急かす	せかす	alternative form of 急かせる (sekaseru)	N1
伜	せがれ	one's own son	N1
責務	せきむ	responsibility, duty, obligation	N1
世辞	せじ	flattery	N1
世帯	せたい	household	N1
世代	せだい	generation	N1
切開	せっかい	incision, section; to cut open, to incise	N1
接触	せっしょく	making contact; touch; come into contact with; keep in contact with	N1
設置	せっち	establishment, foundation, setting up (a business etc.); installation (of equipment); set up, establish, found; install, put in, erect	N1
折衷	せっちゅう	taking the best of two things and combining them into one; compromise	N1
設定	せってい	setup; establishment; creation; configuration; setting; in-universe information (of a character, the background, or any part of a fictional universe); lore; to set up; to establish; to create; to configure	N1
説得	せっとく	persuasion; persuade	N1
節	せつ	occasion, time; a person's principles; paragraph, stanza, clause	N1
切実	せつじつ	acute, acuity, keen, keenness; earnest, earnestness; sincerity, heartiness; urgent, urgency	N1
接続詞	せつぞくし	conjunction	N1
切ない	せつない	poignantly sad; filling one with great sadness; suffocating; oppressive	N1
設立	せつりつ	establishment, foundation, incorporation; establish, found, incorporate	N1
攻め	せめ	攻め: attacking; 攻め: (fandom slang) top (originally referring to male gay ships); seme	N1
世論	せろん	public opinion	N1
仙	せん	a sage or hermit, an enlightened person, usually immortal and ageless; short for 仙人 (sennin): a wizard or mage; an immortal living as a hermit in the mountains; by extension, the region or area where a sennin lives; the supernatural techniques for becoming immortal and ageless; a person of exceptional talent	N1
前	ぜん	counter for irregularly shaped objects such as desks, armrests, and serving trays; counter for kami and shrines; the last, the previous; pre- (of an era); ago; before	N1
繊維	せんい	fibre (single elongated piece of material); fibre (material in the form of fibres)	N1
選挙	せんきょ	election; campaigning; elect	N1
宣教	せんきょう	evangelism; to spread a religion	N1
宣言	せんげん	declaration; to declare	N1
先行	せんこう	preceding thing; a lead, a pioneer; something done prior to something else; to go ahead of, to go in front of, to go first; to lead, to show the way; to do something ahead of something else	N1
選考	せんこう	screening of candidates; select the most suitable candidate	N1
戦災	せんさい	war damage	N1
専修	せんしゅう	specialization, specialisation in a particular field or skill; to specialize, to specialise	N1
戦術	せんじゅつ	tactic, tactics	N1
潜水	せんすい	going underwater; to dive, to submerge	N1
先先月	せんせんげつ	month before last	N1
先先週	せんせんしゅう	week before last	N1
先代	せんだい	the previous head of a family; the previous head of a shop or company; the previous performer of the same name; the previous generation	N1
先だって	せんだって	先達て: recently	N1
先着	せんちゃく	first arrival; arrive first	N1
先天的	せんてんてき	congenital	N1
戦闘	せんとう	a battle, a fight, combat; to fight, to battle	N1
潜入	せんにゅう	infiltration; to infiltrate	N1
船舶	せんぱく	a vessel; a ship; a ship with no oars (commercial law of Japan)	N1
専用	せんよう	the exclusive use, dedicated, being only for, specifically for	N1
占領	せんりょう	occupation, seizure; occupy, capture	N1
戦力	せんりょく	military power; competitiveness (e.g. in sports); clout (e.g. of a union)	N1
税務署	ぜいむしょ	tax office	N1
是正	ぜせい	correction; correct	N1
絶版	ぜっぱん	out of print	N1
絶望	ぜつぼう	despair; hopelessness; to despair, to abandon, to lose all hope.	N1
是非とも	ぜひとも	by all means (with the sense of not taking \"no\" for an answer)	N1
膳	ぜん	small Japanese meal tray; a prepared meal, (especially) food a drink arranged on such a tray; pairs of chopsticks; bowls of rice	N1
禅	ぜん	dhyana-samadhi; the disciplines and doctrine of Zen Buddhism; short for 座禅 (zazen): a sitting position in a Zen meditation; short for 禅宗 (Zenshū): Zen Buddhism; a surname	N1
全快	ぜんかい	complete healing (of an injury); total recovery, cure (of a disease); completely heal; totally recover, be cured	N1
全盛	ぜんせい	height of prosperity	N1
前提	ぜんてい	prerequisite	N1
前途	ぜんと	future, prospects, outlook; journey ahead, distance yet to cover	N1
全滅	ぜんめつ	annihilation; extermination; to annihilate; to be annihilated; to end up in failure or a bad result	N1
善良	ぜんりょう	goodness, excellence, virtue	N1
前例	ぜんれい	precedent	N1
僧	そう	priest, bonze	N1
沿う	そう	to run along (a river, railway, road, etc.), to line (the shore etc.); to follow (rules, guidelines, etc.)	N1
添う	そう	to accompany; to live up to	N1
総	そう	overall, gross, general	N1
相応	そうおう	appropriate, suitable, fit; appropriateness, suitability, fitness	N1
総会	そうかい	general assembly, general meeting	N1
創刊	そうかん	first issuance of a periodical; start a newspaper, magazine, or other periodical	N1
送金	そうきん	remittance; money sending; to send (money)	N1
走行	そうこう	moving, especially on a wheeled vehicle such as a car; travelling; drive, log, run, travel	N1
総合	そうごう	synthesis, consolidation, integration; generalize, synthesize, integrate, piece together	N1
捜査	そうさ	a criminal investigation; to investigate	N1
捜索	そうさく	search (rescue of a missing person etc.); investigation (police investigation); to search (especially for a missing person or people); to investigate	N1
然うして	そうして	alternative form of そして (soshite)	N1
装飾	そうしょく	decoration, ornament; decorate, ornament	N1
操縦	そうじゅう	flying, piloting; management, handling; fly, pilot; manage	N1
創造	そうぞう	creation: the making of things; Creation: all of existence as created by one or more deities; to create	N1
壮大	そうだい	magnificent, grand; imposing	N1
騒動	そうどう	riot, stir, commotion, fuss, turmoil; to riot, to cause a commotion	N1
遭難	そうなん	shipwreck; distress; being stranded; meet with disaster; go missing, be lost, disappear (due to accident or disaster)	N1
相場	そうば	market price; speculation; that which is reasonable and fair, based on widespread understanding; par, par for the course; reasonable expectation; the standard (rate, result)	N1
装備	そうび	equipment; to equip	N1
創立	そうりつ	establishment; founding; to establish; to found	N1
添える	そえる	garnish; accompany a person; add to, support	N1
即座に	そくざに	immediately, right away	N1
促進	そくしん	promotion; the act of expediting; advance, promote	N1
即する	そくする	to conform to, to agree with, to be adapted to, to be based on	N1
束縛	そくばく	restraint, shackles; restrain, shackle	N1
側面	そくめん	side (flat surface of an object); side, an aspect of something; an indirect position	N1
其処で	そこで	so, then, in that case	N1
損なう	そこなう	to damage, to spoil, to blemish; to fail to do; almost; nearly; narrowly	N1
其処ら	そこら	everywhere, somewhere, approximately, that area, around there	N1
素材	そざい	material for making something such as food, web page, art,; material for writing a document	N1
阻止	そし	blocking, thwarting, prevent, hindrance, impedance or impediment; to block, to thwart, to prevent, to impede, to hinder something	N1
然して	そして	and, and then; thus, and now; like that	N1
訴訟	そしょう	lawsuit (a case where a court is needed to resolve differences)	N1
育ち	そだち	growth, breeding, rearing, bringing up; cultivation, education	N1
措置	そち	measure, step; do steps, measures	N1
其方	そちら	that direction; that way; that person; you; that one	N1
素っ気ない	そっけない	brusque (rudely abrupt, unfriendly)	N1
率直	そっちょく	frank, direct, honest; frankness, directness	N1
外方	そっぽ	somewhere else	N1
備え付ける	そなえつける	provide with; equip with; install	N1
備わる	そなわる	to be equipped with, to possess; to be furnished with	N1
園	その	an orchard, plantation; a garden, park (especially one with trees); a place, location; a female given name; a surname	N1
その上	そのうえ	in addition; furthermore; on top of (which)	N1
その内	そのうち	soon, before long; someday, eventually	N1
その為	そのため	hence, for that reason	N1
その外	そのほか	besides, in addition, the rest	N1
其の儘	そのまま	as is; as it is; without modification	N1
聳える	そびえる	tower, predominate, soar, rise, tower over	N1
素朴	そぼく	naive, simple (thinking); naïveté, simplicity	N1
染まる	そまる	to be dyed; to be stained; to be affected	N1
背く	そむく	be contrary; defy; ignore; run counter to; break a rule; betray one's party or country; go back on someone; break an agreement	N1
染める	そめる	to dye; to color, to paint, to blush; to set about, to be involved with; to start writing	N1
逸らす	そらす	to avert	N1
反り	そり	warp, curvature, curve, arch	N1
其れ	それ	that (near the addressee); that one (near the addressee); the one we are talking about (either the speaker or the addressee knows); that of (used only in writing); Used to call someone's attention to something; there!, look!; Used to stir someone to action or fire oneself up; go on!, let's go!, right!, here goes!, come on!; 其れ: probably	N1
其れから	それから	and then, after that, later, from now on	N1
其れで	それで	because of that, and, thereupon	N1
それでは	それでは	其れでは: then, if so	N1
其れでも	それでも	still, nevertheless, even so	N1
其れとも	それとも	or; or else	N1
其れに	それに	besides; moreover	N1
其れ程	それほど	to that degree, extent	N1
其れ故	それゆえ	therefore, for that reason, so	N1
揃い	そろい	matching	N1
損失	そんしつ	loss	N1
存続	そんぞく	continuation in existence; continue to exist	N1
沿い	ぞい	along	N1
像	ぞう	a form of a thing, including god; a figure; a statue; an idol; an image, a vision	N1
増強	ぞうきょう	strengthening, augmentation; reinforce (to strengthen by addition), increase	N1
蔵相	ぞうしょう	Minister of Finance	N1
増進	ぞうしん	increase; enhancement; promotion; to increase; to enhance; to promote	N1
ぞんざい	ぞんざい	rude, impolite, curt; sloppy, careless, rough	N1
他意	たい	other intention; ulterior motive	N1
対応	たいおう	correspondence to; compatibility; dealing with; to correspond to; to respond, to keep up with	N1
退化	たいか	degeneration; retrogression; to degenerate, to retrogress	N1
体格	たいかく	body shape (of a person)	N1
大概	たいがい	generality; mostly, in general	N1
退学	たいがく	dropping out of school; failing out of school; expulsion from school; to drop out of school; to flunk out of school; to be expelled from school	N1
大金	たいきん	huge sum of money	N1
待遇	たいぐう	reception of customers, clients, or guests; treatment or compensation of employees, especially in the form of salary; receive customers, clients, or guests; compensate employees	N1
対決	たいけつ	confrontation, face-off, showdown; to face off, to confront	N1
体験	たいけん	experience; to undergo an experience, to experience something, to go through	N1
対抗	たいこう	opposition; to oppose	N1
対して	たいして	for, in regard to, per	N1
大衆	たいしゅう	the public	N1
対処	たいしょ	coping, handling; to deal with something; to cope with something	N1
退職	たいしょく	retirement, resignation, retirement from office; retire, resign	N1
退治	たいじ	stamping out, wiping out; exterminating pests; stamp out, eradicate; exterminate	N1
態勢	たいせい	state; situation; posture	N1
対談	たいだん	dialogue; to talk with a person	N1
対等	たいとう	equal; equality	N1
滞納	たいのう	nonpayment; fall behind in one's payments	N1
対比	たいひ	contrast, comparison; to contrast, to compare	N1
大部	たいぶ	lengthy	N1
対辺	たいへん	opposite side	N1
待望	たいぼう	waiting eagerly, looking forward to in anticipation; to wait eagerly, to look forward to in anticipation	N1
怠慢	たいまん	negligent; negligence	N1
対面	たいめん	an interview, meeting; a confrontation; being face-to-face; to interview, meet (face-to-face); to confront, face each other	N1
体力	たいりょく	bodily strength, physical power	N1
対話	たいわ	dialogue, conversation; to have or hold a conversation	N1
耐える	たえる	耐える: to endure, to bear (to put up with); 耐える: to withstand, to resist, to stand; 耐える, 堪える: to have the ability (for a job etc.), to be worthy; to cease	N1
絶える	たえる	耐える: to endure, to bear (to put up with); 耐える: to withstand, to resist, to stand; 耐える, 堪える: to have the ability (for a job etc.), to be worthy; to cease	N1
堪える	たえる	to endure, to withstand; Fixed expression: 堪えられない: irresistable, really good; Fixed expression: 持ち堪える: to hang on, to withstand, to endure, to hold up	N1
高	たか	maximum, the limit	N1
高まる	たかまる	build, mount, intensify	N1
焚火	たきび	bonfire; a fire	N1
沢山	たくさん	many, numerous; much, many, a lot; much, a great deal, liberally, a lot; more than enough	N1
逞しい	たくましい	strong, robust	N1
巧み	たくみ	工, 匠: workman, artisan, mechanic, carpenter; 工, 匠: craft, skill; means, idea; 巧み: skill, cleverness; stem or continuative form of たくむ (takumu); 匠, 巧, 拓巳, 拓光, 卓実: a male given name	N1
類	たぐい	kind, sort, type, class, genus, order, family; similar example, parallel; kind, sort, type, the like; a similar thing, parallel; a conventional grouping that corresponds to a class or an order; short for 類概念 (ruigainen)	N1
丈	たけ	jō, a traditional Japanese unit of length based on 10 shaku, standardized as equal to 3+¹⁄₃₃ meters.; a male given name	N1
足し算	たしざん	addition	N1
多数決	たすうけつ	majority rule	N1
助け	たすけ	aid, rescue, relief, help, assistance, support; imperfective and stem (or continuative) forms of 助ける (tasukeru)	N1
携わる	たずさわる	take part in	N1
漂う	ただよう	to float	N1
館	たち	a large building; a mansion, a villa, an estate; a form of address or reference for a noble; a small castle or fort	N1
立方	たちかた	The third power of a number etc.; cube.	N1
忽ち	たちまち	at once, in no time at all, in a moment, in a twinkling, immediately, suddenly, all at once, right away; unexpectedly, suddenly, abruptly; actually, really, truly, genuinely	N1
立ち寄る	たちよる	stop by, drop in	N1
達者	たっしゃ	fluent, proficient, skilled; healthy; a master, someone who is proficient	N1
達成	たっせい	achievement; to achieve	N1
尊い	たっとい	noble; exalted; sacred; precious; valuable	N1
貴い	たっとい	superior; worthful; valuable	N1
尊ぶ	たっとぶ	to respect, to value, to look up to	N1
絶つ	たつ	to sever, to cut off, to suppress, to abstain (from)	N1
盾	たて	a weapon stood up or erected before one's body to block and protect from attacks; a shield	N1
建前	たてまえ	official policy or position, the official story, a pretext;; facade; external treatment towards society	N1
奉る	たてまつる	to give	N1
仮令	たとえ	example, simile, metaphor, allegory, parable; even if	N1
他動詞	たどうし	transitive verb	N1
辿り着く	たどりつく	to finally reach a destination	N1
辿る	たどる	follow, pursue (a road, course); follow a hyperlink; to steer, to navigate (towards a specific place)	N1
掌	たなごころ	a palm	N1
楽しむ	たのしむ	to enjoy oneself; to enjoy something	N1
頼み	たのみ	request; reliance, dependence; hope	N1
煙草	たばこ	synonym of タバコ (tabako, “tobacco”)	N1
度々	たびたび	often, frequently; repeatedly, many times	N1
他方	たほう	another side; the other hand, another way of looking at something	N1
多忙	たぼう	busy; busy, pressure of business	N1
給う	たまう	to give; to grant; (to do something) for me/for us	N1
偶に	たまに	once in a while, occasionally, now and then	N1
堪らない	たまらない	unbearable, intolerable, unendurable; tremendous, irresistible	N1
溜まり	たまり	pile, pool, such as a pool of water; gathering place, a place where people come together; waiting place for a sumo wrestler outside the ring; ellipsis of 溜まり醤油 (tamarijōyu): tamari soy sauce; stem or continuative form of 溜まる (tamaru)	N1
賜る	たまわる	be granted	N1
例	ためし	an instance, an example, a precedent	N1
躊躇う	ためらう	to quell or restrain disordered emotions, such as due to high spirits or sadness: to calm one's feelings; to ease or alleviate the symptoms of disease; to take the time to think things through calmly before making a decision: to ponder something, to consider something; to calmly observe something; to hesitate, to be undecided, to waver	N1
保つ	たもつ	to keep up; to retain; to maintain	N1
容易い	たやすい	easy, simple, not difficult	N1
多様	たよう	diverse, various; diversity, variety	N1
弛み	たるみ	slack, slackening, dullness, letdown	N1
弛む	たるむ	to slacken; to become loose	N1
たれ	たれ	垂れ: sauce, gravy; imperfective and stem (or continuative) forms of たれる (tareru); hypothetical and imperative forms of たる (taru)	N1
垂れる	たれる	to drip, to leak, to fall as drops; to droop, to hang down, to sag; to give (as charity, favor, blessing, etc.), to show (mercy, charity, etc.); to let go (of), to release, to discharge; to say, to declare, to explain; to complain, to grumble	N1
歎	たん	to lament, to sigh; to praise	N1
反	たん	anti-	N1
単一	たんいつ	independent, single; homogenous; independence; homogeneity	N1
短歌	たんか	tanka; a form of Japanese verse in five lines of 5-7-5-7-7 syllables.	N1
担架	たんか	stretcher (simple litter designed to carry a sick, injured, or dead person)	N1
短気	たんき	quick-tempered; short temper	N1
探検	たんけん	expedition, exploration; to explore	N1
短縮	たんしゅく	shortening, abbreviation; shrink, shorten, abbreviate	N1
箪笥	たんす	chest of drawers, tansu	N1
炭素	たんそ	carbon (chemical element)	N1
短大	たんだい	junior college	N1
単調	たんちょう	monotone, toneless, prosaic; menial; monotony	N1
単独	たんどく	single; sole	N1
短波	たんぱ	shortwave	N1
蛋白質	たんぱくしつ	protein	N1
第	だい	ordinal marker, often with affix 号	N1
大胆	だいたん	bold, daring; boldness, intrepidity, defiance	N1
台無し	だいなし	useless; failure; mess; worthless; ruin	N1
大便	だいべん	shit, excrement, faeces	N1
代弁	だいべん	speaking on behalf of someone else; to speak on behalf of another	N1
台本	だいほん	a script for a movie, TV show, play, etc.	N1
代用	だいよう	substitute; substitute, use for another	N1
打開	だかい	a breakthrough; to make a breakthrough	N1
妥協	だきょう	compromise, settlement; to compromise with someone	N1
丈	だけ	jō, a traditional Japanese unit of length based on 10 shaku, standardized as equal to 3+¹⁄₃₃ meters.; a male given name	N1
妥結	だけつ	a settlement; reach an agreement	N1
打撃	だげき	strike, blow; batting; damage; an emotional blow, a shock	N1
駄作	ださく	trashy work	N1
脱出	だっしゅつ	an escape from a dangerous or unpleasant place; prolapse; to get away, to escape; to prolapse	N1
脱する	だっする	to escape from; to get out	N1
脱退	だったい	withdrawal; secession; pulling out; to withdraw; to secede; to pull out	N1
だぶだぶ	だぶだぶ	loose, baggy	N1
騙す	だます	to cheat, deceive	N1
だらけ	だらけ	covered with	N1
怠い	だるい	tired; listless; weary; unmotivated	N1
壇	だん	a surname	N1
団結	だんけつ	unity; to unite	N1
断言	だんげん	assertion, declaration; to assert, to declare	N1
断然	だんぜん	firm, definite; much; definitely, certainly, firmly, resolutely; far and away, by far	N1
段々	だんだん	gradually, step by step, one after another; steps and steps; the process of something	N1
旦那	だんな	generosity as one of the Buddhist perfections (पारमिता (pāramitā)); a donation of money, goods, or service to monks or a temple; a person who makes such a donation: a patron; in the Japanese medieval period, overnight visitors to a shrine or temple; by extension, a gentleman; broadly, a patron, a husband, a master:; a master of servants, a boss of employees, the master of the house; by extension, an honorific for one's own or someone else's husband; also by extension, used by shopkeepers to address a male customer or by an artisan to refer to one's own school or lineage; a term used by a concubine, mistress, or geisha to refer to one's own patron: a sugar daddy; a term used by female servants to refer to the mistress of the house	N1
断面	だんめん	cross section	N1
弾力	だんりょく	flexibility; elasticity	N1
治安	ちあん	public order	N1
近付く	ちかづく	approach, come nearer or become sooner; become familiar with someone, become closer to someone	N1
違える	ちがえる	to change, to make different; to err in, to make a mistake in; to break (a promise), to fail to keep; to dislocate (one's muscle or joint); to cross, to intersect	N1
契る	ちぎる	to swear something, to pledge something	N1
畜産	ちくさん	animal husbandry	N1
畜生	ちくしょう	a beast: a generic term for animals, birds, fish and insects, as the reincarnated form of one who had bad karma in a previous life; a person; an expression of strong anger or frustration: damn, dammit, fuck, shit	N1
蓄積	ちくせき	accumulation; accumulate	N1
知性	ちせい	intellect, intelligence, smarts; mind, logical thinking, as opposed to the emotions	N1
乳	ちち	milk; breast (of a woman, of a female mammal)	N1
父母	ちちはは	parents; father and mother	N1
縮まる	ちぢまる	to shorten, to shrink	N1
窒息	ちっそく	suffocation; asphyxia; suffocate, choke	N1
些とも	ちっとも	not at all, not the slightest, not the least bit	N1
秩序	ちつじょ	order (conformity with law or decorum)	N1
知的	ちてき	intelligent; intellectual, mental	N1
著	ちょ	renowned; to publish; to write; remarkable; phenomenal; to put on; to don; to wear; arrival; to finish a race; counter for suits of clothing; counter for garments; literary work; book; written by (the author of a book); striking	N1
着	ちゃく	used to count suits of clothing or individual garments; used to count arrivals; arrival at a location; the wearing of clothing; a kimono; in the area around Edo, short for 巾着切り (kinchaku kiri, “a cutpurse”)	N1
着手	ちゃくしゅ	start, initiation, beginning; start, initiate, begin, launch	N1
着色	ちゃくしょく	colouring; to colour	N1
着席	ちゃくせき	sitting down; to sit down	N1
着目	ちゃくもく	attention; notice; to pay attention to; to focus on	N1
着陸	ちゃくりく	landing; to land	N1
着工	ちゃっこう	beginning construction; break ground, start construction	N1
茶の間	ちゃのま	a room for the tea ceremony; a room between the kitchen and inner room of a Japanese house, used as a parlour and family dining room; short for 茶の間女 (chanoma-onna, “palourmaid”)	N1
茶の湯	ちゃのゆ	tea ceremony	N1
ちやほや	ちやほや	pampering; babying; indulging; spoiling	N1
昼間	ちゅうかん	daytime	N1
宙返り	ちゅうがえり	somersault (the act of going head over heels); to do a somersault	N1
中継	ちゅうけい	a live relay broadcast (short for 中継放送); taking over halfway through; to relay a broadcast (short for 中継放送); to take over halfway through	N1
忠告	ちゅうこく	advice; advise	N1
中指	ちゅうし	middle finger	N1
中傷	ちゅうしょう	slander; defamation; baseless speaking ill of; slander; defame; malign; baselessly speak ill of	N1
忠実	ちゅうじつ	faithful, loyal, devoted; faithfulness, loyalty, devotedness; a unisex given name	N1
中枢	ちゅうすう	center (central location); hub, mainstay (important part)	N1
抽選	ちゅうせん	drawing, lottery, raffle; hold a lottery	N1
中断	ちゅうだん	interruption; cancellation; to interrupt; to discontinue, to abort	N1
中っ腹	ちゅうっぱら	irritated, offended	N1
中毒	ちゅうどく	addiction; poisoning	N1
仲人	ちゅうにん	a mediator, an intermediary; go-between (piece in chu shogi and larger shogi variants)	N1
昼飯	ちゅうはん	lunch	N1
中立	ちゅうりつ	neutrality	N1
中和	ちゅうわ	neutralization; China and Japan; Sino-Japanese; to neutralize	N1
腸	ちょう	the intestines; the bowels	N1
蝶	ちょう	a butterfly (insect)	N1
超	ちょう	extra-; hyper-; mega-; meta-; para-; super-; trans-; ultra-; super; very	N1
庁	ちょう	government office, agency	N1
調印	ちょういん	signing; sign, stamp, seal	N1
聴覚	ちょうかく	acoustic sense; auditory sense	N1
長官	ちょうかん	secretary, director, head of a section of government	N1
聴講	ちょうこう	attending a lecture; to attend a lecture; to audit	N1
徴収	ちょうしゅう	collection, levy; collect taxes, collect payment	N1
聴診器	ちょうしんき	a stethoscope	N1
挑戦	ちょうせん	challenge (against authority or a higher-ranked person); try at something; to challenge; to take on the challenge of doing something (especially something one has not done before); to try; to try one's hand at	N1
長大	ちょうだい	very long and extensive; great length and extent	N1
調停	ちょうてい	arbitration, mediation; arbitrate, mediate	N1
恰度	ちょうど	just, right, exactly, precisely	N1
長編	ちょうへん	a full-length novel, movie, or poem	N1
丁目	ちょうめ	district, a small numbered division of a city roughly equal to a block	N1
調理	ちょうり	cooking; cook, prepare food	N1
調和	ちょうわ	harmonization, harmony; to go together, to coordinate, to be in harmony with; to blend in, to fit in	N1
ちょくちょく	ちょくちょく	often, frequently, now and then, occasionally	N1
直面	ちょくめん	confrontation; face (deal with, confront)	N1
著書	ちょしょ	a written work	N1
貯蓄	ちょちく	savings; save	N1
直感	ちょっかん	intuition, instinct; to sense	N1
一寸	ちょっと	one sun: a unit of length equivalent to a tenth of a 尺 (shaku, traditional Japanese foot as a unit of length), or approximately 3.03 centimeters; a short amount of time, distance, or mass	N1
著名	ちょめい	noted, celebrated; fame	N1
ちらっと	ちらっと	flashingly, glancingly	N1
塵取り	ちりとり	dustpan	N1
治療	ちりょう	medical treatment; cure; to treat (medically); to cure	N1
賃金	ちんぎん	wages	N1
沈殿	ちんでん	precipitation; settlement (e.g. of sediment); precipitate; settle	N1
沈没	ちんぼつ	sinking (of a ship etc.); sink, founder	N1
沈黙	ちんもく	silence; reticence; be silent; be reticent	N1
陳列	ちんれつ	exhibition, display; display	N1
追及	ついきゅう	investigation; investigate	N1
追跡	ついせき	chase, pursuit; tracking, following; to chase, to pursue at speed; to track, to follow the traces of something	N1
次いで	ついで	next; conjunctive form of 次ぐ (tsugu)	N1
追放	ついほう	expulsion; banishment, deportation, exile; to expel; to banish, to deport, to exile	N1
費やす	ついやす	to spend, to consume; to waste, to squander	N1
墜落	ついらく	crashing, falling; crash, fall	N1
通	つう	documents; authority, expert, connoisseur	N1
痛感	つうかん	keenly feeling; to feel keenly	N1
通常	つうじょう	ordinary; conventional; normal; generally, usually, commonly; the usual (thing, etc.), the norm	N1
痛切	つうせつ	keen, acute, poignant; keenness, acuity, poignancy	N1
杖	つえ	staff, stick, walking stick, cane, stave, strove, rod, wand; something one leans on, a support; a cane used for corporal punishment; a particularly shaped stirring stick used to make New Year's porridge; the stem of a pear; a traditional unit of length; approximately 3 meters; seven 尺 (shaku, traditional Japanese foot) and five 寸 (sun, traditional Japanese inch), or approximately 2.3 meters; a traditional unit of area; one-fifth of a 段 (tan, traditional Japanese paddy size, roughly half of an English acre), or around 237m²	N1
遣い	つかい	mission, simple task, doing	N1
使い道	つかいみち	use, way in which something can be used	N1
仕える	つかえる	to serve, serve under, take service under; to enter public service	N1
司る	つかさどる	To manage or be in charge of a role or job, in a position of responsibility.; To rule, control, or administer people or things, from a position of authority.; To carry out a role, to serve a function, as done by an organ of the body.	N1
束の間	つかのま	a moment, a brief time; brief, transient	N1
付き	つき	ability to stick, impression, quality of printing; attendant, assistant; good luck; with, including; appearance, state, condition; stem or continuative form of 付く (tsuku)	N1
付き合う	つきあう	to go out with, to be dating; to keep company with, to get along with	N1
月並み	つきなみ	trite; commonplace, conventional; hackneyed; every month	N1
尽きる	つきる	to be used up; to be exhausted; to run out; to become depleted	N1
継ぎ目	つぎめ	joint	N1
吐く	つく	to breathe; to say (something bad); to vomit	N1
尽くす	つくす	To exhaust; deplete; use up.; serve, assist; to do to exhaustion, to do something completely	N1
作り	つくり	making, producing, manufacturing	N1
造り	つくり	作り: construction; 旁: right hand part of a kanji; 造り: make-up, structure	N1
繕う	つくろう	to repair, mend, patch up (something damaged especially clothing, footwear, etc.); to treat (a wound, injury, disease, etc.); to adjust, fix (hair, clothing, appearance, etc.); to keep up appearances	N1
接ぐ	つぐ	connect or piece together separate things; splice film; set bones; graft trees	N1
継ぐ	つぐ	succeed someone, inherit an operation, continue an action; mend clothing; add, such as add charcoal to a fire; connect two things, graft, splice film, set a bone	N1
付け加える	つけくわえる	add	N1
告げる	つげる	to tell; to inform	N1
辻褄	つじつま	consistency; logic; coherence	N1
突っ張る	つっぱる	prop up; become stiff; insist, be stubborn	N1
筒	つつ	tube; hub (central part of a wheel)	N1
突く	つつく	to poke (with fingers, etc.); to peck at	N1
慎む	つつしむ	be mindful of; be prudent	N1
伝言	つてこと	message; to send word; to give a message	N1
伝言	でんごん	message; to send word; to give a message	N1
勤まる	つとまる	be fit for a job, be equal to a task	N1
勤め先	つとめさき	workplace	N1
努めて	つとめて	as much as possible, as far as possible; to the best of one’s ability, diligently	N1
津波	つなみ	a tsunami; a tidal wave; 海嘯: (hydrology, rare) a tidal bore; a storm surge	N1
抓る	つねる	pinch (to squeeze a small amount of skin)	N1
募る	つのる	to intensify; to raise money or to call for people or applications	N1
唾	つば	spit, saliva	N1
呟く	つぶやく	mutter, murmur; to tweet (on Twitter)	N1
瞑る	つぶる	to close one's eyes	N1
壷	つぼ	alternative form of 壺 (“jar, pot”); Extended shinjitai form of 壺	N1
蕾	つぼみ	bud (of a flower); a female given name	N1
躓く	つまずく	to stumble or trip; to fail partway through	N1
摘む	つまむ	to pluck; to pick; to trim	N1
詰らない	つまらない	insignificant, boring, trifling	N1
詰まり	つまり	that is to say, in other words; in short; obstruction, clogging; degree to which something is obstructed or clogged; shrinkage; the end of some period of time; conclusion, limit; an end point; difficulty, straits, a cause of distress; stem or continuative form of 詰まる (tsumaru)	N1
露	つゆ	dew, dewdrop; a drop or drops of something; transience; the threads of the sleeve ends of 狩衣 (kariginu), 水干 (suikan), etc.; tears; a gratuity, tip; synonym of 豆板銀 (mameitagin) a lump of silver used as currency in the Edo period; not one bit; a few, a little	N1
強まる	つよまる	to get strong	N1
強める	つよめる	to strengthen	N1
連なる	つらなる	range, extend, continue together in a line; attend (to be present at); join, become a member	N1
貫く	つらぬく	pierce, go through; stick to a belief	N1
連ねる	つらねる	be lined with, follow in a row; join a group as one member; follow	N1
釣り	つり	angling; fishing using a pole.; change (money given back when a customer hands over more than the exact price of an item); trolling; stem or continuative form of 釣る (tsuru)	N1
吊り革	つりかわ	alternative form of つり革	N1
釣鐘	つりがね	a large hanging bell, frequently a large bell used in a temple, or a bell of a similar style	N1
吊るす	つるす	hang	N1
手当て	てあて	allowance, compensation, treatment, medical care	N1
体	てい	an outward appearance, look, aspect	N1
提供	ていきょう	offer; sponsorship (e.g. of a TV program); to offer; to sponsor	N1
定義	ていぎ	definition; to define	N1
提携	ていけい	coalition, partnership, association; join hands, form an alliance	N1
体裁	ていさい	form, style; look, appearance	N1
梯子	ていし	ladder	N1
定食	ていしょく	A set meal, usually a tray with one or more main courses, along with a number of side dishes (salad, rice, pickles, soup, etc.).	N1
提示	ていじ	presentation of something, production of evidence, the showing of something; present, lay out, bring out a topic, set up an argument	N1
訂正	ていせい	correction, revision; correct	N1
停滞	ていたい	stagnation; accumulation; grow stagnant; accumulate, pile up	N1
邸宅	ていたく	mansion (large house or building)	N1
定年	ていねん	age of mandatory retirement	N1
堤防	ていぼう	a levee, an embankment along a body of water, a dike; to block off with an embankment	N1
手遅れ	ておくれ	too late, being belated; beyond help; being too late, being belated; being beyond help	N1
手数	てかず	effort; trouble	N1
手掛かり	てがかり	hint; clue; lead	N1
手掛ける	てがける	handle, work with, manage	N1
手軽	てがる	handy, easy, simple, light	N1
的	てき	-ive, -like, -ish, -ic, -ical, -y, kind of, sort of	N1
適応	てきおう	adaptation, the quality of being suited to some condition or requirement; an adaptation; a trait that makes an organism better suited to an environment; adjustment, quality of a person adapted to some social environment; adapt, adjust, fit in, conform	N1
適宜	てきぎ	suitable, appropriate; suitability, appropriateness	N1
適性	てきせい	suitable, fit; aptitude, fitness, suitability	N1
手際	てぎわ	skill, efficiency	N1
手順	てじゅん	procedure, program, process	N1
手錠	てじょう	handcuffs (metal rings for fastening wrists)	N1
手近	てぢか	near, handy, familiar	N1
てっきり	てっきり	surely, certainly	N1
鉄鋼	てっこう	iron and steel	N1
徹する	てっする	to penetrate; to dedicate oneself	N1
鉄片	てっぺん	very top	N1
手配	てはい	arrangements; search for a criminal; prepare; search	N1
手筈	てはず	arrangement, plan, programme	N1
手引き	てびき	a guide, a leader who shows the way; guidance, providing basic instruction or helpful information; a guide who instructs; a guidebook, handbook, or manual; guide, lead someone; provide guidance or useful information; provide a basic explanation, break down a topic	N1
手本	てほん	a model, an example	N1
手回し	てまわし	winding by hand; (attributive) hand-wound; hand-cranked; preparation	N1
手元	てもと	area around the hands; something on hand, something nearby; cash on hand, cash reserves	N1
照り返す	てりかえす	to reflect (light, heat, etc.)	N1
手分け	てわけ	division of labour	N1
店	てん	store, branch (of a store company)	N1
点火	てんか	ignition; to ignite	N1
転回	てんかい	revolution; rotation; to revolve; to rotate	N1
転換	てんかん	change; convert, change, divert	N1
転居	てんきょ	moving, changing residence	N1
転勤	てんきん	a transfer, job transfer, relocation; to be transferred, to be relocated	N1
点検	てんけん	inspection	N1
転校	てんこう	changing school; to change school	N1
天国	てんごく	heaven	N1
天才	てんさい	genius	N1
天災	てんさい	natural disaster	N1
展示	てんじ	display, exhibition, exhibit, showing, presentation; display, show, exhibit, showcase, present	N1
天井	てんじょう	ceiling; the highest place inside an object; the top price of something	N1
転じる	てんじる	to turn, to shift, to alter, to distract	N1
点線	てんせん	dotted line	N1
天体	てんたい	celestial body	N1
転転	てんてん	rolling about, moving from place to place, being passed around repeatedly	N1
てんで	てんで	all along; from the beginning	N1
転任	てんにん	transfer; change in post; to transfer; to change in post	N1
展望	てんぼう	view, a vista; a vision, foresight of the future; to view, to look into the distance; to have a vision of the future	N1
転落	てんらく	a fall, falling down; a slide down to a lower rank; a personal decline, a descent into personal destruction; tumble, fall down; slide down in a ranking; descend into personal decline	N1
出合う	であう	to meet by chance, to come across, to happen to encounter, to hold a rendezvous, to have a date	N1
出入り口	でいりぐち	exit and entrance	N1
でかい	でかい	huge, big, severe, intense	N1
出来物	できもの	tumour, boil	N1
出切る	できる	to exhaust, to have none left; to exit completely, to emerge entirely	N1
出くわす	でくわす	come across, come upon, meet by chance	N1
出鱈目	でたらめ	nonsensical; haphazard; irresponsible utterance; haphazardness	N1
出直し	でなおし	adjustment, touch up	N1
田園	でんえん	the country; countryside; a rural area; cultivated land	N1
電源	でんげん	electric power source, power supply; power outlet, power socket	N1
伝説	でんせつ	tradition; legend; folklore	N1
電線	でんせん	electrical wire	N1
伝達	でんたつ	transmission; notification, communication; to transmit; to convey, to communicate, to notify	N1
伝来	でんらい	an item or concept introduced or transmitted from a foreign land; something that is handed down from earlier generations, an heirloom; be introduced from a foreign country; hand down from generation to generation	N1
と	と	with; and; a particle following a phrase or clause describing the detail, content or manner of the action, similar to a complement, and usually found after dialogue, whether spoken or thought.; if (when appended to a dictionary-form verb and followed by a present-tense sentence); when (when appended to a dictionary form verb and followed by a past-tense sentence); can be attached to some adverbs to (slightly) highlight the explanatory nature of the adverb; when used with the same verb twice, used to mean \"every\"; constructed using the ren'yōkei first, followed by the rentaikei; short for と金 (tokin): a promoted 歩兵 (fuhyō, “pawn”) that moves like a 金将 (kinshō, “gold general”); sentence ending particle that indicates emphasis or a question	N1
問い合わせる	といあわせる	to inquire; to seek information	N1
問屋	といや	a trader who arranged cargo transportation and shipping, including the chartering of ships and provision of lodging; an office at a 宿駅 (shukueki, “post station”) for that dealt with the relaying of people and horses between stations; a wholesaler; a wholesalers	N1
問う	とう	to ask; to inquire; to accuse (of a crime); to care (about), have regard (for)	N1
棟	とう	large building; building	N1
等	とう	et cetera; rank, class, order; et cetera, that kind of thing, and so on	N1
陶器	とうき	ceramics, including porcelain and pottery	N1
等級	とうきゅう	grade; class; magnitude	N1
討議	とうぎ	debate, discussion; debate, discuss	N1
登校	とうこう	attendance at school; to go to school	N1
統合	とうごう	combination, integration (act or process of making whole or entire); to combine, to integrate, to consolidate	N1
倒産	とうさん	corporate bankruptcy; for a business to go bankrupt	N1
投資	とうし	investment; invest, speculate	N1
統治	とうじ	rule, governance; to rule, to govern	N1
統制	とうせい	control, regulation; to control, to regulate	N1
当選	とうせん	victory in an election; win an election	N1
逃走	とうそう	flight, getaway, escape; to flee, to escape	N1
統率	とうそつ	command; lead; to command; to lead	N1
到達	とうたつ	arrival; attainment; arrive, reach; attain	N1
到底	とうてい	absolutely, (with negative verb) possibly (as in \"couldn't possibly\"), utterly	N1
丁々	とうとう	with violent noises such as clashing of swords; in heated argument, verbal sparring	N1
投入	とうにゅう	insertion; investment; insert; invest	N1
当人	とうにん	the one concerned, the said person	N1
逃亡	とうぼう	escape; to make an escape, to run away, to flee and hide	N1
冬眠	とうみん	hibernation; to hibernate	N1
登録	とうろく	registration; a record or entry; a subscription on a platform like YouTube; to register; to record an entry; to subscribe on a platform like YouTube	N1
討論	とうろん	debate; discussion; to debate; to discuss	N1
遠ざかる	とおざかる	to go far away, to move farther away, to become distant	N1
遠回り	とおまわり	detour; roundabout way; to make a detour; to go around	N1
通りかかる	とおりかかる	to happen to pass by	N1
兎角	とかく	being apt to, being prone to, tending to; all sorts of, various; this and that; anyway, anyhow; things that do not exist; rabbit horns	N1
咎める	とがめる	to find fault, to nitpick, to rebuke, to censure; to feel guilty; to question (a suspect)	N1
時折	ときおり	sometimes	N1
跡切れる	とぎれる	to break, pause, cease; to be interrupted	N1
説く	とく	to explain; to preach, to persuade	N1
特技	とくぎ	specialty, special skill	N1
特産	とくさん	special product	N1
特集	とくしゅう	a special program, a special edition; to run a special on someone or something, to feature or profile someone or something	N1
得点	とくてん	score, points gained; to score, to gain points	N1
特派	とくは	send specially, special envoy	N1
特有	とくゆう	peculiar to, specific to; peculiarity	N1
研ぐ	とぐ	sharpen, whet an ax or knife; wash rice; polish, clean a surface	N1
刺	とげ	a thorn, prickle; a splinter; a biting word	N1
遂げる	とげる	accomplish	N1
床	とこ	a raised platform roughly 30cm tall used in dirt-floored rooms as a seat; a raised area on which to sleep: a bed; a sickbed; the floor; tatami mats; the seat of an oxcart; short for 床間 / 床の間 (toko no ma): an alcove with a raised floor along one wall of a traditional Japanese living room; an alcove with a raised floor used as a study: see 付書院 (tsuke shoin); a box seat, such as at a parade, theater, or stadium; short for 床店 (tokomise): a stall with a raised floor used as a store; short for 床屋 (tokoya): a barbershop, from how such shops were historically often tokomise; short for 床船梁 (toko funabari), 舵床 (kajidoko): the large wooden beam at the very aft of a traditional wood-hulled Japanese ship, upon which the rudder is seated; the heel of a plough; the part of the bottom of a plough that touches the ground and guides the ploughshare; short for 苗床 (naedoko): a seedbed; short for 鉄床, 金床 (kanatoko): an anvil	N1
所が	ところが	but, and surprisingly, ...	N1
所で	ところで	by the way, incidentally; even if, no matter if (someone does something)	N1
年頃	としごろ	apparent age; marriageable age	N1
年寄り	としより	an elderly person; an elder	N1
戸締り	とじまり	locking up; securing doors and windows shut or closed; to lock up; to secure doors and windows shut or closed	N1
途上	とじょう	bound for, on the way to, half way	N1
綴じる	とじる	to bind	N1
途絶える	とだえる	cease, stop	N1
特許	とっきょ	letter patent; patent; concession	N1
疾っくに	とっくに	long ago, already	N1
特権	とっけん	privilege	N1
咄嗟	とっさ	a very short time	N1
取っ手	とって	handle; grip	N1
突破	とっぱ	rising above, exceeding, breaking; breaking through; overcoming; exceed, pass, break (a level, a mark); break through; overcome	N1
突如	とつじょ	sudden; suddenly	N1
迚も	とても	very, exceedingly, awfully; not at all, at all, by no means	N1
整える	ととのえる	arrange (to set up, organise)	N1
届け	とどけ	届, 届け: report, notice, registration	N1
滞る	とどこおる	be overdue, be in arrears, back up, be stacked up	N1
止まる	とどまる	to stop; to remain; to stay	N1
留める	とどめる	hold, keep (to a limit), suffice; retain, keep, remain; detain, keep, retain	N1
止める	とどめる	alternative form of 留める	N1
唱える	となえる	chant, recite; state, advance, insist; 称える: to call someone or something using a particular name	N1
兎に角	とにかく	anyway, anyhow, in any case, be that as it may	N1
殿様	とのさま	feudal lord	N1
帳	とばり	curtain	N1
扉	とびら	a door (moving part of a hinged door that swings out or in, as opposed to a sliding door or the doorway as a whole); a title page; an entrance to something	N1
徒歩	とほ	going on foot	N1
乏しい	とぼしい	meager, scarce	N1
富	とみ	wealth; fortune	N1
富む	とむ	to be rich; to be rich in something, have something in abundance, be full of something	N1
兎も角	ともかく	anyhow, anyway, in any case; setting aside	N1
共稼ぎ	ともかせぎ	working together, (husband and wife) earning a living together	N1
灯	ともしび	a light; a lit flame (such as of a candle or torch); under the 律令 (Ritsuryō) system of the Heian period, a kind of scholarship granted to university students	N1
伴う	ともなう	to accompany	N1
共働き	ともばたらき	both working; being double-income; to both work; to be double-income	N1
捕らえる	とらえる	grasp, seize, capture	N1
取りあえず	とりあえず	at once, first of all, for the time being	N1
取り扱い	とりあつかい	handling, treatment	N1
取り扱う	とりあつかう	handle, treat	N1
鳥居	とりい	a torii: a symbolic gate to a Shinto shrine or Buddhist temple; a similar roofless gate to a residence; the top bar of a railing; the top horizontal bar of a balance scale for measuring weight; a surname	N1
取り替え	とりかえ	exchange	N1
取り組む	とりくむ	work through, address, grapple with, deal with	N1
取り締まり	とりしまり	control, management; regulation	N1
取り締まる	とりしまる	to supervise; to manage; to control; to regulate; to keep under control	N1
取り調べる	とりしらべる	investigate, usually a crime	N1
取り立てる	とりたてる	to collect, to extort, to appoint, to promote	N1
取り次ぐ	とりつぐ	to act as an agent for, to announce (someone), to convey (a message)	N1
取り除く	とりのぞく	remove, prune away, carry off, take away	N1
取り引き	とりひき	transactions, dealings, business	N1
取り巻く	とりまく	to surround; to crowd around; to encircle	N1
取り混ぜる	とりまぜる	to mix, to put together	N1
取り戻す	とりもどす	get back, regain, recover, retrieve; restore, get back to a former condition	N1
取り寄せる	とりよせる	to draw closer; to have delivered from elsewhere	N1
取り分け	とりわけ	particularly, especially, most of all	N1
蕩ける	とろける	to melt; to soften; to be enchanted	N1
とんだ	とんだ	terrible, awful; outrageous, terrible (bad to a surprising or unexpected degree); inconvenient	N1
胴	どう	body, torso, trunk	N1
働	どう	labor; work	N1
同	どう	same	N1
同意	どうい	agreement, consent; synonymous; give consent, agree, concur	N1
動員	どういん	mobilization; mobilize	N1
同感	どうかん	agreement; same opinion; same feeling; sympathy; concurrence; to agree; to have same opinion, feeling; to sympathize; to concur	N1
動機	どうき	motive; that which sets one into motion	N1
同級	どうきゅう	the same grade, same class	N1
同居	どうきょ	coresidence; to live together	N1
動向	どうこう	direction, trend	N1
同士	どうし	comrade	N1
同志	どうし	comrade	N1
如何して	どうして	why, for what reason, what for; how, in what way	N1
如何しても	どうしても	no matter what	N1
同情	どうじょう	sympathy; to sympathise	N1
道場	どうじょう	dojo, training hall (place where martial arts are practiced); short for 菩提道場 (bodai-dōjō):; place where a buddha has achieved enlightenment; a building or facility for ascetic training; a Buddhist temple	N1
どうぞ宜しく	どうぞよろしく	pleased to meet you	N1
同調	どうちょう	same condition; agreement, conformity; tuning of a radio, television, etc.; agree, sympathize; tune a radio, television, etc.	N1
動的	どうてき	dynamic	N1
同等	どうとう	equal, equivalent; equality, equivalence	N1
堂々	どうどう	magnificent, grand, impressive	N1
どうにか	どうにか	somehow or other, some way or another; something; manage somehow, manage in some way or another (to do), by any means to	N1
導入	どうにゅう	introduction (e.g. of a new idea); introduce	N1
同封	どうふう	enclosure (e.g. in a letter)	N1
同盟	どうめい	union; alliance; to ally	N1
どうやら	どうやら	apparently, it seems, it looks like; somehow, just (barely)	N1
動揺	どうよう	jolt, lurch; fluctuation, turbulence; fluctuate, be turbulent	N1
動力	どうりょく	power; motive power; energy	N1
独裁	どくさい	autocracy, dictatorship (a government led by a dictator); making decisions for a group by oneself, tyranny; to rule as a dictator; to make decisions for others by oneself, to behave tyrannically	N1
読者	どくしゃ	reader (person who reads a publication)	N1
独自	どくじ	independent, separate from others; unique; being original, done without association with another; uniqueness	N1
独占	どくせん	monopoly, exclusive possession; an economic monopoly; to monopolize, keep to oneself, dominate; to monopolize, have an economic monopoly	N1
独創	どくそう	original creation; to create originally	N1
何処	どこ	indefinite interrogative pronoun:; points to unknown or unspecified locations: where..., which [[[noun]]]...; points to objects belonging to an uncertain group: which [[[collective noun]]]...; indefinite demonstrative pronoun: anywhere, everywhere, somewhere; short for どころ (dokoro): indicates rejection to an out of the question word or phrase: the extent of, the place of, the time of; expresses equivalence, worth, etc.: befitting..., deserving..., worthy of...; one's family, home, or household	N1
何処か	どこか	anywhere, somewhere; anyhow, somehow, one way or another; short for どころか (dokoro ka): anything but, far from, not at all	N1
土産	どさん	a local product, native product, something produced in the area where it is sold; a souvenir	N1
土台	どだい	support base; foundation; masonry footing; base; from the beginning	N1
何方	どちら	which way?; which one? (of two alternatives); who?; indefinite interrogative directional pronoun; which direction, where; which direction; who	N1
土手	どて	mound, bank, embankment; thick slices from the back of tuna, etc.; gum around a tooth that has fallen out; synonym of どて焼き	N1
何方	どなた	which way?; which one? (of two alternatives); who?; indefinite interrogative directional pronoun; which direction, where; which direction; who	N1
怒鳴る	どなる	to shout in anger; to yell	N1
土俵	どひょう	the ring; a sandbag	N1
土木	どぼく	public works	N1
何れ	どれ	indeterminate demonstrative pronoun:; which... (of three or more choices); which way...; where...; indeterminate personal pronoun:; which... (three or more persons); who...; a filled pause in speech:; well, ...; let me see, ...; let's see, ...	N1
何れ何れ	どれどれ	let's see; what have we got here	N1
度忘れ	どわすれ	slipping someone's mind; slip someone's mind	N1
鈍感	どんかん	thickheaded; insensitive; dull; thick-skinned	N1
内閣	ないかく	cabinet (a group of advisors to a government or business entity)	N1
乃至	ないし	from ... to ...; or	N1
内臓	ないぞう	viscera (internal organs of the body)	N1
内部	ないぶ	interior, the inside, the internal part	N1
内乱	ないらん	civil war; rebellion; insurrection; rebellion (offence under criminal legislation of several East Asian countries)	N1
内陸	ないりく	inland area	N1
苗	なえ	seedling; young plant	N1
尚	なお	a male or female given name	N1
尚更	なおさら	still more; even more	N1
中程	なかほど	middle, midway	N1
流し	ながし	flowing, running, draining; sink, drain, basin; draining floor (in a bathhouse); washing the clients' backs in bathhouses, or someone who does so; strolling, being migratory, or a strolling entertainer; cruising around looking for passengers; passing by	N1
長々	ながなが	long, drawn out	N1
殴る	なぐる	to punch, to beat, to hit	N1
嘆く	なげく	to mourn, to lament; to sigh	N1
投げ出す	なげだす	abandon, throw out; sacrifice; resign	N1
和やか	なごやか	peaceful, harmonious	N1
名残	なごり	remains, traces, memory	N1
情け	なさけ	kind heart, humanity, compassion, affection; romance, love; love affair, relationship	N1
情け深い	なさけぶかい	tender-hearted, compassionate	N1
為さる	なさる	to do; honorific form of する (suru)	N1
詰る	なじる	to find fault with by persistently questioning; to interrogate; to cross examine	N1
何故	なぜ	why ... ?, how ... ?	N1
何故なら	なぜなら	何故なら: that is because; literally, “if (you ask) why”	N1
名高い	なだかい	famous, celebrated, well-known	N1
雪崩	なだれ	an avalanche (large sliding mass of snow and ice), snowslide; an inclination; a collapse, crumbling; a rundown of glaze on a piece of pottery, usually a 茶入れ (chaire, “tea container”); name of a 下座音楽 (geza ongaku)	N1
懐く	なつく	to become attached emotionally or fondly	N1
名付ける	なづける	name, give a name to	N1
何気ない	なにげない	casual, unconcerned	N1
何しろ	なにしろ	either way, at any rate	N1
何卒	なにとぞ	somehow, by all means, one way or another; strongly expresses a request: please, kindly	N1
何も	なにも	nothing at all, not anything	N1
何より	なにより	best; above all; the most important; nothing better; above all; more than anything else	N1
七日	なぬか	the seventh day of the month; seven days	N1
名札	なふだ	nameplate; name tag; luggage tag	N1
生臭い	なまぐさい	smelling fishy; smelling bloody	N1
生温い	なまぬるい	lukewarm, tepid	N1
生身	なまみ	flesh and blood, a living being	N1
鉛	なまり	lead (chemical element)	N1
鈍る	なまる	become blunt; decline in ability or energy, lose one's edge; lose skill, decline in competence, get rusty	N1
並み	なみ	average, medium, common, ordinary	N1
滑らか	なめらか	smooth (surface; progress); calm (water)	N1
嘗める	なめる	舐める, 嘗める: To stroke with the tongue; to lick; 舐める, 嘗める: To taste with the tip of a tongue, or to drink alcohol a little at a time in such fashion; 舐める, 嘗める: To experience hardship; 舐める, 嘗める: A fire to spread like the motion of a tongue; 舐める, 嘗める: To treat with contempt; 滑る: To be slippery	N1
悩ましい	なやましい	worrying; troubling; thorny; sick; painful; exciting due to sexual attraction; seductive	N1
悩ます	なやます	to vex, to trouble, to distress, to afflict, to pester	N1
悩み	なやみ	worry, trouble; stem or continuative form of 悩む (nayamu)	N1
均し	ならし	equilibrium, balance, average, mean	N1
慣らす	ならす	to accustom	N1
馴らす	ならす	to domesticate	N1
並びに	ならびに	and, and also; used in conjunction with 及び (oyobi) to form complex lists, particularly in legal contexts.	N1
成り立つ	なりたつ	consist of; be composed of; reach; be concluded; be buildable; be constructible	N1
成る丈	なるたけ	as much as possible, if possible	N1
成るべく	なるべく	as... as possible; if possible	N1
慣れ	なれ	practice, experience	N1
馴れ馴れしい	なれなれしい	acting undeservedly chummy	N1
難	なん	difficulty	N1
南	なん	the south; short for 南鐐 (nanryō): beautiful silver; a type of silver coin in the Edo period; a female given name; a surname; south wind (mahjong tile); a 役 (yaku, “winning hand”) with a triplet or quad of south wind tiles; depending on wind round and player's seat wind, it is worth either 1 or 2 翻 (han, “doubles”)	N1
なんか	なんか	何か: (adverbial particle, dismissive, derogatory) emphasizes disgust, contempt, or otherwise negative feelings of the speaker: whatever; 何か	N1
何だか	なんだか	somehow; for some reason; Used other than figuratively or idiomatically: see 何, だ, か: what [something] is	N1
何だかんだ	なんだかんだ	something or other; one thing or another; this or that	N1
何て	なんて	emphasizes disgust, contempt, or otherwise negative feelings of the speaker: whatever; what a, such a; what (used quotatively)	N1
何と	なんと	how, in what way; why, wherefore; synonym of なんと; what? huh? (used to ask a question to be repeated); how about..., how about it? (used to prompt the listener's appraisal, such as when consulting them with a solution or proposal)	N1
何となく	なんとなく	somehow or other,  for some reason or another; somewhat, to some degree	N1
何とも	なんとも	nothing (with neg. verb), quite, not a bit	N1
何なり	なんなり	any, anything, whatever	N1
荷	に	load, cargo; luggage; loads that can be carried on one's shoulders	N1
似通う	にかよう	resemble closely	N1
面皰	にきび	acne; a pimple	N1
賑わう	にぎわう	bustle, be crowded; prosper	N1
悪い	にくい	bad; wicked; evil; wrong; to blame; inferior; improper; bad; harmful; damaging; sick; unwell; ill; sorry; apologetic; regretful; \"my bad\"	N1
憎しみ	にくしみ	hatred, hostility, abhorrence	N1
肉親	にくしん	blood relation, blood relative	N1
肉体	にくたい	body; flesh	N1
逃げ出す	にげだす	run away	N1
西日	にしび	westering sun; setting sun	N1
滲む	にじむ	blur, run, spread; be stained; brim with tears; show the emotion put into it	N1
日夜	にちや	day and night; the daytime and the nighttime considered together	N1
日当	にっとう	daily allowance	N1
荷造り	にづくり	packing up; to pack up	N1
担う	になう	to carry on one's shoulder, to bear	N1
二人	ににん	two persons; a couple, pair	N1
にも拘らず	にもかかわらず	although	N1
入手	にゅうしゅ	obtaining; coming to hand; obtain	N1
入賞	にゅうしょう	winning a prize or place (in a contest); win a prize or place	N1
入浴	にゅうよく	the act of bathing; enter a bath	N1
尿	にょう	urine	N1
俄か	にわか	sudden, abrupt, unexpected, improvised, offhand; suddenly serious (said of an illness; most often in the construction にわかになる (niwaka ni naru)); temporary, makeshift, impermanent, ad hoc; short for 俄狂言 (niwaka kyōgen, “a farce; an impromptu comic interlude during a Noh play”); any impromptu joke, witticism, or pun; short for 俄ファン (niwaka fan, “(Internet slang) bandwagon fan”)	N1
認識	にんしき	recognition, awareness; understanding; recognition; to recognize something, to be aware of something; to understand something; to recognize something	N1
妊娠	にんしん	pregnancy, conception; a Nintendo fanboy, Nintendrone; conceive (to become pregnant)	N1
人情	にんじょう	humanity, empathy, sympathy	N1
任務	にんむ	duty, task, mission	N1
任命	にんめい	an appointment, assignment, installation, induction, or instatement of a person to an office or position; to appoint, assign, install, induct, or instate a person to an office or position	N1
抜かす	ぬかす	to neglect or ignore; to omit; to weaken; to say; to release; to set free	N1
抜け出す	ぬけだす	to sneak away from an activity or a location; to escape or get away from an unfavorable situation	N1
盗み	ぬすみ	theft; stem or continuative form of 盗む (nusumu)	N1
沼	ぬま	a swamp, a bog, a marsh, a wetland; inescapable pit of addiction (to entertainment such as games, etc.)	N1
音	ね	a sound, voice; the cry of an animal	N1
値打ち	ねうち	value	N1
寝かせる	ねかせる	to make sleep; to put to sleep; to lay horizontally; to set aside; to put in a place with suitable temperature to ferment	N1
捻子	ねじ	螺子: screw	N1
ねじ回し	ねじまわし	alternative form of 螺子回し	N1
捻じれる	ねじれる	to twist, to wrench, to screw	N1
鼠	ねず	a mouse, a rat	N1
妬む	ねたむ	to envy, to begrudge	N1
強請る	ねだる	coax, badger, pester	N1
熱湯	ねっとう	boiling water	N1
熱意	ねつい	zeal; enthusiasm	N1
熱量	ねつりょう	amount of heat, thermal value; calories, calorific value; enthusiasm	N1
粘り	ねばり	stickyness, viscosity	N1
粘る	ねばる	be sticky to the touch, be adhesive; to persist, to stick to doing something, hold out, hang on	N1
値引き	ねびき	a price reduction, discount	N1
根回し	ねまわし	digging around a tree before transplanting it; seeking agreement in meetings and discussions with others before putting a change into action; dig around a tree before planting it; take measures, lay the groundwork by seeking consensus beforehand	N1
眠たい	ねむたい	sleepy	N1
練る	ねる	knead (to work and press into a mass); elaborate, work out (an idea etc.); polish (refine; improve imperfections from); soften, gloss (silk); 練る, 邌る: to march	N1
念	ねん	sense; feeling	N1
年鑑	ねんかん	almanac, yearbook	N1
年号	ねんごう	era name	N1
燃焼	ねんしょう	combustion; to combust	N1
年生	ねんせい	nth-year student or pupil	N1
年長	ねんちょう	seniority	N1
燃料	ねんりょう	fuel	N1
年輪	ねんりん	tree ring	N1
脳	のう	the brain; one's brains, one's mental functioning; brain; head; chief, principal	N1
農耕	のうこう	agriculture	N1
農場	のうじょう	farm	N1
農地	のうち	agricultural land	N1
納入	のうにゅう	supply, delivery; make a delivery, supply	N1
逃す	のがす	to let escape, let loose, set free; to miss (an opportunity)	N1
逃れる	のがれる	escape	N1
軒並み	のきなみ	line of eaves; row of eaves; each of the eaves; all similarly	N1
鋸	のこぎり	a saw (tool)	N1
望ましい	のぞましい	desirable	N1
臨む	のぞむ	望む: to wish, to hope, to want, to desire; 望む: to expect someone to do something, to hope something from someone; 望む: to see from far away, to command a view; 臨む: physically face, look out upon; 臨む: face, approach with a certain mental state or attitude; 臨む: face a situation; 臨む: take part in; participate	N1
乗っ取る	のっとる	to take possession of (by false pretenses); to seize; to capture; to occupy; to usurp	N1
長閑	のどか	calm, peaceful; mild (e.g. weather, climate); long leisure	N1
罵る	ののしる	to abuse (verbally); speak ill of; insult	N1
延べ	のべ	伸べ, 延べ: stem of のべる (noberu); 延べ: (used before numbers) total	N1
飲み込む	のみこむ	swallow, gulp down; digest, understand	N1
乗り換え	のりかえ	transfer, change; switching (of way of thinking, way of doing, stock, etc.); chromosomal crossover	N1
乗り込む	のりこむ	to get in (a vehicle); to get on (a train, bus, ship, plane, etc.); to march into	N1
刃	は	any sharp and thin cutting implement: a blade, edge	N1
派	は	group, faction, (political) wing, school	N1
把握	はあく	control; grasp (understanding); to have under control; to grasp (to understand)	N1
肺	はい	lung	N1
廃棄	はいき	disposal; annulment; dispose of, scrap; annul, cancel	N1
配給	はいきゅう	rationing, distribution, especially of food; to ration, distribute	N1
配偶者	はいぐうしゃ	spouse	N1
拝啓	はいけい	dear (at the start of a letter)	N1
背景	はいけい	background	N1
背後	はいご	behind; back side; a part that doesn't appear clearly	N1
廃止	はいし	abolition, abolishment, abrogation, discontinuance, dissolution, repeal, elimination - removal of law or the social system structure; abolish; discontinue; dissolve	N1
拝借	はいしゃく	borrowing; borrow	N1
排除	はいじょ	exclusion; elimination; rejection; to exclude; to eliminate; to reject	N1
排水	はいすい	drainage; displacement (water displaced by an object in water); alternative spelling of 廃水 (“wastewater”); to drain	N1
敗戦	はいせん	defeat in war or competition; to be defeated, to lose a war or competition	N1
配置	はいち	arrangement of resources, placement of people; allocate; deploy	N1
配布	はいふ	distribution; distribute	N1
配分	はいぶん	distribution, allotment; distribute, allot, divide among	N1
配慮	はいりょ	consideration, attention, care; give consideration, give care	N1
配列	はいれつ	arrangement, alignment, placement; array, table; sequence (of DNA); to put in order, to arrange, to lay out	N1
映える	はえる	look attractive, shine	N1
破壊	はかい	destruction, demolition; destroy; demolish; vandalize	N1
墓地	はかち	a cemetery, a graveyard	N1
捗る	はかどる	make good progress (on one's work etc.), get along with, get somewhere	N1
果ない	はかない	alternative form of 儚い	N1
諮る	はかる	to confer, to consult with, to bring a matter before	N1
図る	はかる	to plan, to plot, to aim (to do something); 画る: to draw a blueprint, to plan by drawing	N1
剥がす	はがす	peel off, tear off	N1
破棄	はき	destruction (of a recorded material); annulment, cancellation, nullification, reversal (of a contract, treaty, etc.); destroy (a recorded material); annul, cancel, nullify, reverse	N1
泊	はく	nights stayed, nights	N1
迫害	はくがい	persecution; to persecute	N1
薄弱	はくじゃく	unreliable; weak, feeble; unreliability; weakness, feebleness	N1
白状	はくじょう	confession; to confess	N1
剥ぐ	はぐ	to peel off; to skin; to flay; to disrobe; to take off clothing; to deprive (someone of something)	N1
派遣	はけん	deployment; deploy, dispatch	N1
励ます	はげます	cheer up, encourage, be supportive, comfort	N1
励む	はげむ	to be zealous, to be preoccupied with, to strive	N1
剥げる	はげる	peel off; fade, discolor	N1
柱	はしら	pillar; gods, spirits, worshipped entity.; spirit tablets, cremation remains.	N1
橋渡し	はしわたし	building bridges; intermediation; mediation; intermediary; to build a bridge or bridges; to intermediate; to mediate (between)	N1
恥	はじ	shame	N1
弾く	はじく	to flick and make something spring or jump; to reject, to repel (some external substance) (of materials); to calculate	N1
始めまして	はじめまして	How do you do?, I am glad to meet you	N1
恥じらう	はじらう	to feel shy; to be bashful	N1
恥じる	はじる	to be ashamed (of), to feel shame (at)	N1
蓮	はす	a lotus plant or flower; a female given name; a surname	N1
弾む	はずむ	to bounce; to be lively; to splurge	N1
破損	はそん	damage	N1
機	はた	a loom; woven cloth	N1
果たして	はたして	expectedly; indeed, really	N1
果たす	はたす	accomplish, perform, fulfill	N1
裸足	はだし	barefoot; superior to	N1
蜂蜜	はちみつ	honey	N1
発掘	はっくつ	an excavation; to excavate	N1
発生	はっせい	occurrence, incidence; development; occur, rise; develop	N1
発足	はっそく	start, inauguration, establishment; to inaugurate, to establish	N1
初	はつ	the first..., initial..., new...; a first, start, a beginning; first sexual relations, one's first time	N1
発	はつ	set off, depart; start from; emit; discharge; disclose; occur; departure; Counter for artillery fire. Round.; Counter for other things which are \"fired\".	N1
発育	はついく	growth, development	N1
発芽	はつが	germination; germinate	N1
発言	はつげん	comment; to make remarks, to say	N1
発病	はつびょう	attack of a disease; to fall ill; to become ill	N1
初耳	はつみみ	the first time one has heard of something; news to ...	N1
果て	はて	the end, the limit	N1
果てる	はてる	to come to an end; to die; completely; to its limit	N1
話し合い	はなしあい	consultation, talk, talking something over	N1
甚だ	はなはだ	very, greatly; excessively	N1
華々しい	はなばなしい	brilliant, showy	N1
花びら	はなびら	a flower petal	N1
華やか	はなやか	gorgeous; showy; flowery; gorgeousness; showiness	N1
阻む	はばむ	to block, prevent, thwart	N1
浜	はま	beach, seashore; captured pieces in Go (this term is usually written in kana); abbreviation of 横浜 (Yokohama); a surname	N1
浜辺	はまべ	beach; seashore	N1
填まる	はまる	alternative form of 嵌まる, to fit; to be appropriate (for something)	N1
歯磨	はみがき	alternative form of 歯磨き	N1
填める	はめる	to get in, to insert, to put on, to make love	N1
生やす	はやす	to grow something, to make something grow	N1
早める	はやめる	quicken, hasten, speed up; advance, propel, accelerate, catalyze; push forward (a date)	N1
流行	はやり	fashion, vogue; prevalence (of disease); become epidemic, go around; become fashionable	N1
腹立ち	はらだち	anger	N1
原っぱ	はらっぱ	synonym of 原 (hara, “field”)	N1
張り紙	はりがみ	sticker; label; poster; bill	N1
遥か	はるか	faraway, distant; far	N1
破裂	はれつ	explosion, bursting, rupture; explode, burst, or rupture	N1
腫れる	はれる	to swell (from inflammation)	N1
班	はん	group, party, section; group, party; section	N1
判	はん	stamp, seal; judgement; size of paper or books	N1
版	はん	printing blocks; edition, version; revision; version	N1
繁栄	はんえい	prosperity (usually of a country or a state); to prosper; to thrive; to flourish	N1
反感	はんかん	antipathy; revolt; animosity	N1
版画	はんが	printmaking	N1
反響	はんきょう	An echo; (a reflected sound that is heard again by its initial observer).; response, repercussion	N1
判決	はんけつ	sentence, judgement, ruling, verdict	N1
反撃	はんげき	counterattack; do a counteroffensive, counterattack	N1
反射	はんしゃ	reflection, reverberation; reflex (automatic response); reflect, light, sound, radio waves, etc.	N1
繁殖	はんしょく	breeding, propagation; to breed, to propagate, to multiply	N1
繁盛	はんじょう	prosperity; to prosper, to thrive	N1
反する	はんする	be contrary to, be inconsistent with, be opposite to; to violate, transgress	N1
判定	はんてい	judgment, decision; judge, decide	N1
反応	はんのう	chemical reaction; reaction, response; feedback; to react chemically; to respond, to react; be responsive, be sensitive	N1
半端	はんぱ	odd, incomplete; incompleteness	N1
反発	はんぱつ	repulsion, resistance; revolt; rally, recovery; to repel, to oppose, to revolt; to rally, to recover	N1
反乱	はんらん	rebellion, uprising, revolt; to rebel, to revolt	N1
氾濫	はんらん	for water levels to increase and overflow; a flood, flooding; for many undesirable things to appear; an overflow; to flood, to overflow	N1
黴菌	ばいきん	germs, something like bacteria that is harmful to the body	N1
賠償	ばいしょう	indemnity, reparations; compensate, indemnify	N1
倍率	ばいりつ	magnification; magnifying power; acceptance rate	N1
馬鹿馬鹿しい	ばかばかしい	extremely foolish, ridiculous, silly (contrary to reason or propriety); blatant, extreme, outrageous	N1
馬鹿らしい	ばからしい	absurd, ridiculous, foolish (contrary to reason or propriety)	N1
漠然	ばくぜん	vague, indistinct	N1
爆弾	ばくだん	bomb; bivalve shell that contains mud instead of flesh	N1
爆破	ばくは	blast, destruction by bombing; blast, destroy by bombing	N1
暴露	ばくろ	disclosure, exposure, revelation; reveal, disclose	N1
化ける	ばける	to change oneself into, to transform oneself into, to take the form of; to disguise oneself, to appear in disguise; to change for the worse, to corrupt	N1
罰	ばち	punishment; a curse; loosely \"what goes around comes around\"; a mysterious force of divine retribution	N1
伐	ばつ	to attack, to strike, to cut	N1
ばてる	ばてる	to be exhausted (very tired)	N1
発条	ばね	spring (device made of flexible material); springiness, bounce, resilience (such as physical or emotional); a springboard, spark, or catalyst leading to some other change	N1
散蒔く	ばらまく	to scatter, to spread, to disseminate, to distribute, to strew	N1
判	ばん	size of paper or books	N1
万	ばん	even if, never; no matter what; many; all	N1
万人	ばんじん	everybody, all people; a lot of people	N1
万能	ばんのう	all-powerful; almighty; omnipotent; all-purpose; universal	N1
番目	ばんめ	Used to form the ordinal numeral as rank. -st; -nd; -rd; -th.; a classification system used in kabuki theater performance (originally referred to the number of acts within 通(とお)し狂言(きょうげん) (tōshikyōgen, “continuous play”), but later came to indicate the order of performance programs, typically divided into 一(いち)番(ばん)目(め) (ichibanme, “first part”) and 二(に)番(ばん)目(め) (nibanme, “second part”))	N1
非	ひ	negative prefix: in-, non-, un-; evil, wrong, wrongdoing	N1
費	ひ	cost, fee	N1
延いては	ひいては	synonym of ひいて	N1
控室	ひかえしつ	alternative form of 控え室	N1
控える	ひかえる	wait nearby; be nearby, be at hand; deal with, face, contend with; refrain, restrain (oneself or oneself’s actions); cut back; jot down	N1
悲観	ひかん	a compassionate world view that motivates individuals to help and eliminate suffering; pessimism; despair; discouragement; to be pessimistic; to lose hope; to despair; to be disappointed	N1
匹	ひき	small animals; rolls of cloth; numbers of 銭(せん) (sen)	N1
引き上げる	ひきあげる	pull up, lift up; raise, promote; withdraw; to go back; to go home	N1
率いる	ひきいる	to lead, head (a group or party); 将いる: to command troops	N1
引き受ける	ひきうける	accept a responsibility, undertake, take on	N1
引き起こす	ひきおこす	cause, bring about; pull up to a standing position	N1
引き下げる	ひきさげる	to pull down; reduce	N1
引きずる	ひきずる	alternative form of 引き摺る	N1
引き取る	ひきとる	take back, collect, claim; to take into one's care (e.g. person, pet); to take custody of; to adopt; to leave; to die	N1
引き分け	ひきわけ	draw, tie	N1
否決	ひけつ	decline, refusal (by decision-making entities such as a court or parliament); reject, refuse	N1
非行	ひこう	misconduct; delinquency, antisocial behavior by youngsters	N1
日頃	ひごろ	habitually; usually; habitual; usual	N1
久しい	ひさしい	long, a long time since	N1
久し振り	ひさしぶり	after a long time	N1
悲惨	ひさん	miserable, tragic, woeful, sorrowful; ghastliness, misery	N1
秘書	ひしょ	secretary (person keeping records and handling clerical work)	N1
比重	ひじゅう	specific gravity; relative importance	N1
密か	ひそか	secret	N1
浸す	ひたす	soak, immerse; moisten	N1
一向	ひたすら	completely; at all, not in the least	N1
左利き	ひだりきき	the ability to use a left hand better than a right hand; left-handedness; a person who can use their left hand better than their right hand; left-handed person; a drinker; someone fond of alcohol	N1
引っ掻く	ひっかく	to scratch	N1
引っ掛ける	ひっかける	be caught in, hook; dump on, splash on; put on clothes or shoes; pick up a woman, cheat someone; take a drink of alcohol	N1
必修	ひっしゅう	a must-study, a must-learn; a required course.	N1
匹敵	ひってき	bearing comparison with, being on par with; to equal, to match, to rival	N1
未	ひつじ	the Sheep, the eighth of the twelve Earthly Branches	N1
必然	ひつぜん	certain, inevitable, necessary; certainty, inevitability, necessity	N1
一息	ひといき	a (single) breath	N1
単	ひとえ	one layer, single	N1
人柄	ひとがら	personality, character; personal appearance; gentility	N1
一頃	ひところ	once; at one time	N1
人質	ひとじち	a hostage; indentureship, the state of being in servitude to another as collateral on or payment of a debt	N1
一筋	ひとすじ	one long thin item; singular focus	N1
一まず	ひとまず	for the time being, for the present	N1
一人でに	ひとりでに	by oneself	N1
酷い	ひどい	horrible; cruel	N1
日取り	ひどり	appointed date; schedule	N1
雛	ひな	a type of small doll, typically standing upright in the Heian period, changing style to a seated posture in the Muromachi period; short for 雛祭り (Hina matsuri); a chick, a young bird: see the reading hiyoko below; diminutive prefix, carrying favorable connotations such as a sense of cuteness	N1
日向	ひなた	the direction the sun is shining; a sunny spot or place; a visible side; 日向(ひなた)に氷(こおり) (hinata ni kōri, “ice in sun → melting → gradually disappearing”); 陰(かげ)になり日向(ひなた)になり (kage ni nari hinata ni nari); 夏(なつ)は日向(ひなた)を行(ゆ)け冬(ふゆ)は日(ひ)陰(かげ)を行(ゆ)け (natsu wa hinata o yuke fuyu wa hikage o yuke); a placename; a female given name; a surname	N1
非難	ひなん	accusation, criticism, blame; blame, criticize, deprecate, point fingers	N1
避難	ひなん	evacuation; evacuate	N1
日の丸	ひのまる	a circle, usually colored red or gold, shaped like a round sun; in ancient times, imprinted on hand fans and 指物 (sashimono); short for 日の丸の旗 (hinomaru no hata) a flag depicting a red sun on a white background, especially when pertaining to the national flag of Japan; Japan (in general) or the Japanese government	N1
火花	ひばな	spark	N1
日々	ひび	every day, daily, day after day	N1
悲鳴	ひめい	scream, shriek	N1
百科事典	ひゃっかじてん	encyclopaedia	N1
百科辞典	ひゃっかじてん	百科事典: encyclopedia	N1
冷やかす	ひやかす	refrigerate, cool; make fun of	N1
日焼け	ひやけ	sunburn, suntan; to sunburn, suntan; to discolor from exposure to sunlight; to dry up or wither due to drought	N1
票	ひょう	vote	N1
標語	ひょうご	motto, slogan, catchword	N1
ひょっと	ひょっと	possibly; by chance	N1
平たい	ひらたい	flat, even, level, smooth; plain, clear	N1
比率	ひりつ	ratio, proportion, percentage	N1
肥料	ひりょう	fertilizer; manure	N1
比例	ひれい	proportion, ratio; be proportional, be in proportion	N1
疲労	ひろう	fatigue; to feel run down, to be fatigued	N1
広まる	ひろまる	spread (especially for rumors or disease to)	N1
貧困	ひんこん	poor, impoverished; poverty	N1
品質	ひんしつ	quality	N1
品種	ひんしゅ	brand, kind, description	N1
貧弱	ひんじゃく	poor, feeble, scanty; poorness, meagerness, scantiness	N1
頻繁	ひんぱん	frequent; frequency	N1
美	び	beautiful; beauty	N1
微笑	びしょう	smile	N1
美術	びじゅつ	fine arts	N1
吃驚	びっくり	a surprise, a fright; to be surprised, to be frightened	N1
びっしょり	びっしょり	all-wet; soaked; drenched	N1
描写	びょうしゃ	description; depiction; portrayal; to describe; to portray - (express figuratively into scripts, paintings, poems, etc)	N1
びり	びり	one who comes in last	N1
微量	びりょう	minuscule amount, extremely small quantity	N1
敏感	びんかん	sensitive; sensitivity	N1
貧乏	びんぼう	poor; poverty	N1
歩	ふ	a foot soldier (piece that can move one space forward), erroneously called as the equivalent of the pawn in Western chess	N1
不意	ふい	abrupt, unexpected; abruptness; suddenly, unexpectedly	N1
封	ふう	to seal, to close	N1
封鎖	ふうさ	a blockade; shutting up (a building etc.); blocking off; freezing funds; blockade; shut up (close a building etc. so that no one can enter); block off, cut off; freeze funds	N1
風習	ふうしゅう	custom (ordinary behaviour)	N1
風俗	ふうぞく	a custom; manners; mores; sexual services; the sex industry	N1
風土	ふうど	climate, natural features; the mental or emotional environment shaping culture	N1
不可欠	ふかけつ	indispensable, essential; indispensability, being essential	N1
深める	ふかめる	deepen	N1
不吉	ふきつ	inauspicious, ominous; bad luck, inauspiciousness	N1
不況	ふきょう	economic recession; depression	N1
布巾	ふきん	wiping cloth	N1
福	ふく	good luck, good fortune; happiness; a blessing; wealthy; a placename; a surname; a female given name	N1
復旧	ふっきゅう	restoration; be restored, recover	N1
複合	ふくごう	combined, composition; to be combined, to be composed of	N1
福祉	ふくし	welfare, well-being	N1
覆面	ふくめん	mask (cover for the face); anonymous; to be masked, to wear a mask	N1
膨れる	ふくれる	to swell, to expand	N1
不景気	ふけいき	depressed (business climate); slow (business), languishing; gloomy; economic downturn, recession, depressed economy; slow business; gloom, cheerlessness	N1
老ける	ふける	更ける, 深ける: to get late, to get deep (for night, season, etc.); 老ける, 化ける: to age; to become old; indulge in, be absorbed in	N1
布告	ふこく	proclamation; proclaim	N1
富豪	ふごう	wealthy person	N1
負債	ふさい	debts	N1
相応しい	ふさわしい	appropriate, proper, suitable	N1
不在	ふざい	absence	N1
負傷	ふしょう	an injury; be injured	N1
不審	ふしん	suspicious, strange, dubious; being suspicious, being doubtful, being questionable, strangeness	N1
不振	ふしん	dull, slow, stagnant, depressed; dull, stagnation, lull	N1
不順	ふじゅん	irregularity, unseasonableness	N1
付属	ふぞく	attachment, belonging; be attached to, belong to	N1
負担	ふたん	A burden, charge, or responsibility.; To bear or assume a responsibility; to incur a cost.	N1
不調	ふちょう	in bad shape, in a bad condition; a slump, a bad condition; failure, breakdown	N1
復活	ふっかつ	revival; return to life; resurgence, comeback; to return to life; come back to life; be revived; make a comeback	N1
復興	ふっこう	reconstruction, restoration; reconstruct, restore	N1
沸騰	ふっとう	boiling; to boil	N1
仏	ふつ	a buddha (enlightened or awakened sentient being); a statue or image of any buddha; a departed soul, deceased; a term that a parent calls a child expressing parental affection, equivalent to “my dear”; Buddhism; performing a Buddhist memorial service; the Sakyamuni Buddha, Nepalese spiritual and philosophical teacher and founder of Buddhism: Siddhartha Gautama; any of the other buddhas named in Buddhist scriptures; short for 仏陀 (Butsuda, Budda): Buddha; Buddha; short for 仏教 (Bukkyō) Buddhism; short for 仏像 (butsuzō) Buddhist image; short for フランス (Furansu): France	N1
不当	ふとう	unjust; unfair; invalid; injustice, unfairness, invalidity	N1
不動産	ふどうさん	real estate	N1
赴任	ふにん	taking up a new post; to take up a new post	N1
腐敗	ふはい	decay, putrefaction; corruption, such as political corruption; to rot, to decompose; to become corrupt	N1
不評	ふひょう	unpopularity; bad reputation	N1
不便	ふびん	inconvenient; inconvenience	N1
不服	ふふく	dissatisfied; dissatisfaction	N1
普遍	ふへん	being universal, ubiquitous	N1
踏まえる	ふまえる	to be based on some factual data, aware of it, or in light of it; to stand firmly	N1
文	ふみ	writing, something written; a letter (written communication), an epistle; study, scholarship (especially of classical Chinese); a style of 家紋 (kamon, “family crest”)	N1
不明	ふめい	unknown; unclear; indistinct; uncertainty; ignorance	N1
扶養	ふよう	support of dependents such as family; support family, provide for, sustain	N1
振り	ふり	swing; false pretense; pretending; setup line before punch line; swings; shakes; counter for swords; blades; etc.	N1
振り出し	ふりだし	starting point in the board game of sugoroku; starting point	N1
不良	ふりょう	bad, poor; deficiency, inferiority; bad behavior or conduct; juvenile delinquent, hooligan, hoodlum	N1
浮力	ふりょく	buoyancy	N1
震わせる	ふるわせる	to (cause something to) tremble, shake, quake (from an emotion)	N1
付録	ふろく	appendix, supplement	N1
分	ふん	minutes (duration); a minute (unit of time); a minute (unit of angle); a unit of weight ¹⁄₁₀ of a 匁 (monme, “3.75g”)	N1
憤慨	ふんがい	resentment, indignation; to resent	N1
紛失	ふんしつ	loss of something; lose; be lost	N1
噴出	ふんしゅつ	spewing, gushing; eruption, explosion of anger etc.; spew, gush; erupt, explode in anger etc.	N1
紛争	ふんそう	conflict, trouble; to dispute	N1
ふんだん	ふんだん	plentiful	N1
奮闘	ふんとう	struggle; to struggle	N1
粉末	ふんまつ	powder	N1
部	ぶ	copies of a newspaper or magazine; division, divide, a part; section, bureau, department; division, bureau; school club; category	N1
部下	ぶか	subordinate (one who is subordinate)	N1
ぶかぶか	ぶかぶか	too loose (of clothing); swollen and soft (e.g. from becoming damp); describes the sound made by a wind instrument	N1
侮辱	ぶじょく	an insult; to insult; to treat with contempt	N1
武装	ぶそう	armaments; be armed	N1
斑	ぶち	spots, speckles, patches (particularly in the coat of an animal)	N1
物資	ぶっし	goods; supplies; resources	N1
物体	ぶったい	physical object; object; body	N1
物議	ぶつぎ	public buzz and discussion (especially of a controversy)	N1
打付ける	ぶつける	bump into; throw; run into, meet someone by accident; try someone with a difficult question; snap at someone, turn one's negativity on someone	N1
仏像	ぶつぞう	image of Buddha; Buddhist statue	N1
無難	ぶなん	inoffensive; safe; free from trouble; faultless; tolerable; passable; inoffensiveness	N1
部門	ぶもん	division, group, branch	N1
ぶら下げる	ぶらさげる	hang, sling, suspend	N1
ぶらぶら	ぶらぶら	wandering; casually, aimlessly	N1
武力	ぶりょく	military force, armed might, the sword	N1
無礼	ぶれい	impolite, rude; impoliteness, rudeness	N1
文化財	ぶんかざい	cultural assets	N1
分業	ぶんぎょう	division of labor; to divide the labor	N1
文語	ぶんご	written language, literacy language; bungo, Classical Japanese	N1
分散	ぶんさん	dispersion; variance; liquidation of property or assets after bankruptcy; to disperse; to sell off property or assets after bankruptcy	N1
分子	ぶんし	element; numerator; molecule	N1
文書	ぶんしょ	a document, a written record; a letter, an epistle	N1
分担	ぶんたん	apportionment, allotment, division; to apportion, to allot, to divide, to share work, duties, responsibilities, etc.	N1
分配	ぶんぱい	distribution; allotment; allotting; to divide, to allot, to share	N1
分母	ぶんぼ	denominator (of a fraction)	N1
分離	ぶんり	separation; segregation; selectivity or sensitivity in a radio or similar device for certain frequencies; to separate; to segregate	N1
分裂	ぶんれつ	division, split, breakup; be divided; be split; break up	N1
兵器	へいき	a weapon; arms	N1
閉口	へいこう	shut mouth	N1
平行	へいこう	parallel; be parallel; alternative form of 並行; to be parallel	N1
閉鎖	へいさ	closure of a gate etc.; closing, closing down, lockout; to close an entrance; to close down a facility, company, etc.	N1
兵士	へいし	a soldier; a rank of a member of the Salvation Army	N1
平常	へいじょう	common, ordinary, usual; normal, not emergency; commonness, ordinariness, usuality; normality	N1
平方	へいほう	the second power of a number etc., square; a square area	N1
並列	へいれつ	parallel; juxtaposition	N1
辟易	へきえき	annoyance; to be annoyed, to shrink back; to be fed up with	N1
隔たる	へだたる	to be distant, apart; to differ greatly; to be estranged	N1
謙る	へりくだる	abase oneself while praising the listener	N1
経る	へる	pass, elapse, go through a period of time	N1
編	へん	compilation; a story arc	N1
偏	へん	the left-hand component of a kanji	N1
変革	へんかく	revolution, change, transformation; change, transform	N1
返還	へんかん	restoration, the return of something to its owner; return to its owner, restore	N1
偏見	へんけん	prejudice; prejudicial belief that one holds	N1
返済	へんさい	repayment; reimbursement; return of a loan; to repay; to reimburse; to return (something loaned)	N1
変遷	へんせん	transition, changes, vicissitudes; to change, to undergo a change	N1
返答	へんとう	answer	N1
変動	へんどう	change, fluctuation; change, fluctuate	N1
弁解	べんかい	excuse; explanation; justification; to make an excuse; to provide an explanation; to justify	N1
便宜	べんぎ	convenience, advantage; facilities	N1
弁護	べんご	advocacy, defense; advocate, plead	N1
弁償	べんしょう	compensation; reparation; to compensate; to pay reparations	N1
弁論	べんろん	discussion; debate; argument; to discuss; debate; argue	N1
ぺこぺこ	ぺこぺこ	expressing the sound of thin metal as it dents and collapses: \"plinkingly, tinkingly\"; expressing the idea of one's stomach collapsing inwards: \"extremely hungrily\"; humbly (see へこへこ); extremely hungry	N1
穂	ほ	ear of grain; tip of a brush	N1
保育	ほいく	nursing, childcare for infants; take care of an infant, nurse an infant	N1
倣	ほう	emulate; imitate	N1
法案	ほうあん	bill, a draft of a law	N1
崩壊	ほうかい	decay, deterioration, disintegration; collapse; to collapse; to decay, to deteriorate, to disintegrate	N1
法学	ほうがく	study of laws, jurisprudence	N1
放棄	ほうき	abandonment, giving up; abandonment, renunciation; to abandon, to give up; to abandon, to renounce, to relinquish	N1
宝器	ほうき	箒, 帚: broom; 芳気; 芳紀; 邦畿; 宝器; 放棄, 抛棄: abandonment, giving up; renunciation; 法規: the law; 法喜; 法器; 蜂起: rebellion, uprising, revolt; 伯耆: Hōki Province, an old province of Japan; 宝亀; 放棄, 抛棄: abandon, give up; renounce; 蜂起: rebel, rise up, revolt	N1
封建	ほうけん	feudalism	N1
豊作	ほうさく	plentiful harvest, bumper crop	N1
方策	ほうさく	policy; plan, scheme; method, means, measures	N1
奉仕	ほうし	attendance, service to one's country or community; offering goods at a discount; serve one's nation or community; offer goods at a discount	N1
方式	ほうしき	method; system	N1
放射	ほうしゃ	radiation; emission; to emit; to radiate	N1
放射能	ほうしゃのう	radioactivity	N1
報酬	ほうしゅう	remuneration, reward, recompense; toll	N1
放出	ほうしゅつ	release, emission; to release, to emit, to let out, to vent, discharge, to give out	N1
報じる	ほうじる	to repay; to report, to inform	N1
報ずる	ほうずる	to inform; to report	N1
放置	ほうち	leaving as-is, a neglect; to neglect, to leave alone; to abandon	N1
法廷	ほうてい	A court; a court of law.; The bench of a court.	N1
報道	ほうどう	news report, news, coverage, reportage; cover in the news, report in the news	N1
褒美	ほうび	reward as a form of praise, such as from a parent to a child	N1
葬る	ほうむる	to bury, to entomb; to consign to oblivion, to make a thing forgotten, to bury (a past etc.)	N1
放り込む	ほうりこむ	throw into	N1
放り出す	ほうりだす	to throw out	N1
飽和	ほうわ	saturation; be saturated	N1
保温	ほおん	retaining warmth; heat insulation; to keep heat (in)	N1
捕獲	ほかく	capture; to capture, to seize	N1
保管	ほかん	safekeeping, storage; custody; keep, maintain, store; have custody, have charge	N1
補給	ほきゅう	supplying, replenishment; supply, replenish	N1
補強	ほきょう	supplement, reinforcement, strengthening; supplement, reinforce	N1
保険	ほけん	insurance; fail-safe	N1
捕鯨	ほげい	whaling; Kankichi Ryotsu, and Shingo Katori who played him (from live-action TV series of KochiKame)	N1
誇る	ほこる	to pride oneself on; to be proud of; to boast (to have)	N1
綻びる	ほころびる	rip at the seams, come unsewn; start to bloom, for a bud to open; smile	N1
保護	ほご	protection; safeguard; to shield (to protect, to defend)	N1
乾	ほし	northwest; dehydrate; arid; drought; imbibe; paradise; the emperor; a surname; dry; the sky; the first of the eight trigrams of the I Ching ☰; the first of the sixty-four hexagrams of the I Ching ䷀	N1
干し物	ほしもの	dry goods, particularly dried foodstuffs; one's drying: laundry or other textiles, such as dying, set out in the sun to dry	N1
保守	ほしゅ	maintenance; conservation; political conservatism; maintain	N1
保障	ほしょう	guarantee; warranty; guarantee, endorse, assure	N1
補償	ほしょう	compensation; compensate	N1
補充	ほじゅう	supplementation; a refill, replacement, replenishment; supplement; replace, refill, replenish	N1
補助	ほじょ	help, aid; assistance; to help, to aid, to assist	N1
舗装	ほそう	pavement; pave	N1
補足	ほそく	supplement	N1
発作	ほっさ	paroxysmal attack; epileptic seizure; a fit of coughing; to have such a fit	N1
ほっと	ほっと	relaxing	N1
頬っぺた	ほっぺた	cheek	N1
辺り	ほとり	area; surroundings	N1
殆ど	ほとんど	almost, nearly, mostly (everyone, everywhere, everything, etc.); few, hardly (any); very nearly, close to, all but; the most of something, the majority or greater part of something	N1
解く	ほどく	to untie; to unravel; to undo (a fastening); unwrap; to dispel (doubts); to clear up (a matter)	N1
施す	ほどこす	to donate, to give; to do, to perform (a surgical operation), to administer (medical treatment); to apply (treatment to a material)	N1
保母	ほぼ	(female) nurse (a woman who takes care of other people’s young)	N1
保養	ほよう	comfort, nurture, recuperation, rest; recreation; recuperate; to rest, to relax	N1
捕吏	ほり	堀, 濠, 壕: ditch, canal; moat; 彫り: engraving; 捕吏; 堀, 保里: a surname; Japanese pronunciation of the Taiwanese town 埔里 (Pǔlǐ)	N1
捕虜	ほりょ	a prisoner of war	N1
滅びる	ほろびる	to die, to fall, to collapse, to perish; to die out; to become extinct	N1
滅ぼす	ほろぼす	to ruin, to destroy	N1
本格	ほんかく	basic rules; fundamental tenets	N1
本館	ほんかん	main building; this building	N1
本気	ほんき	serious; seriousness	N1
本質	ほんしつ	essence, nature (intrinsic quality)	N1
本体	ほんたい	this machine; main body, main unit; noumenon	N1
本音	ほんね	words stemming from one's true feelings	N1
本の	ほんの	little, slightly, mere, only	N1
本能	ほんのう	an instinct	N1
本場	ほんば	center; birthplace	N1
本文	ほんぶん	text, body of a book, document, etc.	N1
本名	ほんみょう	real name	N1
卯	ぼう	the Rabbit, the fourth of the twelve Earthly Branches	N1
防衛	ぼうえい	defense, self-defense; protection; to defend	N1
防火	ぼうか	fire prevention, fireproof, fire fighting	N1
妨害	ぼうがい	obstructing someone or something; obstruction, interference; obstruct, disturb, stand in the way	N1
紡績	ぼうせき	textile spinning; to spin	N1
呆然	ぼうぜん	dumbfounded; in amazement, dumbfoundedly	N1
膨脹	ぼうちょう	膨張: swelling; distension; expansion; inflation; 茅蜩: evening cicada; 膨張: to swell; to distend; to expand; to inflate	N1
冒頭	ぼうとう	the lead-in, the head, the introductory portion, the beginning of a text; the beginning (more generally); to lead into a text, to make introductory remarks	N1
暴動	ぼうどう	riot	N1
暴風	ぼうふう	windstorm, stormy wind, storm, gale	N1
暴力	ぼうりょく	violence (especially criminal), force	N1
募金	ぼきん	fundraising, collection of donation; money donation; to fundraise, to collect donation; to donate	N1
牧師	ぼくし	clergyman, pastor, minister, etc.	N1
母校	ぼこう	alma mater	N1
没収	ぼっしゅう	confiscation, seizure, forfeiture; confiscate, seize	N1
坊ちゃん	ぼっちゃん	son (of others)	N1
ぼつぼつ	ぼつぼつ	soon, especially used in conversation to suggest leaving soon; gradually; here and there; spots, pimples, a rash; 勃々: spirited; 勃々: energetically	N1
没落	ぼつらく	downfall, collapse; to become bankrupt; to fall, go to ruin	N1
ぼやく	ぼやく	to grumble, complain	N1
ぼやける	ぼやける	to become blurry or dim	N1
枚	まい	counter for flat and thin objects, such as sheets	N1
埋蔵	まいぞう	deposit; natural resources buried underground; to bury; to hide by burying	N1
舞う	まう	to dance; to twirl; to rotate or spin; to keep moving; to move continuously	N1
真上	まうえ	the area directly above	N1
前売り	まえうり	advance sale (of tickets); to sell a ticket or tickets in advance	N1
前置き	まえおき	preface; introduction; to preface	N1
前もって	まえもって	in advance, beforehand, previously	N1
任す	まかす	entrust; Classical Japanese form of 任せる (makaseru)	N1
負かす	まかす	to defeat (someone); to win against (someone)	N1
賄う	まかなう	to provide meals; to cover expenses	N1
曲がる	まがる	to bend, to curve, to warp, to wind, to twist; to turn; to be awry, to be askew, to be crooked	N1
巻	まき	scroll; book; reel of books; book; scroll; volume; chapter; volume of a book; reel of a film	N1
紛らわしい	まぎらわしい	mistakable, misleading, confusing; ambiguous	N1
紛れる	まぎれる	to disappear into; to be lost in; to slip into; to get mixed in among; to do something under the cover of (confusion, etc.); to be almost indistinguishable; to be confusingly similar; to be diverted from (negative emotions, etc.); to forget about; to be distracted by; to be too absorbed in	N1
膜	まく	membrane; film	N1
捲る	まくる	roll up (one's sleeves), tuck up; do something energetically, relentlessly	N1
真心	まこころ	sincerity, devotion	N1
誠	まこと	sincerity	N1
真に	まことに	truly, really	N1
間誤付く	まごつく	be baffled, be perplexed, be at a loss	N1
正しく	まさしく	certainly, surely, undoubtedly, evidently, really, truly; just, precisely, exactly	N1
正に	まさに	正に: (chiefly literary) truly; indeed; without doubt; 将に: (chiefly literary) will; going to; soon; in the near future; 方に: (chiefly literary) just; just when; at the time when; just now; now	N1
勝る	まさる	be superior to; excel; surpass; rival	N1
増し	まし	increase, extra; better, less objectionable, preferable	N1
真下	ました	the area directly below; right under	N1
況して	まして	still more, still less, let alone, to say nothing of	N1
交える	まじえる	mix, bring into; cross; exchange (words, fire)	N1
交わる	まじわる	to cross; to intersect; to associate with; to have sexual intercourse with	N1
麻酔	ますい	anesthesia	N1
益々	ますます	even more	N1
股	また	crotch, the space between the thighs; fork in a tree, river, and so on	N1
跨がる	またがる	straddle; extend into	N1
跨ぐ	またぐ	to step over, to cross; to span, to bridge	N1
瞬き	またたき	a wink; twinkling (e.g. of stars); a flicker (e.g. of light); stem or continuative form of 瞬く (matataku); stem or continuative form of 瞬く (mabataku)	N1
待ち合わせ	まちあわせ	appointment; arrangement for a meeting	N1
間違う	まちがう	to be wrong; to be incorrect; to make a mistake; to err; to confuse, to mistake something for something else	N1
待ち遠しい	まちどおしい	anxiously awaited	N1
待ち望む	まちのぞむ	eagerly await	N1
区々	まちまち	different from one another; differing from one to another	N1
末期	まっき	final period; terminal period; last stage.; terminal; approaching death.	N1
真っ二つ	まっぷたつ	into exactly two equal parts	N1
的	まと	a target, a mark, a bullseye; an objective, an object (of doing something)	N1
纏まり	まとまり	unity, coherence; settlement	N1
纏め	まとめ	collection (of information); summary; aggregation; imperfective and stem (or continuative) forms of まとめる (matomeru)	N1
免れる	まぬかれる	to escape; to evade	N1
招き	まねき	invitation	N1
麻痺	まひ	paralysis; to be paralyzed	N1
眩しい	まぶしい	dazzling, glaring, bright	N1
目蓋	まぶた	eyelid	N1
間々	まま	as it is; remaining in a certain state; while still; Expressing the intention of explaining a reason; because	N1
間もなく	まもなく	soon, before long, in a short time	N1
眉	まゆ	eyebrow	N1
鞠	まり	ball	N1
丸ごと	まるごと	entirely, wholly, completely, all of something (with an emphasis on leaving nothing out)	N1
丸っきり	まるっきり	completely, perfectly, just as if	N1
丸で	まるで	entirely, quite; completely; just like, so to speak, as though, as if	N1
丸々	まるまる	entirely, completely, wholly; plump, rotund, chubby; to be plump, rotund, chubby; symbol used as a placeholder	N1
丸める	まるめる	roll up, make into a ball; cajole, talk into	N1
満月	まんげつ	full moon	N1
満場	まんじょう	the whole audience; the entire crowd	N1
真ん前	まんまえ	right in front	N1
真ん丸い	まんまるい	perfectly round	N1
三	み	three; three, 3; third	N1
見合い	みあい	miai, formal marriage interview, marriage meeting; Same as above.	N1
見合わせる	みあわせる	to cancel in light of circumstances	N1
見落とす	みおとす	to overlook; to fail to notice	N1
未開	みかい	undeveloped; primitive; unexplored; being undeveloped; primitive; being unexplored	N1
味覚	みかく	sense of taste	N1
見掛ける	みかける	to come across, to notice, to happen to see	N1
三日月	みかづき	a crescent moon on the third day of a lunar month, especially on the eighth lunar month; short for 三日月形 (mikazuki-gata): a crescent moon in general; synonym of 小爪 (kozume): a claw in the shape of a crescent moon; a type of mask used in Noh; a placename; a surname; a male given name	N1
見方	みかた	aspect, viewpoint, opinion	N1
見苦しい	みぐるしい	ugly, hard to look at	N1
見込み	みこみ	chance, expectation, fear, hope, probability	N1
未婚	みこん	being unmarried and never having been married before	N1
惨め	みじめ	miserable, pitiful	N1
未熟	みじゅく	immature; unripe, green	N1
微塵	みじん	small piece, particle, fragment; small amount	N1
見すぼらしい	みすぼらしい	shabby, seedy	N1
見せびらかす	みせびらかす	show off	N1
見せ物	みせもの	act; show; spectacle; curiosity	N1
満たす	みたす	fill up; satisfy, meet (a requirement)	N1
乱す	みだす	to disturb; to lose presence of mind	N1
乱れる	みだれる	to be confused, to be disordered	N1
未知	みち	unknown	N1
導く	みちびく	to guide, to conduct	N1
身近	みぢか	near; familiar; nearness; familiarity	N1
密集	みっしゅう	crowd, cluster, swarm; to crowd together; to cluster closely	N1
密接	みっせつ	being physically close together; being closely related; deep, close (relationship)	N1
見っともない	みっともない	disgraceful, shameful, indecent; shabby, unsightly	N1
蜜	みつ	honey; nectar; molasses, treacle, syrup; short for 蜜砂糖 (mitsuzatō): brown sugar	N1
密度	みつど	density	N1
見積り	みつもり	alternative form of 見積もり	N1
未定	みてい	being pending, to be determined, undecided	N1
見通し	みとおし	view, outlook (wide visible area); prospect, forecast; insight; stem or continuative form of 見通す (mitōsu)	N1
源	みなもと	a fountainhead (source of a river); a source, origin; a surname, especially those who are descendants of Emperor Saga	N1
身なり	みなり	身形, 身なり: outfit, attire	N1
峰	みね	peak, ridge; top or summit of something; back of a blade; A place name; a female given name; a surname	N1
見逃す	みのがす	to fail to see; to overlook by accident (mistakes, etc.); to overlook on purpose; to let go (misdeeds, etc.); to forgive; to miss the opportunity to see (a television program, etc.)	N1
見晴らし	みはらし	view, vista	N1
身振り	みぶり	gesture, gesticulation	N1
見舞	みまい	enquiry, expression of sympathy, expression of concern	N1
脈	みゃく	pulse; chain of mountains; blood vessels; hope	N1
未練	みれん	unwilling to give up or leave; reluctance to abandon or depart from something; lingering	N1
見渡す	みわたす	to look off into the distance; to look at something as a whole; to contemplate; to behold	N1
民主	みんしゅ	democracy	N1
民宿	みんしゅく	a private home with lodging for travelers, similar to a bed and breakfast	N1
民族	みんぞく	people, race, ethnic group - people that have a common culture, common customs, etc.	N1
民俗	みんぞく	folklore; folkway; folk custom	N1
六	む	six	N1
無意味	むいみ	meaningless; nonsense; meaninglessness	N1
向き	むき	stem or continuative form of 向く (muku); direction, aspect, exposure, facet; target; aptitude, fitness, suitability; tendency, inclination, bent	N1
無口	むくち	reticent; reticence	N1
向け	むけ	for (directed at, intended to belong to); imperfective and stem (or continuative) forms of 向ける (mukeru)	N1
婿	むこ	a husband who has entered his wife's house:; a son-in-law; a groom, bridegroom (man who is about to get married)	N1
無効	むこう	ineffective, invalid; invalidity, no effect	N1
無言	むごん	silence	N1
毟る	むしる	pluck (feathers), pick, tear off	N1
無邪気	むじゃき	innocent; innocence	N1
結び	むすび	a tie, a knot, a bow; a knot bow on the back obi; 掬び: a scoop of water in both hands; a tie or bind between two people; a grilled rice ball; a rice ball compressed in both hands; a conclusion, an end of a story, a tying up, a tying up of loose ends; a union; a join	N1
結び付き	むすびつき	connection, relation, alliance	N1
結び付く	むすびつく	be joined together; be related, be tied to, correspond to	N1
結び付ける	むすびつける	to tie to; to tie together; to fasten; to relate to; to connect with; to bring together	N1
無線	むせん	wireless	N1
無駄遣い	むだづかい	wasting one's time or money, wasteful spending; to waste money	N1
無断	むだん	without permission; without notice	N1
無知	むち	ignorant; ignorance	N1
無茶	むちゃ	absurd, nonsensical, unreasonable; excessive, extreme, exorbitant; rash, reckless; absurdity, nonsense, unreasonableness; excessiveness, extremeness, exorbitance; rashness, recklessness	N1
無茶苦茶	むちゃくちゃ	alternative form of むちゃ	N1
空しい	むなしい	empty, hollow, void; groundless, baseless, false; uncertain, unreliable, vain, futile; dead, lifeless; unthinking (about someone), unattached (to someone)	N1
無念	むねん	regret	N1
無能	むのう	incompetent, untalented; incompetence; a good-for-nothing	N1
無闇に	むやみに	unreasonably, absurdly, recklessly, indiscreetly, at random	N1
無用	むよう	useless; unnecessary; needless; forbidden, no (...ing); uselessness; needlessness; forbiddenness; being forbidden	N1
群がる	むらがる	cluster; crowd around; flock, gather, herd	N1
無論	むろん	no doubt, naturally, of course, it goes without saying; something that is clearly the case	N1
名産	めいさん	noted product; famous product; specialty	N1
名称	めいしょう	name (for an object)	N1
命中	めいちゅう	a direct hit, bull's eye; to make a direct hit	N1
名簿	めいぼ	list of names, register, roll	N1
名誉	めいよ	famous; honorable; honorary; fame; honor, prestige; being honorable	N1
明瞭	めいりょう	clear, apparent; clarity, apparency	N1
明朗	めいろう	cheerful, bright; fair, aboveboard; cheerfulness; fairness	N1
目方	めかた	weight	N1
恵み	めぐみ	blessing; a female given name	N1
恵む	めぐむ	to bless; to show mercy to	N1
目覚しい	めざましい	brilliant, splendid, striking, remarkable	N1
目覚める	めざめる	to awaken	N1
召す	めす	call, summon; eat; wear; take a bath; catch a cold; commit seppuku; amuse someone, tickle someone's fancy	N1
雌	めす	a female (plant or animal); a female person; bitch; an internal socket	N1
滅茶苦茶	めちゃくちゃ	absurd, unreasonable, illogical; incoherent, disorderly, messy; reckless, excessive; ruined, destroyed; very, really	N1
目付き	めつき	gaze; look	N1
滅亡	めつぼう	death, collapse; extinction; to die, to perish; to die out, to become extinct	N1
愛でたい	めでたい	auspicious (auguring favourable circumstances and good luck)	N1
目眩	めまい	dizziness; to feel dizzy	N1
目盛	めもり	scale, gradations	N1
面会	めんかい	face-to-face meeting; meet face-to-face	N1
免除	めんじょ	exemption; exempt	N1
面する	めんする	face, look out on; confront	N1
面目	めんぼく	one's honor; appearance	N1
設ける	もうける	set up a business, system, institution, committee, account, etc.	N1
申し入れる	もうしいれる	offer, propose	N1
申し込み	もうしこみ	application (a verbal or written request)	N1
申出	もうしで	proposal, request, claim, report, notice	N1
申し出る	もうしでる	offer, propose; apply, ask; notify	N1
申し分	もうしぶん	a complaint; something lacking, a shortcoming, a point worthy of criticism	N1
盲点	もうてん	blind spot (place where the optic nerve attaches to the retina); something overlooked, a point not noticed	N1
猛烈	もうれつ	extreme, strong, driving (rain), blistering (heat or attack), ardent, furious; being extreme, being strong, impetuosity	N1
藻掻く	もがく	alternative form of もがく	N1
目録	もくろく	catalog, list	N1
目論見	もくろみ	plan, project; scheme	N1
模型	もけい	a model	N1
模索	もさく	groping; to grope, to fumble for	N1
若し	もし	若し: if; supposing; 若し: perhaps; 若し: or maybe; Used to attract the attention of someone.	N1
若しかしたら	もしかしたら	perhaps, maybe, possibly	N1
若しかして	もしかして	could it be that	N1
若しかすると	もしかすると	if that is the case, then ...	N1
若しくは	もしくは	or	N1
若しも	もしも	even if	N1
齎らす	もたらす	alternative form of 齎す	N1
凭れる	もたれる	to lean on, to lean against; to be indigestive (see also 胃もたれ)	N1
持ち	もち	holding, possession; wear, durability; stem or continuative form of 持つ (motsu)	N1
持ち切り	もちきり	hot topic; a topic throughout a period	N1
物体ない	もったいない	too good, more than one deserves, wasteful, sacrilegious, unworthy of	N1
以て	もって	with; by; conjunctive form of 持つ (motsu)	N1
専ら	もっぱら	wholly, entirely; mainly, chiefly	N1
持て成す	もてなす	to receive (a visitor); to treat; to welcome	N1
持てる	もてる	to be popular, to be well-liked by people (e.g. to be popular among women); potential form of 持つ (motsu) [godan]: to be able to have or hold; to withstand, to endure	N1
基	もとい	foundation; reason; a male given name; a surname	N1
物置き	ものおき	alternative form of 物置	N1
物好き	ものずき	having abnormal hobbies; delicate, meticulous; curious; hobby	N1
物足りない	ものたりない	unsatisfactory; discontent; not adequate (in one's subjective feeling); leaving one wanting more	N1
最早	もはや	now; already; (with negative verbs) no longer	N1
模範	もはん	model	N1
模倣	もほう	imitation, copying; to imitate, to copy	N1
揉める	もめる	disagree, bicker; worry, fret	N1
腿	もも	a thigh; knees	N1
催す	もよおす	hold (a meeting), throw (a celebration), give (a party); to arouse; to stimulate emotions	N1
漏らす	もらす	reveal, let leak; omit, leave out	N1
盛り上がる	もりあがる	to bulge; to swell; to rise up; to increase in spirits, vigor, and emotion; to become roused and excited; to get psyched; to get pumped; to get fired up	N1
漏る	もる	synonym of 漏れる (moreru)	N1
漏れる	もれる	to leak (such as a liquid, or information); to be omitted; to beautify	N1
脆い	もろい	fragile, vulnerable, weak; easily emotionally moved	N1
諸に	もろに	completely, all the way	N1
問	もん	counter for questions, problems	N1
矢	や	an arrow; a wedge used to break hard objects such as wood or stone; a 家紋 (kamon, “family crest”) with various designs of arrows; a place name	N1
哉	かな	expression of exclamation or excitement	N1
喧しい	やかましい	noisy	N1
野外	やがい	the open air, being outdoors; field(s); outskirts	N1
軈て	やがて	eventually, finally, in the end; not before long, soon; almost, nearly (usually with time phrases); as it is, unchanging; immediately; exactly	N1
夜行	やぎょう	clipping of 百鬼夜行 (hyakki yagyō)	N1
役職	やくしょく	official position, post; executive position	N1
役立つ	やくだつ	benefit (be or provide a benefit to)	N1
役場	やくば	government office, public office	N1
夜具	やぐ	bedding	N1
優	やさ	a person with lithe movements; kind (adj.), favor; good, excellent, surpass, superior; the best possible grade on school results; rich, wealthy; a sufficient amount for a certain thing; tenderness, gentleness; actor; enough, amply; easily, skillfully; A (letter grade); excellence; gentleness; a female given name; a male given name	N1
屋敷	やしき	estate, grounds, mansion, residence	N1
養う	やしなう	rear, maintain; cultivate	N1
社	やしろ	short for 会社 (kaisha): company, co.; aboriginal settlement	N1
野心	やしん	ambition	N1
易い	やすい	easy to do, easy; easy to (verb); happens easily, tends to (verb)	N1
安っぽい	やすっぽい	cheap	N1
休める	やすめる	give something a rest; stop doing something; take a rest; lay soil fallow	N1
野生	やせい	being or growing wild; be or grow wild	N1
矢鱈	やたら	random; randomly, rashly, thoughtlessly, absurdly, indiscriminately	N1
夜中	やちゅう	nighttime, the night, the period of time during the night	N1
奴	やっこ	a thing, an object; (derogatory, familiar) a person	N1
やっ付ける	やっつける	to criticise; to beat up; to attack; to let someone have it; to defeat; to kill	N1
矢っ張り	やっぱり	alternative form of やはり (yahari)	N1
野党	やとう	opposition (political party against the ruling party)	N1
病	やまい	have a disease; disease; being stiff and not able to move; difficult; suffer; make one suffer; disease, illness; a bad habit	N1
闇	やみ	the dark, darkness	N1
病む	やむ	to fall ill; to be diseased; to be sick (with); to worry; to fret; to be injured	N1
止むを得ない	やむをえない	have no choice but to; it can't be helped; it's inevitable	N1
稍	やや	slightly; Interjection of surprise.; baby	N1
ややこしい	ややこしい	complicated, complex, intricate	N1
遣り通す	やりとおす	to do through; to do (something) completely without giving up midway	N1
やり遂げる	やりとげる	alternative form of 遣り遂げる	N1
和らげる	やわらげる	to soften; to relieve; to ease; to appease; to pacify	N1
優位	ゆうい	superior; superiority	N1
憂鬱	ゆううつ	depressed, gloomy, melancholic; thick, dense; depression, dejection, gloom, melancholy	N1
有益	ゆうえき	helpful, beneficial, constructive, useful; helpfulness, usefulness	N1
優越	ゆうえつ	superiority; be superior to; surpass	N1
勇敢	ゆうかん	brave, courageous; bravery, courage	N1
有機	ゆうき	the state or quality of being organic	N1
夕暮れ	ゆうぐれ	dusk, evening twilight, evening when the sun goes down	N1
融資	ゆうし	financing, loan	N1
有する	ゆうする	have, possess	N1
融通	ゆうずう	lending (money), accommodation, adaptability, versatility, finance	N1
優勢	ゆうせい	superior; predominant; superiority; predominance	N1
優先	ゆうせん	priority; take priority	N1
誘導	ゆうどう	guidance; leading; induction; guide, lead, coax; induce	N1
優美	ゆうび	graceful, refined, elegant; grace, refinement, elegance	N1
有望	ゆうぼう	promising, bright; promise, potential	N1
遊牧	ゆうぼく	nomadism	N1
夕焼け	ゆうやけ	afterglow, evening glow, sunset	N1
有力	ゆうりょく	powerful; likely	N1
幽霊	ゆうれい	a ghost, a phantom	N1
誘惑	ゆうわく	temptation, seduction, snare; to tempt, to entice, to seduce	N1
揺さぶる	ゆさぶる	to (make something) shake; to cause a stir, to cause an upset	N1
茹でる	ゆでる	to boil	N1
ゆとり	ゆとり	margin, leeway, elbow room; person educated with ゆとり教(きょう)育(いく) (yutori kyōiku, “relaxed education”)	N1
指差す	ゆびさす	point (at, to)	N1
弓	ゆみ	a bow:; a bow for shooting arrows; a bow for playing a stringed instrument such as a violin or cello; archery; a type of kagura (sacred Shinto song and dance) intended to drive away evil; short for 破(は)魔(ま)弓(ゆみ) (hama yumi): a ceremonial archery bow with the power to dispel evil; a bow shape, a curve; a bow-shaped tool used to beat ginned cotton into a softer and finer textile	N1
揺らぐ	ゆらぐ	to waver, to sway back and forth; to shake, to tremble; to feel shaken	N1
緩む	ゆるむ	slacken, become loose; become lax; soften; slow; thin; relax, let one's guard down	N1
緩める	ゆるめる	to loosen; to make (a knot, rope, etc) loose; to be off guard; to be inattentive; to make less strict; to make less harsh; to make the facial expression less serious/unfriendly; to slow down; to make less inclined/sloped	N1
緩やか	ゆるやか	gentle, mild, lenient, slack	N1
世	よ	world, society; this world, this life; generation, age, era; lifetime; lifespan; time of year, season; relationship between a man and a woman; period of a person leading as a patriarch	N1
好い	よい	good	N1
要因	よういん	primary factor	N1
溶液	ようえき	chemical solution	N1
用件	ようけん	things that need to be done; business; matter	N1
養護	ようご	nursing; conservation; to nurse; to provide with protection and care	N1
用紙	ようし	form (document to be filled)	N1
様式	ようしき	style, form	N1
要する	ようする	to require	N1
要請	ようせい	an official request (of something that has to be done); to request officially for something or to do something that has to be done	N1
養成	ようせい	training; to train	N1
様相	ようそう	aspect; phase	N1
用品	ようひん	article, utensil, supply	N1
洋風	ようふう	Western style	N1
用法	ようほう	usage	N1
要望	ようぼう	a request (of something the speaker wants to be done); request, ask (something the speaker wants to be done)	N1
余暇	よか	free time; leisure; spare time	N1
予感	よかん	prescience, premonition, hunch; foreboding; have a feeling, hunch, premonition; have a foreboding	N1
余興	よきょう	extra entertainment, sideshow	N1
預金	よきん	deposit (money placed in an account); bank account; to make a deposit of money (into a bank)	N1
抑圧	よくあつ	repression; to repress; to stifle	N1
浴室	よくしつ	bathroom (a room where baths or showers are taken)	N1
抑制	よくせい	suppression; control, suppress, inhibit, curb	N1
欲深い	よくふかい	greedy	N1
欲望	よくぼう	desire, lust, greed	N1
寄越す	よこす	to send; to hand over	N1
横綱	よこづな	yokozuna (the highest rank in sumo-wrestling or a person holding the title)	N1
葦	よし	縦し: so-so; even if; 良し, 善し, 好し, 吉し, 佳し, 宜し: all right! OK!; 由, 因, 縁: reason, significance; ヨシ, 葦, 蘆, 葭, 芦: alternative form of あし (ashi); 止し: quitting; 余子: any child who is not the direct heir; any other person, someone else; 余資, 余貲: extra capital, unused assets, remaining property; 余矢: in trigonometry, the coversine(the difference between one and the sine of an angle: 1 - sin(angle)); 喜, 義: a male given name; 愛: a female given name	N1
善し悪し	よしあし	right or wrong; good or bad; quality; suitability; having both merits and demerits; having both advantages and disadvantages	N1
予想	よそう	expectation; anticipation; a forecast; an estimate; conjecture, hypothesis; expect; anticipate; estimate	N1
余所見	よそみ	looking off; looking at something else; pretending to be looking at something else; an outside look; other people's perspective	N1
余地	よち	room, margin, space, vacant; leeway; room	N1
依って	よって	因って, 依って, 依て, 仍て: as a result; consequently; 因って, 依って: conjunctive form of よる (yoru)	N1
余程	よほど	very much, very many, a great deal of; greatly, exceptionally; about to finish	N1
余っ程	よっぽど	alternative form of 余程 (yohodo)	N1
与党	よとう	the ruling political party	N1
呼び止める	よびとめる	to call somebody to stop	N1
夜更かし	よふかし	staying up late	N1
夜更け	よふけ	late at night	N1
読み上げる	よみあげる	to read aloud; to finish reading	N1
寄り掛かる	よりかかる	to lean against; to lean upon; to depend on; to rely on	N1
弱まる	よわまる	to become weak; to weaken	N1
弱める	よわめる	to make weak; to weaken	N1
弱る	よわる	to weaken, to wilt, to wither; to be troubled; to be dejected, downcast; to be in a bind; to be at a loss, confused	N1
来場	らいじょう	attendance; to attend	N1
酪農	らくのう	dairy farm	N1
落下	らっか	falling, a fall; to fall	N1
楽観	らっかん	optimism; be optimistic, look on the bright side	N1
濫用	らんよう	abuse, misuse, misappropriation, using to excess	N1
理屈	りくつ	logic; reasoning	N1
利根	りこん	naturally intelligent; natural intelligence	N1
利子	りし	interest	N1
利潤	りじゅん	profit	N1
理性	りせい	reason; logic; rationality	N1
利息	りそく	interest	N1
立体	りったい	something that occupies three-dimensional space (is not two-dimensional); solid	N1
立法	りっぽう	legislation; to enact legislation	N1
利点	りてん	advantage, merit	N1
略語	りゃくご	abbreviation (shortened or contracted form of a word or phrase)	N1
略奪	りゃくだつ	a looting, plunder, robbery; loot, plunder, rob	N1
流	りゅう	the flow of water or something like water; art forms, methods, styles, and techniques peculiar to a person or house	N1
流通	りゅうつう	circulation (of money or information); distribution; circulate; distribute; be negotiable	N1
了	りょう	end; concluded	N1
料	りょう	fee, cost; material of something	N1
領域	りょういき	realm, territory, occupied area; field (area of expertise); domain	N1
了解	りょうかい	understanding, comprehension; consent, agreement; roger (over radio etc.), OK; understand, comprehend; agree, consent	N1
領海	りょうかい	territorial waters	N1
両極	りょうきょく	north and south poles; anode and cathode; both extremes	N1
良好	りょうこう	good, fine, satisfactory, excellent; a satisfactory condition	N1
良識	りょうしき	good sense	N1
良質	りょうしつ	high-quality; good quality	N1
了承	りょうしょう	acknowledgment, understanding; to acknowledge	N1
良心	りょうしん	conscience	N1
領地	りょうち	territory	N1
領土	りょうど	territory, realm, dominion	N1
両立	りょうりつ	coexistence; to be compatible with	N1
旅客	りょかく	traveller; passenger	N1
旅券	りょけん	passport	N1
履歴	りれき	history (record or narrative description of past events); a person's background, career, or personal history	N1
理論	りろん	theory	N1
輪	りん	wheels; flowers	N1
林業	りんぎょう	forestry	N1
類似	るいじ	similarity, resemblance, the fact of being an analogue; the fact of being similar; to resemble, to be alike, to be analogous	N1
類推	るいすい	analogy (a method of reasoning); infer by analogy	N1
冷酷	れいこく	cruel, severe; cruelty, severity	N1
冷蔵	れいぞう	refrigeration; to refrigerate	N1
冷淡	れいたん	cold-hearted, cold; indifferent; cold-heartedness; indifference	N1
恋愛	れんあい	love, especially romantic or erotic love; to fall in love	N1
連休	れんきゅう	consecutive days off, consecutive holidays	N1
連日	れんじつ	day after day, successive days	N1
連中	れんじゅう	those guys, a group, bunch of people	N1
連帯	れんたい	solidarity between people, as in economic solidarity; joint, as in joint liability or joint responsibility; have solidarity; be joined	N1
連邦	れんぽう	a federal state; a federation	N1
連盟	れんめい	federation, alliance, association, league	N1
老衰	ろうすい	senility; to become senile	N1
朗読	ろうどく	reading a text out loud for an audience; to read a text out loud for an audience	N1
浪費	ろうひ	waste, extravagance; to waste, to squander	N1
労力	ろうりょく	work, labors; labor, manpower, number of laborers	N1
碌な	ろくな	satisfactory, decent	N1
碌に	ろくに	well, enough, sufficient	N1
露骨	ろこつ	frank, open, blunt; lewd, obscene; openness, candor; indecency	N1
論議	ろんぎ	oral, calm discussion; discuss orally and calmly	N1
論理	ろんり	logic, reason	N1
和	わ	peace, harmony, tranquillity, serenity.; sum; ===Etymology 4======Etymology 5===; ===Etymology 4======Etymology 5=== Used as ateji in various names.; Used as ateji in various names.	N1
我がまま	わがまま	selfish, egocentric, autocratic; willful; selfishness, egocentrism; willfulness	N1
枠	わく	frame (such as a picture frame); box; border (of a box); timeslot; limit, restriction; 湧く, 涌く: water and so on to spring, gush, well up; 湧く, 涌く: to feel emotions form, such as bravery; 沸く: to boil; 沸く: (figuratively) to boom; 沸く: to be excited	N1
惑星	わくせい	planet; a dark horse	N1
技	わざ	technique, art, skill	N1
態と	わざと	on purpose, deliberately, intentionally	N1
態々	わざわざ	going out of one's way, going to all the trouble of, expressly	N1
煩わしい	わずらわしい	troublesome, annoying, irksome; complicated, messy	N1
渡り鳥	わたりどり	a bird of passage; a migratory bird	N1
詫び	わび	an apology	N1
和風	わふう	\"Japanese-style\": with central elements modeled on traditional Japanese culture (dress, instruments, etc.); light breeze	N1
和文	わぶん	Japanese text; sentence in Japanese	N1
藁	わら	straw	N1
割合に	わりあいに	comparatively	N1
割り当て	わりあて	assignment; allotment	N1
割り込む	わりこむ	cut off, break into (a line etc.), force one's way into; interrupt, intrude in a conversation	N1
割り算	わりざん	division	N1
割引き	わりびき	discount, reduction, rebate, tenths discounted	N1
悪者	わるもの	bad guy (villain)	N1
アクセル	あくせる	accelerator pedal, throttle (the lever or pedal that controls this valve); axel jump	N1
アップ	あっぷ	increase; ascent; updo; improvement; boost; clipping of アップロード (“upload”); clipping of クローズアップ (“close-up”); clipping of ウォーミングアップ (“warm-up”, literally “warming up”); clipping of クランクアップ (“finishing shooting of a movie”, literally “crank up”)	N1
アプローチ	あぷろーち	approach, coming closer; approach, manner in which a problem is solved; the path leading to the doorway of a house; an approach shot	N1
アマチュア	あまちゅあ	amateur	N1
アラブ	あらぶ	an Arab person; Arab countries; an Arabian horse, Arabian horses	N1
亜爾加里	あるかり	alkali	N1
アルミ	あるみ	clipping of アルミニウム	N1
アワー	あわー	hour	N1
アンケート	あんけーと	questionnaire; survey	N1
アンコール	あんこーる	encore! (please perform again); an encore (extra performance); Angkor (the ancient capital of the Khmer Empire, in northern Cambodia)	N1
イエス	いえす	yes (that is so); yes (I accept that); yes; Jesus	N1
インターチェンジ	いんたーちぇんじ	interchange which connects expressway and non-expressway road	N1
インターナショナル	いんたーなしょなる	international; being international; International; the Internationale	N1
インターフォン	いんたーふぉん	intercom	N1
インテリ	いんてり	intellectual; the intelligentsia	N1
インフォメーション	いんふぉめーしょん	information	N1
インフレ	いんふれ	clipping of インフレーション (infurēshon, “inflation (increase in prices)”)	N1
ウェートレス	うぇーとれす	rare form of ウェイトレス (weitoresu, “waitress”)	N1
エアメール	えあめーる	airmail	N1
エレガント	えれがんと	elegant	N1
エンジニア	えんじにあ	engineer, a person qualified or professionally engaged in engineering	N1
ＯＫ	おーけー	OK	N1
オートマチック	おーとまちっく	automatic; automatic transmission	N1
オープン	おーぷん	open; the opening of a business or shop	N1
オリエンテーション	おりえんてーしょん	orientation (events to orient new students at a school)	N1
オレンジ	おれんじ	an orange (Citrus sinensis); orange (color)	N1
オンライン	おんらいん	online	N1
カーペット	かーぺっと	carpet	N1
カクテル	かくてる	cocktail (alcoholic beverage)	N1
カット	かっと	a cut (a reduction in extent); haircut; shot; cut!	N1
カテゴリー	かてごりー	category	N1
カムバック	かむばっく	comeback; new release after a break, and the associated activity following it	N1
カメラマン	かめらまん	cameraman, camera operator	N1
カルテ	かるて	card (in a hospital), patient's chart	N1
カンニング	かんにんぐ	cheating (e.g. on a test)	N1
ガイド	がいど	guide	N1
ガイドブック	がいどぶっく	guidebook	N1
ガレージ	がれーじ	garage (storage)	N1
キャッチ	きゃっち	catch; abbreviation of キャッチコピー (kyacchikopī)	N1
キャリア	きゃりあ	a career; a carrier; carrier	N1
クイズ	くいず	quiz (competition)	N1
クラブ	くらぶ	倶楽部: a club (association of members); a group of people with a common purpose such as research or hobbies; a member organization for socializing, playing and sports; or meeting place for them; extracurricular activities at a school; bars and amusement facilities with a membership system, such as nightclub; clubs; a stick-shaped implement; golf club (implement used to hit a golf ball); juggling club; a crab	N1
クレーン	くれーん	crane (machinery)	N1
グラフ	ぐらふ	chart, graph	N1
グレー	ぐれー	grey; the color grey; being in between two distinct states or conditions, as in a figurative grey area; katakana spelling of English surname Grey or Gray	N1
ゲスト	げすと	guest (invited visitor)	N1
コーナー	こーなー	corner; An area set aside for some purpose; An area of interest or specialization; One of the corners of the strike zone; A corner of the goal; A corner kick; One of the corners of a boxing ring; A curve of the racing track; A small waste bin placed in the corner of a kitchen sink	N1
コマーシャル	こまーしゃる	commercial (advertisement played between TV programs)	N1
コミュニケーション	こみゅにけーしょん	communication: the conveying of information between two or more entities	N1
コメント	こめんと	comment	N1
コンタクト	こんたくと	contact with someone; short for コンタクトレンズ (“contact lens”); contacts	N1
コンテスト	こんてすと	contest	N1
コントラスト	こんとらすと	contrast	N1
コントロール	こんとろーる	control, management, regulation (of a process, condition, etc.); a controller (an electronic or mechanical device to control a device or system); an experimental control; a member of a control group; ball control (the ability to throw or otherwise use a ball precisely); security policy, data control measures	N1
コンパス	こんぱす	a compass or pair of compasses, as used in drafting to draw a circle or mark out distance; the length of one's stride; a mariner's compass, as used to find magnetic north	N1
サイクル	さいくる	cycle (frequency); cycle (a repetition); cycle (engine stroke); bicycle	N1
サイズ	さいず	size; scythe	N1
サボる	さぼる	to skip; to play hooky; to be truant; to slack off, shirk one's duties	N1
サンキュー	さんきゅー	thank you	N1
サンタクロース	さんたくろーす	Santa Claus (fictional figure)	N1
シート	しーと	a seat; a defender's position; a sheet, as of paper, cloth, plastic, or rock	N1
システム	しすてむ	system	N1
シック	しっく	chic	N1
シナリオ	しなりお	a screenplay, a television or movie script; a scenario	N1
ショー	しょー	show (live entertainment); show (broadcast program)	N1
ショック	しょっく	shock (sudden emotional disturbance); financial disturbance; shock (physical impact); shock (medical emergency)	N1
Ｇパン	じーぱん	jeans (lit: jeans pants), dungarees	N1
ジャズ	じゃず	jazz	N1
ジャンパー	じゃんぱー	blouson, flight jacket, windbreaker.; jumper, a removable connecting pin on an electronic circuit board.	N1
ジャンプ	じゃんぷ	a jump	N1
ジャンボ	じゃんぼ	jumbo	N1
ジャンル	じゃんる	genre	N1
スタジオ	すたじお	a studio	N1
スチーム	すちーむ	steam	N1
ストライキ	すとらいき	strike, a work stoppage; a student revolt, where students abandon their classes and examinations as a group	N1
ストレス	すとれす	stress (emotional pressure)	N1
ストロー	すとろー	drinking straw	N1
ストロボ	すとろぼ	stroboscope (lit: strobo), strobe lamp, stroboscopic lamp	N1
スピード	すぴーど	speed; a Speedo swimsuit	N1
スプリング	すぷりんぐ	Spring (season).; Spring (elastic coil).; clipping of スプリングコート (supuringu kōto)	N1
スペース	すぺーす	space, area, room; space (a piece of type used to separate words); an interglyph space (space between glyphs); outer space	N1
スポーツカー	すぽーつかー	sports car	N1
スラックス	すらっくす	a pair of slacks	N1
セール	せーる	a sale; a deal; a bargain	N1
セクション	せくしょん	section	N1
セックス	せっくす	sex, sexual intercourse	N1
セレモニー	せれもにー	ceremony	N1
センス	せんす	good sense for something like art, music, or tact, good taste in them, a feel for them	N1
ゼリー	ぜりー	jelly (dessert)	N1
ソース	そーす	sauce (liquid condiment); Worcestershire sauce; source; source code	N1
ソックス	そっくす	socks; sulfur oxide (SOₓ)	N1
ソロ	そろ	solo; solo home run	N1
タイトル	たいとる	a title (name of a book, etc); a title (publication); a title (recognition given to the winner of a championship in sports)	N1
タイピスト	たいぴすと	typist	N1
タイマー	たいまー	stopwatch; timer, a small clock that measures intervals of time; timer, a person who keeps time at races; timer, an electrical switch that goes on or off automatically after a set length of time; timer on a camera to delay the opening of the shutter	N1
タイミング	たいみんぐ	timing (time when something happens)	N1
タイム	たいむ	time; time out in a game or match; thyme, plants of genus Thymus	N1
タイムリー	たいむりー	clipping of タイムリーヒット (“an RBI hit”); timely, well-timed, opportune; timely, on-time	N1
タイヤ	たいや	pneumatic tire	N1
タイル	たいる	tile (building material); tile	N1
タレント	たれんと	marked ability or skill, talent; one with a talent; a television star; a TV actor, TV actress; a television or public personality, especially one not principally known for acting or other lively arts	N1
タワー	たわー	tower	N1
打	だーす	dozen	N1
ダウン	だうん	going down, fall, decrease; being down with a disease, being unable to work due to sickness; being knocked down in boxing; a machine being down, failing to work; down (feathers)	N1
ダブる	だぶる	to be doubled, be repeated; to overlap; to happen at the same time; to repeat a school year, school grade; to repeat a course; to miss the golfball and strike the green with one's club	N1
ダンプ	だんぷ	a dump, memory dump (the act of copying or outputting data from a system, or the data so handled); short for ダンプカー (“dump truck”)	N1
チームワーク	ちーむわーく	teamwork	N1
チェンジ	ちぇんじ	a change; a change of sides in a baseball game	N1
チャイム	ちゃいむ	chime	N1
チャンネル	ちゃんねる	channel (specific radio frequency or band of frequencies)	N1
ティッシュペーパー	てぃっしゅぺーぱー	tissue paper	N1
テレックス	てれっくす	telex	N1
データ	でーた	data (information)	N1
デコレーション	でこれーしょん	decoration; synonym of 飾り (“kazari”)	N1
デザート	でざーと	a dessert; short for デザートコース (dezāto kōsu)	N1
デザイン	でざいん	design	N1
デッサン	でっさん	a sketch, a line drawing, especially as a study or draft for a later work	N1
デモンストレーション	でもんすとれーしょん	demonstration	N1
トーン	とーん	tone	N1
トラブル	とらぶる	trouble	N1
トランジスター	とらんじすたー	alternative form of トランジスタ (toranjisuta, “transistor”)	N1
ドライ	どらい	dry	N1
ドライクリーニング	どらいくりーにんぐ	dry cleaning (process of cleaning without water)	N1
ドライバー	どらいばー	driver, a person who drives a vehicle; driver, a program acting as interface between an application and hardware; screwdriver	N1
ドライブイン	どらいぶいん	drive-in	N1
ドリル	どりる	a drill (tool); a drill (activity done as an exercise or practice); a workbook (exercise book); a drill (Old World monkey); curled long hair	N1
ナイター	ないたー	a night game (of e.g. baseball)	N1
ナプキン	なぷきん	a napkin (serviette); sanitary napkin	N1
ナンセンス	なんせんす	nonsense	N1
ニュー	にゅー	the state of being new; nu (name for the letter of the Greek alphabet: Ν and ν)	N1
ニュアンス	にゅあんす	connotation	N1
ネガ	ねが	short for ネガティブ: a film negative; short for ネガティブ	N1
ノイローゼ	のいろーぜ	neurosis (mental disorder)	N1
ハンガー	はんがー	a coat hanger; a hangar	N1
バー	ばー	a bar (a court, or a place where alcoholic beverages are sold)	N1
バッジ	ばっじ	badge (distinctive mark)	N1
バット	ばっと	a bat; synonym of ラケット (raketto, “paddle”); synonym of 蝙蝠 (kōmori, “bat”) (small flying mammal); pan; tray (rectangular cookware)	N1
パジャマ	ぱじゃま	pajamas (clothes for wearing to bed and sleeping in)	N1
パチンコ	ぱちんこ	a form of vertical pinball used for gambling, sometimes found in arcades; a slingshot, stonebow; a pistol	N1
パトカー	ぱとかー	clipping of パトロールカー (patorōru kā, “patrol car”)	N1
パンク	ぱんく	puncture, especially in a tire; punk subculture; punk rock	N1
ヒント	ひんと	hint, clue	N1
ビールス	びーるす	alternative form of ウイルス (uirusu, “virus”)	N1
ビジネス	びじねす	business	N1
ファイト	ふぁいと	a competitive match, a fight, particularly a boxing match; fighting spirit in sports; fight!; called by a referee in professional boxing when the players do not have enough hits; go for it, take heart, don't give up	N1
ファイル	ふぁいる	file (collection of papers); file	N1
ファン	ふぁん	fan, an enthusiast (of a performer etc.); handheld fan	N1
フィルター	ふぃるたー	filter (device separating something from something else)	N1
フェリー	ふぇりー	a ferry (boat)	N1
フォーム	ふぉーむ	form; shape or structure; a blank document, a template; foam	N1
フロント	ふろんと	reception, front desk (e.g. at a hotel); front	N1
ブーツ	ぶーつ	boots	N1
ブーム	ぶーむ	boom (a surge in popularity or demand)	N1
ブザー	ぶざー	buzzer, especially a loud alarm in case one is attacked	N1
ブルー	ぶるー	blue (color); blue (sad, depressed)	N1
ベース	べーす	base (bottom, foundation); base (something on which something else rests); base; bass (low spectrum of sound); bass (musical instrument); BACE (beta-site APP cleaving enzyme)	N1
ベスト	べすと	best; one's best; vest	N1
ベストセラー	べすとせらー	bestseller	N1
ペア	ぺあ	a pair	N1
ホース	ほーす	hose (flexible tube)	N1
ホール	ほーる	a hall; an auditorium; short for ダンスホール (dancehall, “dansuhōru”); a hole; a hole, a cup; entirely, wholly	N1
ボイコット	ぼいこっと	boycott	N1
ボルト	ぼると	a bolt (metal fastener); volt (unit of measure)	N1
ポーズ	ぽーず	pose; pause	N1
ポイント	ぽいんと	point, especially a key point in an explanation; point (unit of scoring); points, switch, shunt; a point (unit of size)	N1
ポジション	ぽじしょん	position (location); position (status)	N1
ポット	ぽっと	pot (usually refers to teapot or coffeepot)	N1
ポンプ	ぽんぷ	pump (device for moving liquid or gas)	N1
マーク	まーく	mark, symbol, insignia; a trademark, service mark; short for マークアップ (mākuappu, “markup”); Mark (given name); Mach kernel	N1
マスコミ	ますこみ	mass communication; mass media	N1
マッサージ	まっさーじ	massage (rubbing, kneading, or hitting muscled part of a body)	N1
ミスプリント	みすぷりんと	misprint	N1
ミセス	みせす	Mrs.	N1
ミュージック	みゅーじっく	music; electronic signal jamming	N1
ムード	むーど	mood, atmosphere; mood	N1
メーカー	めーかー	maker, manufacturer	N1
メッセージ	めっせーじ	message; statement; speech	N1
メディア	めでぃあ	media (the journalists and other professionals who compose the mass communication industry)	N1
メロディー	めろでぃー	alternative form of メロディ (merodi)	N1
モーテル	もーてる	a motel	N1
モニター	もにたー	monitor	N1
ヤング	やんぐ	young people; youth, being young; Young	N1
ユニーク	ゆにーく	unique	N1
ユニフォーム	ゆにふぉーむ	synonym of 制服 (seifuku, “uniform”)	N1
ライス	らいす	rice, more specifically cooked rice (seeds used as food), and especially as part of a Western meal	N1
ラベル	らべる	alternative form of レーベル; a transliteration of the French surname Ravel	N1
ランプ	らんぷ	a lamp, especially a western-style oil lamp; a ramp (inclined surface); clipping of ランプウェー (ranpuwē, “rampway”); rump (a cut of meat from the rump of an animal)	N1
ルーズ	るーず	lax; short for ルーズソックス (rūzu sokkusu)	N1
ルール	るーる	rule; Ruhr; loure (dance)	N1
レース	れーす	lace (fabric); lathe; race (of people); race (competition)	N1
レギュラー	れぎゅらー	regular; regular player on a sports team	N1
レクリエーション	れくりえーしょん	recreation; recreational activities	N1
レッスン	れっすん	lesson	N1
レディー	れでぃー	alternative form of レディ (redi)	N1
レバー	ればー	liver (as food); lever; joystick	N1
レンジ	れんじ	a cooker, a range, an oven or the like; a range (area for practicing shooting); range (extent of excursion; reach; scope)	N1
レンタカー	れんたかー	a rental car, a hired car	N1
レントゲン	れんとげん	röntgen (unit of exposure to ionizing radiation); short for レントゲン線 (Rentogen-sen, “X-ray”)	N1
ロープ	ろーぷ	rope; rope bag	N1
ローマ字	ろーまじ	Latin alphabet; romaji (Japanese written in the standard 26-character latin script).	N1
ロマンチック	ろまんちっく	romantic	N1
ワット	わっと	watt; wat (kind of stew or curry eaten in Ethiopia and Eritrea)	N1
